:020000040000FA
:1000000088590020D53900009B530100C1390000F8
:10001000C1390000C1390000C1390000C1390000F8
:10002000000000000000000000000000453B000050
:10003000C139000000000000D93A0000C1390000B9
:10004000CD3C0000CD3C0000CD3C0000CD3C00008C
:10005000CD3C0000CD3C0000CD3C0000CD3C00007C
:10006000CD3C0000CD3C0000CD3C0000CD3C00006C
:10007000CD3C0000CD3C0000CD3C0000CD3C00005C
:10008000CD3C0000CD3C0000CD3C0000CD3C00004C
:10009000CD3C0000CD3C0000CD3C0000CD3C00003C
:1000A000CD3C0000CD3C0000CD3C0000CD3C00002C
:1000B000CD3C0000CD3C0000CD3C0000CD3C00001C
:1000C000CD3C0000CD3C0000CD3C0000CD3C00000C
:1000D000CD3C0000CD3C0000CD3C0000CD3C0000FC
:1000E000CD3C0000CD3C0000CD3C0000CD3C0000EC
:1000F000CD3C0000CD3C0000CD3C0000CD3C0000DC
:10010000CD3C0000CD3C0000CD3C0000CD3C0000CB
:10011000CD3C0000CD3C0000CD3C0000CD3C0000BB
:10012000CD3C0000CD3C0000CD3C0000CD3C0000AB
:10013000CD3C0000CD3C0000CD3C0000CD3C00009B
:10014000CD3C0000CD3C0000CD3C0000CD3C00008B
:04015000CD3C0000A2
:100158002DE9F14F03F11C0402EB840C4FEA930BD9
:100168008A68CB680868496800F046F93CE9F000FD
:100178006040694072407B400BF1060E4EE083EA16
:10018800134480EA134582EA134746BA96EA344490
:10019800604000F00F1684EA063420F00F1684EA57
:1001A800161054BA94EA0106724002F00F1486EA57
:1001B800043622F00F1486EA14124CBA65406940DE
:1001C80001F00F1485EA043521F00F1485EA1411A3
:1001D8005CBA67407B4003F00F1487EA043723F0CA
:1001E8000F1487EA141344BA44404DBA4D4056BA26
:1001F80056405FBA5F4087EA174886EA174B84EA99
:1002080017464FEA38488BEA1B4485EA1B4788EAB9
:100218001B4580EA3440694072407B4000F07034EE
:1002280000F0803500F00F3040EA440040EAD50085
:1002380080EA900404F0332480EA8400604001F0EE
:10024800703401F0803501F00F3141EA440141EA90
:10025800D50181EA910404F0332481EA84016140E4
:1002680002F0703402F0803502F00F3242EA4402A4
:1002780042EAD50282EA920404F0332482EA840234
:10028800624003F0703403F0803503F00F3343EA23
:10029800440343EAD50383EA930404F0332483EA4E
:1002A80084036340C943DB4381EA000483EA0446CC
:1002B80086EA020183EA014382EA334583EA14436A
:1002C8005C4084EA00077FEA040A8AEA024A8AEA6A
:1002D800010B87EA11488AEA374A80EA060181EA6F
:1002E8001A418AEA030A04EA0A00454088EA040730
:1002F80007EA0B0041408AEA0B0608EA060084EA8E
:1003080034428AEA3A4602EA0603584045404140E8
:1003180087EA37438BEA3B4003EA000985EA090587
:1003280082EA0309464006EA0906714085EA0100A7
:1003380005EA3546464006EA314181EA304181EA1C
:10034800364606EA304686EA354634400F4086EAA5
:10035800010508EA050886EA3640024088EA0208EC
:1003680081EA314213405C4080EA020309EA03094A
:1003780087EA0907674088EA040806EA0A0601EAE4
:100388000B018AEA0B0425408AEA3A44204045409A
:100398008BEA3B4B02EA0B02564084EA0B042340EB
:1003A80059406E40694087EA364080EA384080EA22
:1003B800060380EA104481EA134585EA344585EA54
:1003C80017427D4082EA354180EA05403CE9F00069
:1003D8006040694072407B40BEF1010E3FF6CFAEEF
:1003E80020BC00F05FF828606960AA60EB60BDE897
:1003F800F08F00BF00F000BA80EA101404F0F01487
:1004080080EA0410604081EA111404F0F01481EAD3
:100418000411614082EA121404F0F01482EA041212
:10042800624083EA131404F0F01483EA041363406F
:1004380080EA102404F47F4480EA0420604081EAC2
:10044800112404F47F4481EA0421614082EA1224E1
:1004580004F47F4482EA0422624083EA132404F409
:100468007F4483EA0423634081EA500404F055344E
:1004780080EA4400614083EA520404F0553482EA79
:100488004402634082EA900404F0333480EA840032
:10049800624083EA910404F0333481EA84016340C2
:1004A800704700BF82EA900404F0333480EA840085
:1004B800624083EA910404F0333481EA84016340A2
:1004C80081EA500404F0553480EA4400614083EA2C
:1004D800520404F0553482EA4402634080EA10244E
:1004E80004F47F4480EA0420604081EA112404F483
:1004F8007F4481EA0421614082EA122404F47F44A3
:1005080082EA0422624083EA132404F47F4483EAE3
:100518000423634080EA101404F0F01480EA041005
:10052800604081EA111404F0F01481EA041161407A
:1005380082EA121404F0F01482EA0412624083EA98
:10054800131404F0F01483EA04136340704700BFE7
:100558002DE9F14F94464FEA930B8A68CB680868F7
:100568004968FFF749FF0BF1060E33E083EA1344AD
:1005780080EA134582EA134746BA96EA3444604053
:1005880000F00F1684EA063420F00F1684EA1610DD
:1005980054BA94EA0106724002F00F1486EA04364F
:1005A80022F00F1486EA14124CBA6540694001F033
:1005B8000F1485EA043521F00F1485EA14115CBA8A
:1005C80067407B4003F00F1487EA043723F00F14C9
:1005D80087EA1413BCE8F0006040694072407B4031
:1005E80000F0E03400F0103500F00F3040EA54001D
:1005F80040EAC50080EA900404F0332480EA8400CD
:10060800604001F0E03401F0103501F00F3141EAAB
:10061800540141EAC50181EA910404F0332481EAD6
:100628008401614002F0E03402F0103502F00F322C
:1006380042EA540242EAC50282EA920404F03324F0
:1006480082EA8402624003F0E03403F0103503F0DC
:100658000F3343EA540343EAC50383EA930404F0DF
:10066800332483EA8403634081EA324787EA1345E7
:1006780081EA354690EA060484EA034B82EA1B4283
:1006880080EA044484EA054483EA144A85EA144467
:100698008BEA044B84EA374481EA0B4181EA16412C
:1006A80004EA0A00454082EA04082BEA08004140AF
:1006B8008AEA0B0602EA060084EA34438AEA3A46E2
:1006C80003EA060778404540414088EA38478BEA04
:1006D8003B4007EA000985EA090583EA070946401D
:1006E80006EA0906714085EA010005EA35464640F2
:1006F80006EA314181EA304181EA364606EA304667
:1007080086EA3546344008EA010886EA01052A40A7
:1007180086EA364003405A4081EA31431F407C4014
:1007280080EA030709EA070988EA0908544088EAC1
:10073800020806EA0A0601EA0B018AEA0B021540DA
:100748008AEA3A42104045408BEA3B4003405E400B
:100758004240174079404D404E40E443F64386EA14
:1007680018435D4085EA054083EA134386EA03415E
:1007780083EA384284EA114383EA04435FEA334355
:10078800BEF1010E3FF6F2AE1ED4BCE8F0006040A8
:10079800694072407B4020BCFFF784FE2860696096
:1007A800AA60EB60BDE8F08F2DE9E0414FF2F0025E
:1007B80080EA1031114080EA01304840410882083F
:1007C800C3084FF0000E4FE700F0113001F011316F
:1007D80002F0113203F0113340EA410040EA82008E
:1007E80040EAC3004FF2F00280EA1031114080EA7B
:1007F80001304840BDE8E0812DE9F04F02F11C05C9
:100808000646074600EB850851F8040B043A46F8FB
:10081800040BF9D14FF0010CFFF7C6FF5FEA302057
:1008280080EA0C001ECF41404A4053405C401EC63F
:100838002000464517D04FEA4C0C1CF4807F18BFA7
:10084800ACF1E50C2C2DE7D03C2D06D1FFF7ACFF21
:1008580006CF41404A4006C6100006CF41404A40F4
:1008680006C61000D8E736E90F00FFF7C5FD043DBE
:1008780086E80F00F7D1BDE8F08F00BF30B44FF025
:10088800000310F8014B11F8015B013A84EA0504F2
:1008980043EA0403F5D1A3F101034FEAD37030BC56
:1008A800704700BF4FF0000310F8012B013943EAED
:1008B8000203F9D1A3F101034FEAD370704700BFD7
:1008C80030B411F8014B12F8015B6C4000F8014B91
:1008D800013BF6D130BC70472DE9F04F90E8F00F9E
:1008E80000F140004FF0040E59E0F0B4826BC36B86
:1008F80004680525242687593C444FEA724787EA4D
:10090800F24787EA92273C4442684FEAF21787EA9F
:10091800B24787EAD2073C4440F8044B032D08BF8E
:100928006FF01B0687593A444FEA734787EAF34743
:1009380087EA93273A4443684FEAF31787EAB347AD
:1009480087EAD3073A4440F8042B87593B444FEAD7
:10095800744787EAF44787EA94273B4444684FEA98
:10096800F41787EAB44787EAD4073B4440F8043BC6
:10097800013DC0D1A0F13C00076A3C444FEA7247F0
:1009880087EAF24787EA92273C4402684FEAF2175F
:1009980087EAB24787EAD2073C44C463F0BC4FF009
:1009A800020288EA781C8CEAF84C0BEBBC1C8AEA39
:1009B800090303EA080383EA0A039C4450F8043B4A
:1009C8009C4451F8043B9C44674444EA050B0BEAF9
:1009D800060B04EA05034BEA030BE34484EAF42319
:1009E80083EA34530BEBB30B87EA771C8CEAF74C9A
:1009F8000AEBBC1C89EA080303EA070383EA090334
:100A08009C4450F8043B9C4451F8043B9C44664485
:100A18004BEA040A0AEA050A0BEA04034AEA030A4B
:100A2800E2448BEAFB2383EA3B530AEBB30A86EAE8
:100A3800761C8CEAF64C09EBBC1C88EA070303EA2F
:100A4800060383EA08039C4450F8043B9C4451F88D
:100A5800043B9C4465444AEA0B0909EA04090AEA8A
:100A68000B0349EA0309E1448AEAFA2383EA3A5381
:100A780009EBB30985EA751C8CEAF54C08EBBC1C3C
:100A880087EA060303EA050383EA07039C4450F850
:100A9800043B9C4451F8043B9C44644449EA0A08DA
:100AA80008EA0B0809EA0A0348EA0308E04489EA65
:100AB800F92383EA395308EBB30884EA741C8CEAF7
:100AC800F44C07EBBC1C86EA050303EA040383EA3B
:100AD80006039C4450F8043B9C4451F8043B9C4456
:100AE800E34448EA090707EA0A0708EA090347EA64
:100AF8000307674488EAF82383EA385307EBB30708
:100B08008BEA7B1C8CEAFB4C06EBBC1C85EA0403D5
:100B180003EA0B0383EA05039C4450F8043B9C4416
:100B280051F8043B9C44E24447EA080606EA0906F1
:100B380007EA080346EA0306664487EAF72383EAD6
:100B4800375306EBB3068AEA7A1C8CEAFA4C05EBB3
:100B5800BC1C84EA0B0303EA0A0383EA04039C44EB
:100B680050F8043B9C4451F8043B9C44E14446EA59
:100B7800070505EA080506EA070345EA030565448B
:100B880086EAF62383EA365305EBB30589EA791C2E
:100B98008CEAF94C04EBBC1C8BEA0A0303EA090350
:100BA80083EA0B039C4450F8043B9C4451F8043BF3
:100BB8009C44E04445EA060404EA070405EA0603FF
:100BC80044EA0304644485EAF52383EA355304EBD5
:100BD800B304013A7FF4E5AEA0F14000BEF1010E86
:100BE8007FF483AEA0F1400C9CE80F00001949196E
:100BF8009219DB19ACE80F009CE80F004044494407
:100C080052445B44ACE80F00BDE8F08F7BB972B981
:100C18000029BEBF00204FF0004106E008BF0028B1
:100C28001CBF6FF000414FF0FF3000F057B8ADF136
:100C3800080C6DE904CE002909DB002B1ADB00F053
:100C480069F8DDF804E0DDE9022304B070474042AA
:100C580061EB4101002B1BDB00F05CF8DDF804E0E0
:100C6800DDE9022304B0404261EB4101524263EBEB
:100C780043037047524263EB430300F04BF8DDF83F
:100C880004E0DDE9022304B0404261EB4101704712
:100C9800524263EB430300F03DF8DDF804E0DDE980
:100CA800022304B0524263EB4303704753B94AB975
:100CB800002908BF00281CBF4FF0FF314FF0FF305C
:100CC80000F00CB8ADF1080C6DE904CE00F022F884
:100CD800DDF804E0DDE9022304B07047704700BF87
:100CE80010F8012B11F8013B012A28BF9A42F7D0CE
:100CF800D01A7047034611F8012B03F8012B002A7C
:100D0800F9D17047034613F8012B002AFBD1181AB2
:100D1800013870472DE9F04786468C460846089EFC
:100D2800154674461946002B40F0C1808542B2FA38
:100D380082F245D94AB1C2F1200300FA02FC95407B
:100D480094402EFA03F343EA0C0C4FEA154EA8B26E
:100D5800230CBCFBFEF80EFB18CC08FB00F943EA99
:100D68000C43994528D9EB1808F1FF3704D2994567
:100D780002D9A8F102072B44A3EB0903A4B2B3FBE1
:100D8800FEFC0EFB1C330CFB00F044EA0344A042BB
:100D980014D92C190CF1FF3304D2A04202D9ACF1BA
:100DA80002032C44241A43EA07401EB1D44000230E
:100DB80034607360BDE8F0874746DDE76346F1E7D6
:100DC80092BB431B01214FEA154EAFB2200CB3FB77
:100DD800FEFC0EFB1C330CFB07F840EA0343984566
:100DE80061D9EB180CF1FF3004D2984502D9ACF167
:100DF80002002B44A3EB0803A4B2B3FBFEFC0EFBDA
:100E08001C330CFB07F744EA0344A7424DD92C19BD
:100E18000CF1FF3304D2A74202D9ACF102032C44EF
:100E2800E41B43EA0040C0E7C2F120039540944028
:100E380020FA03F12EFA03F34FEA154E9040AFB2B1
:100E48000343B1FBFEFC0EFB1C10190C0CFB07F84E
:100E580041EA0041884522D969180CF1FF3004D2D3
:100E6800884502D9ACF102002944A1EB08019BB2E4
:100E7800B1FBFEFC0EFB1C110CFB07F743EA014318
:100E88009F420ED9EB180CF1FF3104D29F4202D9D0
:100E9800ACF102012B44DB1B41EA004193E76046B9
:100EA800E3E76146F7E76046A4E76346B8E78342AD
:100EB80006D916B9002108467CE7C6E900E0F9E73B
:100EC800B3FA83F78FB9834201D3724508D8BEEBD2
:100ED800020460EB030301209C461EB9002169E768
:100EE8003846FAE7C6E9004CF8E7C7F1200CBB40E2
:100EF8000EFA07F522FA0CF42EFA0CF1BA401C434C
:100F080020FA0CF3B8404FEA144901431FFA84FE53
:100F1800B3FBF9F809FB18300B0C08FB0EFA43EA8F
:100F280000439A4540D9E31808F1FF3004D29A45A6
:100F380002D9A8F102002344A3EB0A0389B2B3FB48
:100F4800F9F809FB183308FB0EFE41EA03418E4508
:100F58002CD9611808F1FF3304D28E4502D9A8F1C3
:100F68000203214443EA0040A1EB0E01A0FB0298D2
:100F78004145CE46434602D306D14D4504D20138F9
:100F8800B9EB020E68EB0403002EA7D0B5EB0E02F6
:100F980061EB030101FA0CFC22FA07F3F9404CEA71
:100FA8000303C6E9003199E74046C5E74346D9E758
:100FB8002DE9F04F8FB0002002AF04F06BFE04461D
:100FC80088B10346944A0121944814F019F9002C79
:100FD80027DA934A0121914812F0D3FF00203437D1
:100FE800BD46BDE8F08F03218E4A8C4812F0C9FF38
:100FF8008D4802F0F7F8044610B18C4A0346E2E740
:101008008B4806F06FFB234602228A498A480094DF
:1010180005F096FC034668B10121884A7F4814F020
:10102800EFF8DFF81C92D9F8000017F006F838B985
:10103800844ACFE70321844A784812F0A2FFF0E7F8
:10104800D9F80C0018B116F0F8FF0028F0D07F4E40
:10105800304616F0F2FF30B901217D4A6F4812F090
:1010680090FF7C4AB6E7B36800217B6030465B6836
:1010780007F128029847031E05DA0121764A6748D6
:1010880014F0BEF8EDE74FF4FA73D7E90A4AA4FB67
:1010980003B503FB0A555EA3D3E900234FF0FF38DD
:1010A80029465846FFF702FE6C4BD84573EB0505F9
:1010B800386002D26FF08503DFE7FA23A4FB0354FC
:1010C80003FB0A4452A3D3E9002328462146FFF72D
:1010D800EDFD624AA845A2410346EBD33A68824235
:1010E80002D26FF01503C8E7002200927A68002147
:1010F800146830463A68A047044690B10121034677
:10110800554A464814F07CF8002CAADB40F6CD403E
:10111800002112F057FF00F0E7F9002807DA504ADB
:1011280058E703214F4A3D4812F02BFFEEE703240E
:101138008621012000F086F92120002112F042FFCB
:10114800D821032000F07EF940F6CD40002112F0AE
:1011580039FF0021052000F075F92120002112F047
:1011680031FF414B00259A781988B3F80330BA72D9
:10117800BB8107F108033B6107F10C03C7E906349B
:1011880007F110033B62012307F11802C7E90A239C
:10119800D9F800003981BD737C617B62836807F1EF
:1011A80020021E68314907F12803B0476E468AB00D
:1011B80097F80CC0797BBB7B02AA53620623DFF841
:1011C800B0E0C2E907C1C2E905E042F8103F4FF4B8
:1011D80043512B46114801F015FDA420B5460021C6
:1011E80012F0F0FE2146234A0C4812F0CAFE0820ED
:1011F80000F062F92120002112F0E4FE102000F036
:101208005BF94FF0FF304FF0FF3112F0DBFEF8E7EB
:1012180000CA9A3B000000006CA401006498010019
:1012280003A501008BA40100B4010020A1A40100C2
:101238009C010020A899010088010020BDA401009C
:101248007001002019A50100E2A40100D494010056
:1012580027A501007DA501003CA50100FFC99A3B17
:1012680094A501004FA50100889901007401002090
:10127800A5A50100EDA5010013460321014A024876
:1012880013F0BEBF98A301006498010001480DF057
:1012980087B800BF681700200321024A024812F0ED
:1012A80070BE00BFAEA3010064980100084B1A6924
:1012B8001268120548BF80F0010028B19B68DB68FE
:1012C8004FF40061024818479B681B69F8E700BFA4
:1012D8003494010003460121014A024813F090BFEB
:1012E800B8A301006498010008B521B1BDE8084021
:1012F8000846FFF7EFBF14F0ADFC044B032118605C
:10130800034A0448BDE8084012F03BBE8417002099
:10131800D3A30100649801000B4610B5064C07489A
:101328000321074A13F06CFF206818B105F0A4FEEA
:101338000023236010BD00BF8417002064980100BB
:10134800DDA3010030B50024A1B0214617220BA867
:101358000A9417F043FF2146172212A8119417F098
:101368003DFF0AAB02931B23012411AACDE90423F4
:101378002B49039302AB069304ABCDE9083451F82B
:10138800040B0794836806AA1D6808ABA847031EC8
:1013980006DA244A2146244813F032FF21B030BD32
:1013A8009DF848309DF847209DF849101B0243EAF4
:1013B800024319431D481B0248BF41F07F410023E7
:1013C80081FB00011A4AFFF721FC1A4B04461868F2
:1013D80038B104F30F03022218A9ADF8603001F008
:1013E8000DFF4FF47A7294FBF2F102FB1142002CCC
:1013F80082EAE273A3EBE2730ADA49B920210E4AC2
:1014080018A812F021FB0D4818A913F0E4F8C5E755
:1014180000930B4A0B4618A8202112F015FBF2E79F
:1014280070010020F6A3010064980100801A0600EC
:10143800FFFF7F008417002009A4010025B30100E5
:1014480017A401002DE9F04140F0400388B00327BC
:101458004FF001088DF80C30002303AA0E468DF8D2
:101468000E101149049204AA05468DF80D3051F862
:10147800040B05970692CDF81C808268146806AAAA
:10148800A047041E0948B9BF2B4641463346394692
:10149800B5BF074A074A0094009513F0BBFE2046E3
:1014A80008B0BDE8F08100BF700100206498010019
:1014B80025A4010044A4010010B586B00DF107036E
:1014C80002930123074902AA8DF80700CDE90423F6
:1014D80051F8040B0393836804AA1C680023A047EF
:1014E80006B010BD7001002070B52E492E4816F0C8
:1014F800E0FF2E4C204616F0A0FD10B94FF0FF304B
:1015080070BD204616F099FD0028F7D04FF4B011B1
:10151800274812F038FD4FF48031264812F033FD89
:10152800A568AE696EB123694FF0A0721B680A21E5
:1015380013F4806F14BF4FF000734FF080632046A0
:10154800B0471D491D4B4B604FF480638B60EB69BE
:1015580013B1012215489847194A0321194812F076
:1015680010FD0120FFF7A2FE0021422012F02AFD03
:101578000020FFF79BFE002141F2343012F022FDDB
:101588000220FFF799FF0021422012F01BFD1120D5
:10159800FFF792FF4FF4A470002112F013FD002012
:1015A800AEE700BF4D130000681700203494010017
:1015B800A099010098990100781700209512000061
:1015C8005FA40100649801002DE9F04F91B00093E9
:1015D80002F004030293C2F3C203013384070546F1
:1015E8000E46DDF868800392059340F0BB81041D28
:1015F80030B1072909D86FF01B0011B0BDE8F08F92
:1016080001F007063444C6F10806009B4FF00009B4
:101618004FF0040A591E4FF0FF334F460193CB4653
:101628005346CDF810900DB1009A22600598002815
:1016380000F3E8809848009A824203D39748824290
:10164800C0F0E080039AA4EB050E92074FEA9E00D3
:1016580000F103810F2F00F2B180002D00F0058109
:1016680007F140020DEB020C019A0CF8200C0CF863
:10167800102C049801300490E7E07A285DD84B28B4
:101688000ED8472859D829282DD8252852D054D8DB
:1016980020287AD02338D0F1000B4BEB000B74E0F4
:1016A8004C382E2849D8DFE800F0704848484848A8
:1016B8004848484848484B4848484848484848598E
:1016C800484B4B595959704B6D487048184B18483E
:1016D80048827F4B48484B487F0000204FF0000B62
:1016E8004FF0040A38E001222A38C0B202FA00F0AA
:1016F80010EA0E0F49D110F0625C2FD110EA020BEC
:1017080043D06046013C5444B4FBFAF40AFB04F4A9
:10171800002D61D0A3EB050CA444B4453FF66BAF94
:10172800002868D1042B47D158F8043B23600423D0
:1017380004342AE0019A013A01924FF0000B24E0A8
:1017480011F8010C6C2834D1002011F8023C8346B2
:101758006C2BC5D14FF0080A5346D3E708F10708A8
:1017680028F00708073424F00704F8E802AB35B17D
:1017780006982044B0423FF63EAFC4E900AB4FF0B4
:10178800000B08344FF0080A534611F8010F0028DF
:1017980078D0BBF1000F7FF470AF2528F5D14FF05A
:1017A800010B019B013301934FF0040AECE7584603
:1017B80094E700208346A5E7082B02D06FF01500B8
:1017C8001BE708F1070828F00708F8E80223C4E92E
:1017D800002308230834D8E768B9042B02D108F19C
:1017E8000408A4E7082BE9D108F1070828F007083E
:1017F80008F10808EDE7059A013A059258F8042B14
:10180800009210E7039A900720D54FF0010CA4EB43
:10181800050E4FEA9E00BEF5007FCFD20F2FCDD820
:10182800F5B107F140020DEB020E019AC0B20EF8B5
:10183800200C0EF8102CBCF1000F3FF41AAF60F02A
:101848007F000EF8200C09F101090137C5F10802E3
:101858004FF6DA7E0434069297E74FF0000CDAE789
:10186800BCF1000F01D00136EFE7029802360028DC
:10187800EBD10098CDE90631FFF744FADDE90631EE
:101888000644E2E7631BB3F5806F97D245B9A6F12A
:101898000804E018B1E600BF4093010014CC010031
:1018A800029A9B0828602B709DF81030C2B1EB702B
:1018B80085F80290B9F1000F05D0002208A8C5F1FB
:1018C800010C97420ED14FF0000AC5F101030DF14A
:1018D800200801930DF1300B574512D1601B8CE69F
:1018E8006B70E5E710F8013B190608D50CEB040E00
:1018F800B64503F07F033FF67EAE04F8013B0132A4
:10190800DFE7B9F1000F03D098F90020002A17DBB0
:10191800029BD3B11AF80B2004F8012B0022019B7B
:1019280018191044B0423FF666AE98F800000099C6
:1019380004F8010B2046039217F029FC039A14447B
:101948000AF1010A08F10108C6E798F8002055F8DD
:1019580022300093029B009845F82230FFF7D2F915
:10196800421CDCE76FF00D0047E600BF2DE9F04FA1
:1019780097B000AFD7F880B03B62CBF3C003044602
:10198800894690F802A0FA62BB6141B945780078AF
:101998000AEB800020444D4517D8A0EB0409E378F2
:1019A800FB61BAF1000F02D01BF0010F16D1FB69E1
:1019B80053BBFB6A1BB1494620463A6A98474D46D5
:1019C80028465C37BD46BDE8F08F461C3046FFF719
:1019D80099F90130304409F10109DCE7626823789C
:1019E8007A62FA6A9900796104EB8301002A40F06F
:1019F80001810E464FF000084D4601EB0A094E459D
:101A08004CD101EB0A0610E01BF0020FD1D023786D
:101A18009A007A61626804EB83017A62FA6A002AA2
:101A280077D14D46904601EB0A061BF0050F0CBF17
:101A380002230123FB62FB6906EB430A0BF0020356
:101A4800BB625645BCD016F8021B16F8013C54F888
:101A58002390994B994502D3984B994536D3BB6946
:101A6800002B40D0786A12F08DFD00283BD0E94663
:101A78008AB06A46924B53617B6AC2E906314FF4D9
:101A8800007313848F4B42F8103F00234FF4125118
:101A98008D4801F0B7F8023DCD46D2E716F8013B74
:101AA800F96254F82300FFF72DF9D7F88430F96A62
:101AB80001304BB1D7F8883098453EBFD7F884300D
:101AC80023F8180008F10108054498E7BB6923B119
:101AD800786A12F057FD0028C9D11BF0010F05D113
:101AE800FB6AED1AADE7BB6A002BAAD04846FFF7A0
:101AF80009F9D7F8843053B1D7F8883098453FBFF3
:101B0800D7F88420431C22F8183008F1010805444E
:101B180097E7BAF1000F73D01BF0040673D0D046D4
:101B2800002607F1480052463B61B96217F02FFBC7
:101B3800B96A3B6901EB0A02BA62FA69F9695200AB
:101B4800FA60BA6A02EB41023A610BF00202BA602B
:101B58003A69B96A8A4258D162781BF0020F18BFF5
:101B680000217A6208BF4FEA5801B2181BF0010F32
:101B7800D2B240F09F801BF0040F14BF40460020F3
:101B8800BB616270A070E17020463A6A7969FB6AAD
:101B98009847051EFFF614AFBB69414623707B6A60
:101BA8003A6A6370FB6984F802A0E37007F14800A1
:101BB800FB6A9847B0F10008C0F2BA807B69A9EBCC
:101BC8000A01C91AFB683A6AC91AD7E90A03984789
:101BD8000028C0F2AF804FF0000BA84408EB0005C6
:101BE80007F1380AB34571D300213A6A0846FB6AFF
:101BF8009847E5E656464FF0000807F1380092E7A7
:101C08005646D04696E7B04694E7BA6A12F8021BE1
:101C180012F8015CBA6254F82500274A904202D3B0
:101C2800264A90421ED3BA6932B1786A7B6012F0B4
:101C3800A9FC7B6800288BD1BA6802BB08F128028E
:101C480007F1300C08F10100944407F1580208F13B
:101C5800020852FA80F00CF8101C5FFA88F800F8B5
:101C6800105C75E7BA693AB1786A7B6012F08AFC51
:101C78007B6800287FF46CAF1BF0010F09D006F1D8
:101C8800280207F13000711C161806F8205CCEB245
:101C98005EE71BF0040F3FF45BAF08F1280207F181
:101CA800300008F1010102EB000808F8105C5FFA47
:101CB80081F84DE7002063E74093010014CC010050
:101CC8001DA6010004000001549801001BF80A3009
:101CD80054F8239087F83730D7F884302BB3D7F8E7
:101CE80088309B4521D2D7F8843033F81B800121F6
:101CF8003A6AFB6A07F13700984700281ADB05445F
:101D0800B8F1000F06D14846FEF7FCFF00F10108C4
:101D18001FFA88F8414648463A6AFB6A98470028FD
:101D280008DB05440BF1010B5CE74FF00008DEE728
:101D3800454645E6054643E6014B1860704700BF37
:101D4800C001002080B505460E46174698460CF09F
:101D58001BFF034617F0E6FA0446DFF818904246E0
:101D680049F8003039463046A84754F8090001F0D0
:101D780099FE00BF080000002DE9F047058B0446D6
:101D88002807904611D4022905F0070540F0CC80B9
:101D9800204612F09DFE78B10138218B042811D815
:101DA800DFE800F0C2106D85950001290CBF45F0F1
:101DB800100545F02005258388F31188BFF36F8F40
:101DC800BDE8F08701F0070AAA4500F0A5800027C2
:101DD800B9463E46A368002B00F0BC8041F00801DC
:101DE800218388F31188BFF36F8FA168002900F061
:101DF800BA800D68002900F0B68033465246204666
:101E0800D1F80480C047002D76D02B6829461D469E
:101E1800F0E701F007035A1F012A1BD8002221F01E
:101E28000701062B276889B2C4E9002209D13B467D
:101E380003E0628B013262831B68002BF9D141F009
:101E480002012046218312F043FE00287AD041F097
:101E5800200176E0042B0AD121F0070189B220463F
:101E6800218312F035FE10B141F020012183218B2E
:101E780001F0070AAA454FD00027B946AAE7236907
:101E880021F0070141F00601062DD3F800902183C7
:101E98002DD1B9F1000F3FD041F00801218388F31B
:101EA8001188BFF36F8F20463949C84729E021F0D0
:101EB8000701236941F0040189B2042DD3F8049085
:101EC8002183E6D000274FF0040A3E4682E721F03E
:101ED8000701236941F0050189B2052DD3F808905F
:101EE8002183D6D000274FF0050A3E4672E7002727
:101EF8004FF0060A3E466DE72B4687E7B9F1000F1B
:101F0800D1D1EFF31188202383F31288BFF36F8FA9
:101F1800238B23F008032383258BEA062ED525F08F
:101F28001003238305F007056669218B002EBFF691
:101F380070AF00232768C4E9003321F0070141F09E
:101F480001012183218B4FF0000901F0070AAA45FE
:101F58007FF440AF002F9CD041F00801218388F323
:101F68001188BFF36F8F002FC8D03D6839463346BC
:101F78005246204612F0D8FD2F46F4E7AB067FF50F
:101F88001BAF25F02003238305F0070500E700BFFA
:101F98005D4B010010B530B90B480C4912F0A3FE97
:101FA8006FF0150010BD836833B90748084912F06F
:101FB8009AFE6FF00400F5E71B6813B1BDE8104006
:101FC80018471846EEE700BF6C980100D1A601003B
:101FD800E2A6010010B530B90B480C4912F083FE97
:101FE8006FF0150010BD836833B90748084912F02F
:101FF8007AFE6FF00400F5E75B6813B1BDE81040A6
:1020080018471846EEE700BF6C980100D1A60100FA
:10201800E2A6010070B508B101B132B90B480C490C
:1020280012F061FE6FF0150070BD84680CB1E568B0
:1020380035B90648074912F056FE6FF00400F3E779
:1020480041F8040BE368BDE8704018476C9801003C
:1020580000A70100E2A6010010B5044630B91048F7
:10206800104912F040FE6FF0150010BD006830B93D
:102078000B480D4912F037FE6FF00100F5E7836851
:102088000BB11B6933B90648084912F02CFE6FF0F2
:102098000400EAE7616898470028E6D12060E4E791
:1020A8006C9801002CA701003DA70100E2A60100E1
:1020B80070B51346044630B91048114912F013FEA2
:1020C8006FF0150070BD006830B90C480D4912F06A
:1020D8000AFE6FF00100F5E782680AB1956835B924
:1020E8000648094912F0FFFD6FF00400EAE70A46C6
:1020F800AC466168BDE87040604700BF6C9801005D
:102108002CA701003DA70100E2A60100034A1368BD
:102118000BB9526813600020704700BFC40100204B
:1021280030B50C460E4985B00291D0F8D411054659
:10213800CDE9003100F1F0014FF0FF3320460BF0FC
:10214800A7F950B9012384F86C30D5F8D03123B100
:10215800204605B0BDE83040184705B030BD00BF87
:10216800E74D010038B50C461146054612F039FE18
:10217800034638B92846044912F033FE03460020C6
:10218800236038BD0120FBE7C0CA01002DE9F04FEC
:1021980001238146056946688FB005F56B77D7E856
:1021A800EF2F002A03D1C7E8E13F0029F7D10CBF80
:1021B8001A46002240F0BB80B368B16A05F5F8788A
:1021C8001C1F104612F094FE844279D8013A00F0A0
:1021D800A880B2FA82F24FF00044D44072682046D8
:1021E800073222F00302C5F83C22B16A12F080FEE1
:1021F800C5F84002B36A40466343033323F0030340
:1022080002EB4302230103EB4403093323F00303E6
:1022180003EBC403C5F834221A440832C5F8302247
:102228007368C5F83842C5F82C32424BC5E9AD632E
:10223800316800F0F1F9044600283FD1D9F810B010
:10224800D9F804A0D9F800300BF534790590049337
:102258004846DAE90734012B08BF103C16F070F93C
:10226800DAF82400344904AB009301EB80212346BB
:1022780048464FF480620CF099F82021DAF82430AF
:102288002E4A06A811F0E0FB06A948460CF06CF9A6
:102298002B490BF5307016F00CF9DAE90501836863
:1022A8005C684CB15B46274AA047044630B9DAE976
:1022B800050183681B692BB96FF05704002129E0D9
:1022C80001327EE70122984704460028F6D11E4BCA
:1022D8002846C5F8D0311D4BC5F8D4311C4B0393A3
:1022E800D5F840320293D5F83C32CDE9008305F5A4
:1022F8001173B26AD5F8A81300F056F904460028FD
:10230800DCD105F1F0000BF069F90028C5F8B0033D
:102318000ADB0221384612F098FD20460FB0BDE8CE
:10232800F08F6FF00B04C9E76FF01504C6E76FF084
:102338007704F2E73D4E0100E034002062A7010077
:10234800234E0100174E01005D230000CF4F01000E
:10235800834E010013B5044640B100230122CDE9A4
:102368000032074BD0E909120BF066F8236F1B689F
:1023780023B1606F02B0BDE81040184702B010BD2D
:10238800C0CA010013B504460846216901F56B71FE
:10239800D1E8AF1F022910D193B1A0B10121CDE935
:1023A80000311346D0E909120BF046F8074B984262
:1023B80008BF6FF00B0002B010BD6FF00F00FAE716
:1023C8006FF04C00F7E76FF00100F4E72EF8FFFF1D
:1023D8002DE9F34789461546066906F56B73D3E878
:1023E800AF3F022B64D1136823B96FF0150002B018
:1023F800BDE8F0871B78002BF7D0D6F8A8A3BAF170
:10240800000F36D106F5EC774FF0FF324FF0FF336F
:1024180038460BF0C7FC30462A6801A9FFF7A2FE30
:10242800019C80461CB9384612F00DFDDDE705F128
:10243800080323676B6984F86CA06367646460B100
:10244800384612F000FD21463046A36E2A68FFF791
:1024580067FE0020C9F80040C9E71F22296804F177
:10246800480016F0E5FE384684F8678012F0EBFC69
:10247800EFE73046104912F0B4FC04460028B4D007
:10248800002705F1080303676B6980F86C704367E0
:1024980040641F222968483016F0CAFE22460121EE
:1024A800304684F8677000F061F80028D1D09CE7C6
:1024B8006FF00F009BE700BFC0CA010010B50C46C3
:1024C800006900F56B73D3E8AF3F022B0FD189B1D8
:1024D8000A4900F5307016F018F8204615F0D7FABA
:1024E80078220021204616F079FE002010BD6FF0FA
:1024F8000F00FBE76FF00100F8E700BF8817002026
:102508002DE9F04F05460E4690460027D0F8C4A0A6
:1025180085B0AAF5BE7421463046FEF7E1FBE0B966
:10252800114BA4F1480B0293DAF810303246CDE98A
:10253800008329464FF0FF335846AAF5E2790AF09E
:10254800A7FF60B97823012203FB079383F86C2067
:10255800DAF80C300BB158469847783417B105B003
:10256800BDE8F08F0127D6E7FD4F01001FB51446DF
:1025780090B18AB1012912D10A4B00F1F0010293FE
:10258800D0F8D431483201934FF0FF3320460093FE
:102598000AF07EFF04B010BD6FF01500FAE70020C6
:1025A800F8E700BFFD4F01002DE9F04387B00E4664
:1025B800DDE90E811446DDE910251F4630B329B345
:1025C800DFF850C000F1F009002D08BF65469EB93C
:1025D800CDE9034400F5E2742046059615F0EFFCBA
:1025E80003ABCDE900432A463B46414648460BF03B
:1025F8006FF807B0BDE8F083002241460E924846C6
:102608002A4607B0BDE8F0430BF0B2B96FF01500E9
:10261800EFE700BF09250000F0B504462B4A87B054
:1026280004AB0E4692E8030083E80300002C49D06F
:1026380018460AF007FE0546B0B94FF0FF33E16CC3
:1026480004F15407A163CDE9010000933846236DD6
:1026580004F1380214F0CDFEA06C12F0FAFCC4F8B4
:10266800BC0020B96FF00B05284607B0F0BDA06C80
:1026780012F0EFFCC4F8C0000028F3D0236CD4F8A3
:10268800BC10C4F890300423C4F89430C4F8AC30BB
:102698000223E3620E4BB4F84820C4F88C10616C36
:1026A800236204F18C03C4F8A070A4F89820C4F83D
:1026B800B870C4F8A810A4F8B020C4F8A400A661A3
:1026C8002363D1E76FF01505CEE700BF309901000D
:1026D800E49901002DE9F047044607464FF0010947
:1026E800DFF8508014B93846BDE8F08794FAA4F5AD
:1026F800B5FA85F509FA05F32E0108EB05156FEA19
:10270800030A24EA03042B7B002BEBD058F806308D
:102718001B694BB94644736804222846196807EABE
:102728000A0700F05BFADDE7284698470028D9D168
:10273800F0E700BFD498010030B5002289B00F49F6
:102748000F4816F0C7F8002200230024CDE906231D
:102758000E230C4DCDE903344FF440722846CDE9E1
:102768000144094B094900940BF074FF08492846B5
:102778000BF0FAFE204609B030BD00BF9D270000CF
:10278800B0100020F00B0020892A0000E03800205B
:102798006EA7010001480BF0FFBB00BF8C060020AC
:1027A8002DE9F04780461F480F4612F09EFC06466A
:1027B800002830D000252846BDE8F087237B6BB180
:1027C8002368DB680BB12046984723681B69D3B997
:1027D800636804222046196800F000FA01361034B4
:1027E8004C45EBD3B8F1000FE5D0002DE2D02846D8
:1027F800FFF770FF0546002FF7D000214FF4A470B3
:1028080015F0A7FFF1E7204698470028E0D00AFA1C
:1028180006F31D43E2E705464FF0010A024CDFF8D4
:102828000C90DDE7C0170020D4980100E49801005F
:10283800014B53F820007047249A010008B503465D
:1028480008462BB1044A136000F072FC002008BD52
:102858006FF01500FBE700BFF001002010B5044C35
:10286800237813B903480BF097FB0123237010BD9D
:10287800203200208C06002010B50446094812F0CA
:1028880034FC3CB1084BD3E8EF1F0139C3E8E21F21
:10289800002AF8D1054816F029F8BDE81040044888
:1028A8000BF07ABBB8170020BC170020B01000202E
:1028B8008C06002000200146034BD3E8EF0FC3E845
:1028C800E21F002AF9D17047B817002070B5FFF74A
:1028D800F1FF0546074C084EB44200D370BD63684B
:1028E8005B792BB123685B6813B12946204698476A
:1028F8001034F1E7D4980100E498010010B5044CB5
:102908000449204611F07DFF034B1C6010BD00BF39
:1029180054050020109A0100B017002008B50023C4
:10292800074A4FF400411370064A07481360074AE4
:102938001360FFF783FFBDE80840FFF7DFBF00BF64
:1029480021320020B8170020EF500100BC170020EA
:10295800014600220023014811F074BF54050020ED
:10296800014812F00DB800BF54050020024B014683
:10297800186812F059B800BFB0170020014812F0CB
:102988008EB800BF5405002070B5264B1878002873
:1029980047D0FFF7E5FF054670B1234BD3E8EF1F9B
:1029A8000139C3E8E21F002AF8D1204C204EB44276
:1029B8002DD32846FFF7DAFF1E4B1F4C1B68002B50
:1029C80019DD15F040FF4FF47A72A0FB020302FBF9
:1029D8000131C30B43EA4143D4E900209B1A40F27A
:1029E800E9324FEAD13161EB0001934271F1000104
:1029F80001D3FFF76BFFD4E9003213F57A7342F184
:102A08000002C4E90032BDE87040FFF7B7BF636851
:102A18005B7923B12368294620461B689847103400
:102A2800C5E770BD20320020BC170020D4980100F3
:102A3800E4980100B8170020A810002070B50D4DCB
:102A4800297861B90120FFF7ABFE0B4C0B4EB4425D
:102A580006D3FFF799FF0028FBD101232B7070BD27
:102A680063685B791BB1236820469B6898471034DC
:102A7800EDE700BF21320020D4980100E49801005E
:102A880000212DE9F0470846FFF78AFE044658B3AF
:102A980040F267684FF0000916F044FC1B4B1C4AD3
:102AA8001B58136033B11B4B1B68092B02DD1A48F6
:102AB8000BF072FA0025194FDFF85CA044B12046EC
:102AC800FFF708FE044618B94FF0FF384FF0FF39FA
:102AD800FFF75AFF064628B9B5B942464B46504655
:102AE8000BF08EFA3546E9E74FF0FF384FF0FF3923
:102AF800D2E72B689B691BB10022284611469847EC
:102B08001035BD42F5D3E8E7054DFAE708000000A7
:102B1800B4170020BC1700208C060020E4980100A0
:102B2800D498010013B5184812F0DFFA174B1B7838
:102B380073B1EFF31184202383F31288BFF36F8FEF
:102B4800FFF722FF84F31188BFF36F8F02B010BD27
:102B58000F4B1B68002BF9D050B9002200230D48F9
:102B6800CDE900234FF4004200230CF0FBFAEDE717
:102B78000928EBD1074815F0B9FE074802B0BDE8AF
:102B880010400BF009BA00BFBC170020213200200A
:102B9800B4170020B01000208C06002010B5064B9A
:102BA80004461B6898472146A060044811F0C9FEF6
:102BB800BDE81040FFF7B6BFF00100205405002023
:102BC800044A054B9B1AB1EBD30F34BF52F83100BE
:102BD80000207047E4970100D4980100084B10B416
:102BE800C31A44681B110133237143689A71012287
:102BF8004368196043685A7110BCFFF72FBE00BFC5
:102C0800D49801002DE9F04F8FB0C1F34A2804AFE2
:102C18000D469146B8607B600C0DB8F1000F63D08B
:102C280000264FF0040B4FF00A0A07F11403C7F807
:102C38000C80C7E907667E620193CDF808B0CDF82D
:102C480000A007F11C0332464846F968FEF78EFEDD
:102C5800B0F5006F03461CD36C468AB0D9F804104F
:102C680004AB26481A46C3E9050140F2FF71D96151
:102C78004FF400711984224B42F8103F4FF412515F
:102C880033462048FFF7BEFFA5462C37BD46BDE8B2
:102C9800F08FC0F30A0804F11700184420F0070069
:102CA80080083B60FFF754FE68F35325044690B153
:102CB8003B6800F11001C7E9083607F11403F96110
:102CC800CDE900A3CDF808B048460F4AF96807F1E6
:102CD8001C03FEF74BFE68F353252A4620467B6803
:102CE800B96812F034FAD0E704F1170020F00700B1
:102CF8008008FFF72DFE0446EDE700BF83A701001B
:102D080004000001749801002B5101002DE9F04FD7
:102D180087B00446DDE9105ADDE9127993469846F2
:102D28000391BFB13B46524610210020CDF80090D8
:102D3800CDF81490FEF748FCB0F5006F06460AD3AC
:102D480040F2FF730221174A174807B0BDE8F04F59
:102D580012F056BA3E4605F11700304420F007003D
:102D68008008FFF7F5FD04F007040BF0070BE400FB
:102D780044EA8B1444EA462444EA0554054640B123
:102D88003FB13B4652463146CDF800901030FEF731
:102D98001BFC434622462846039907B0BDE8F04F7E
:102DA80012F0D5B9C2A7010074980100406820B19B
:102DB800034BC01A40F3CF0070474FF0FF30704705
:102DC800E49701000EB403B503AB53F8042B014696
:102DD8000448019301F096F902B05DF804EB03B0E2
:102DE800704700BF6B520100CA0605D48B064CBF62
:102DF80002490349FFF7E6BF704700BFBFCA010099
:102E0800BECA01002DE9F04F89B09B46149B9DF87E
:102E18004CA00693159B04460593169B0D469046B9
:102E2800179E0493BAF1000F00F09D8006F480739A
:102E3800079312F074F906F00209024600283ED002
:102E480020469149FFF7BEFF0746B9F1000F08D0A9
:102E580016F0440F35D12A4620468C49FFF7B2FFB9
:102E6800074406F0010353B1894B204653F82A2042
:102E7800884B8949002A08BF1A46FFF7A3FF06F4C2
:102E88008073002B49D006F00803002B63D1B8F1FA
:102E9800000F66D0424620468049FFF793FF05465B
:102EA800069B3D44002B6DD1049B002B73D1F30787
:102EB80000F1E48031462046FFF796FFD8E0074648
:102EC800C3E7774B18680028CAD0764B4FF47A7955
:102ED8001B684FF03C0CB5FBF3F5B5FBF0F14FF474
:102EE800616300FB115509FB05F5B1FBF3F2B5FB76
:102EF800F0FE03FB121100FB1E55B1FBFCF309FBAE
:102F080005F5B5FBF0F50CFB131120460091CDE952
:102F180001E56549FFF756FFA2E706F00803EBB1A4
:102F2800624B204653F82A206149FFF74BFF0546BC
:102F3800B8F1000F05D0424620465849FFF742FF36
:102F48000544BBF1000FABD05A4620465949FFF75C
:102F580039FF0544A4E74FF0000BE1E706F0080548
:102F6800E6E745469CE7BBF1010F069B06D1002B1F
:102F780064D1049B002B7BD000250CE0002BF8D0FB
:102F88004D485CE04D48069B22464D4911F0C9FA70
:102F9800049B002B68D0DFF82C81DFF82C91049F6C
:102FA8003146102F204628BF10274FF0000BFFF79F
:102FB8001BFF5D4545DC059B494620461A78FFF70F
:102FC80001FF4FF0010B1BF0070F03D141462046CC
:102FD800FFF7F8FE5F453BD9059B4946204613F8A5
:102FE8000B20FFF7EFFE0BF1010BBBF1100FEAD13D
:102FF8004FF0000B20463549FFF7E4FE5A46059B83
:1030080020469A5CA2F120015F2928BF2E22304970
:10301800FFF7D8FE0BF1010BBBF1100F1DD01BF011
:10302800070F03D141462046FFF7CCFE5F455A46BD
:10303800E5D841462046FFF7C5FEEBE71F48554651
:10304800A1E741462046FFF7BDFE0BF1010BB0E7B3
:1030580020462049FFF7B6FEC5E7059B3B4405938C
:10306800049BDB1B04939AD1BAF1000F7FF41FAFC6
:10307800204609B0BDE8F04F12F0E6B82046054AF0
:103088000549FFF79FFE15E7FFA7010003A8010008
:10309800349A0100FAA7010025B3010028A801000D
:1030A800C8170020C41700200CA80100489A010086
:1030B8002CA8010032A80100995201006B520100AE
:1030C8000D4100008ACA010037A801003DA801008F
:1030D8003FA8010088CA010042F20F7373B58B4202
:1030E80028BF0B4605680446052168460D4A10F0BE
:1030F800ABFC0646636828460B225B680A4912F057
:1031080095F863683246694628465B6812F08EF87F
:1031180063681B2228465B68044912F087F802B0EE
:1031280070BD00BF4CA501005EA8010042A80100C7
:1031380000210123064A904206D8064A01B9012314
:103148001360054B18607047012140085B00F2E7E7
:1031580040420F00C4170020C8170020F8B50D46DC
:103168000446064F4618B44201D12846F8BD14F863
:10317800011BBB6801485B689847F4E78494010029
:10318800014B036000207047909A010008B504487D
:1031980011F021FABDE80840024811F01CBA00BF3E
:1031A800A4A80100D9A80100034B9B681BB1481EC5
:1031B80018BF012018477047F817002010B51C46A3
:1031C800034B11461B680BB122469847204610BD99
:1031D800F8170020024B5B6803B11847704700BF1F
:1031E800F817002030B1044B02681A6042685A6030
:1031F80082689A6000207047F817002070B50E4664
:103208001546044686B000211822684615F0E6FFE8
:103218000B490C4BCDE90116ADF80C5004932CB9B1
:103228006946204606F096FC06B070BD012220468D
:1032380006F0FEF90028F3D16FF01500F4E700BF9F
:10324800B89A0100DD31000001480DF07BB900BFDC
:10325800089B010038B5044618B90F4B0F485B6846
:1032680098476168B1F5683F10D0B1F5680F0DD087
:103278000B4DA9420AD011F46861206807D00146B5
:10328800084814F097FF00232360656038BD1422B6
:1032980015F0A4FFF9E700BFD804002063A90100D6
:1032A8002C5F5CA9041D002008B560B34368B3F522
:1032B800683F0ED0B3F5680F18D0144A934220D057
:1032C80000684FF0FF324FF0FF330AF06BFD58B142
:1032D80015E001220368D3E8EF1F002903D1C3E8F2
:1032E800E02F0028F7D10AD1002008BD0368084A5A
:1032F8001B7803F5807352F82330002BF4D005486F
:10330800F3E70548F1E76FF4E040EEE72C5F5CA9CE
:1033180000000350E98FFFFFEA8FFFFF08B520B3D5
:103328004368B3F5683F09D0B3F5680F13D0114A65
:1033380093421DD000680AF0ADFD14E00022036836
:10334800D3E8EF1F012903D1C3E8E02F0028F7D104
:1033580009D0094808BD00210368084A1B7803F50D
:10336800807342F823100020F4E76FF4E040F1E79F
:103378000348EFE72C5F5CA9E98FFFFF00000350CB
:10338800EA8FFFFF10B5044618B91D4B1D485B684E
:1033980098476368B3F5683F2FD0B3F5680F2CD012
:1033A800194A934219D1236803BB4FF0FF324FF0FB
:1033B800FF33214615480AF0C7FC08B923681BB932
:1033C8000F4B13485B68984714220021206815F0BA
:1033D80005FF4FF46863636008E0B3F5683F0DD8F4
:1033E8003A2B03D040F6BA629342DED1206814F03B
:1033F8002CFF636843F03A03636010BD054AF3E7A6
:10340800D804002063A901002C5F5CA9041D0020DA
:1034180089A901003A00003A08B506494023142258
:10342800054814F0B9FEBDE80840044904480DF009
:103438004DB900BF04180020041D0020109B010096
:10344800249B01002DE9F04706460C4600AF0029F1
:1034580036D0D1E90012E9468AB06D46A3684FF02C
:10346800050AA8461F48C5E90723C5E9050148F824
:1034780010AF002342464FF421511B48FFF7C2FB0F
:10348800D4E90312CD466369AD461848C5E9072358
:10349800C5E90501C5F810A0002342464FF42151A3
:1034A8001148FFF7AFFBCD46E3690121104A0E48EA
:1034B80011F0A6FEA36901210E4A0B4811F0A0FEE7
:1034C800012E07D1EFF305830B4A31460648103B1E
:1034D80011F096FE214630460AF070FABD46BDE866
:1034E800F08700BFB6A90100AC980100E5A901006A
:1034F80014AA010023AA010051AA010030BFFFF756
:10350800FDBF00BF2DE9F04105460B4EDFF82C80CA
:10351800324606EB0807CC1B2046094915F037FE52
:10352800A01942460021083C15F058FEC5F8A840ED
:1035380007F10800BDE8F081000000000400000069
:1035480028990100074A936893F90E10002907DBB0
:10355800526993421FBF044A536843F08053536033
:10356800704700BF5821002000ED00E070B52A4CDC
:1035780006460D4629482A4911F012FFA36ADB06C0
:1035880047D52648274911F00BFF1120A36A1C07CD
:1035980004D52248244911F003FF12201E4CA36AC7
:1035A800990712D521491D4811F0FAFE636BA26AEA
:1035B800120609D501211E4A184811F021FE1EB134
:1035C800A36A23F08003A3621320134CA36ADE07C7
:1035D80004D51248174911F0E3FE1420A36A9C068B
:1035E80004D50E48144911F0DBFE15200A4B9A6ADF
:1035F800D10658BF9A6A9A6A920642BF5A6A22F45A
:1036080000525A629A6A42F0FF029A6200232B70B3
:1036180070BD1020BAE700BF00ED00E0AC980100D3
:1036280064AA01007AAA0100ADAA0100C0AA01009B
:10363800D8AA0100EEAA01000DAB010010B5244C78
:103648002449254811F0ACFEA36A99013ED52248C9
:10365800224911F0A5FE1E20A36ADA0104D51E48EE
:103668001F4911F09DFE1F20194CA36ADB0204D5E7
:1036780019481C4911F094FE0220A36A1C0304D5C2
:103688001548194911F08CFE2120114CA36A5903E1
:1036980004D51148154911F083FE2220A36A9A0324
:1036A80004D50D48124911F07BFE2320084CA36A6B
:1036B800DB0304D508480F4911F072FE2420A36AE1
:1036C8006FEA03436FEA1343A36210BD1D20C3E7EB
:1036D80000ED00E03CAB0100AC98010054AB0100E8
:1036E80067AB010081AB0100ABAB0100C9AB0100C6
:1036F800EEAB010008AC010070B5294C06460D463A
:103708002848294911F04CFEA36AD9043CD525481C
:10371800264911F045FE1720A36A1A0504D5214849
:10372800234911F03DFE18201D4CA36A9B0512D5B4
:103738001C48204911F034FEA36BA26A100409D575
:1037480001211D4A174811F05BFD1EB1A36A23F43D
:103758000043A3621920124CA36A590504D51148E5
:10376800164911F01DFE1A20A36ADA050ED50D4878
:10377800134911F015FE1B20094A936A43F47F434D
:10378800936200232B7070BD1620C5E7A36A9B04C3
:10379800F2D504480B4911F003FE1C20ECE700BFEA
:1037A80000ED00E0AC98010033AC010049AC010029
:1037B800ADAA01005AAC010073AC010088AC01004D
:1037C800A3AC01000DAB01002DE9F0418AB0654BB7
:1037D8000446D3F80480002600AFC8F3080586F332
:1037E8001188BFF36F8F02F07F43B3F17F4F07D18A
:1037F80002F00C03082B12D15B495C4811F0D0FD94
:10380800002634460023FB71EB1E092B00F2898049
:10381800DFE803F00A7F827B878787878785100721
:103828004CBF0C460126EDE75149504811F0B8FD50
:1038380000234C4DFB71EB6A9A0705D54D494B485F
:1038480011F0AEFD002331E0EB6A002B01DA4A49A2
:10385800F5E7EB6A5B00F5D54849444811F0A0FD4F
:103868006B69A26943F480736B61BFF34F8FBFF339
:103878006F8F6B6932F8022C23F480736B61BFF38E
:103888004F8FBFF36F8F4DF602739A4207D0AB6A22
:10389800DBB26BB30120F91DFFF768FE37E0236840
:1038A8000121374A314811F0ABFC2368FA79DAB9BB
:1038B80007F1080504F1200C2A46206861680834DD
:1038C80003C264451546F7D17A6A002E45D0C2F383
:1038D800080121B96FEA52226FEA42227A62184639
:1038E80007F10801FFF7AEFD2837BD46BDE8F081B6
:1038F800AB6A13F47F4F04D00120F91DFFF7FCFEDB
:1039080005E0AB6AB3F5803F9CD3FFF797FE03460B
:10391800CCE70020F91DBFE70020F91DEEE71949A3
:103928008DE7194A18F4F87FE8468AB0174B18BF94
:1039380013466A461649103DC2E905134FF4007351
:103948001384144BD56142F8103F00234FF41151F2
:103958000648FFF757F9C54674E722F4FF7222F0CC
:103968000102BBE700ED00E0E9AC0100AC98010002
:1039780014AD01002BAD01004CAD01005AAD0100A2
:1039880079AD010095AD0100D0AC0100BBAC0100E0
:10399800B9AD010004000001064B5A6942F010025B
:1039A8005A615A6942F480625A615A6922F00802DF
:1039B8005A61704700ED00E0EFF30880EFF30981EA
:1039C80001B57246FFF700FF01BD00BF002080F37C
:1039D8001488BFF36F8F002080F30A8880F30B8868
:1039E800104880F3088800200F49087008F0BEF8D6
:1039F80000200E490860BFF34F8F00F02DF82020FB
:103A080080F311880A484FF40061401880F3098850
:103A1800EFF314800221084380F31488BFF36F8FFB
:103A280000F0E4F888590020D934002094ED00E033
:103A380048480020002318460649D1F89020C2F3D0
:103A48000722934200DB7047C1F89830C1F8A00004
:103A58000133F6E700ED00E010B572B6002484F3F8
:103A68001388FFF7E7FF23464FF0FF300C4A03F1B6
:103A780020010133102B42F82100F8D100234FF028
:103A8800FF30074A03F160010133102B42F821008F
:103A9800F8D162B6BFF34F8FBFF36F8F10BD00BF71
:103AA80000E100E0084B9B6883420BD1EFF30583EC
:103AB80043B1064B5A6842F080525A605A6A22F45F
:103AC80000425A620BF066B85821002000ED00E071
:103AD80017498A684FF030001044EFF3098C80E8EA
:103AE800F01F202080F31288BFF36F8F114F4FF023
:103AF80000664A698A603E604FF0A804141920687D
:103B08000D4C2060D2F8AC000023C2F8AC3080F332
:103B1800118802F1300090E8F01F8CF3098802F157
:103B2800000004B511F044FCBDE8044070470000F3
:103B38005821002004ED00E0201D00201EF0040F95
:103B48000CBFEFF30880EFF30980816911F8021CBC
:103B58000229FFD001B5724611F017FC01BD00BF64
:103B680040B2002807DB01234109034A00F01F0087
:103B7800834042F82130704700E100E040B200285D
:103B88000CDB01220649430900F01F008240203364
:103B980041F82320BFF34F8FBFF36F8F704700BFEB
:103BA80000E100E0054B420953F82220012300F010
:103BB8001F0003FA00F01040704700BF00E100E06A
:103BC80040B2002801F10101ACBF00F16040064B92
:103BD8004FEA4111C9B2ABBF00F5614000F00F00D8
:103BE80080F800131954704714ED00E00B4A08B52B
:103BF8000B4B22F07F029A60BFF34F8FBFF36F8F9A
:103C0800D3F8882022F47002C3F8882009F0C2FF94
:103C18000BF002F900F04AF80AF000F80000000082
:103C280000ED00E042F8203C009B0B4942F81C3CA8
:103C3800019B21F0010142F8183C029B42F8081C44
:103C480042F8143C4FF0807342F8043C0023203AB9
:103C58000265C0F8AC3070474D1D000000B50C4B34
:103C680015469860D0F8A8200A4B0E461A60D0F87E
:103C7800983083F30B882C4686F309880020064B7E
:103C880098472046002100220023044C204700BF0B
:103C980058210020201D0020C35301004D1D0000A5
:103CA8001022014B1A61704700ED00E0002320212B
:103CB8000348C2180133452B82F80013F9D1704725
:103CC80000E100E008B5EFF30583064A103B02EB7C
:103CD800C30152F8330049688847BDE80840FFF738
:103CE80031BC00BFFC9401001FB5094C094A2346AA
:103CF8000121094800F012F900230393074B012121
:103D0800E41A01A80193029400F012F904B010BD5E
:103D18000000072000000020349B01003808002024
:103D280010B50C7A0B6804F01F0223F01F031A4326
:103D3800CB68640923F01F03054943EA440343F0B1
:103D48000103C1F89800C1F89C20C1F8A03010BD4B
:103D580000ED00E010B50A4BD3F89030C3F3072309
:103D6800013B984208D901210346064A064811F04A
:103D780047FA6FF0150010BDFFF7D2FFFBE700BF51
:103D880000ED00E0D0AD0100949801002DE9F04F5E
:103D98008946144606464FF00008514D85B0C8457F
:103DA80027DAD6F804A0BAF1000F44D0BAF11F0FF1
:103DB80017D91AF01F0F14D1D6F800B01BF01F0F37
:103DC8000FD1584611F035FB07460AEB0B000138B6
:103DD80011F02FFB874210D06FF01507414A3B4680
:103DE80001E04346404A0121404811F009FA6FF0CA
:103DF8001504204605B0BDE8F08F17F1160FEDD079
:103E0800BC42EBDDC5F89870D5F89C10C5F89870E1
:103E1800D5F8A03021F01F0143F01F0BD6E900327E
:103E28001A44994202F1FF3A1DD1D34507D13146D0
:103E3800F8B211F007FB08F101080C36AFE731467C
:103E4800C5F89870D5F89C3022F01F0203F01F03C4
:103E58001343C5F89C30E0B211F0F4FA10F1160FD4
:103E6800C5D0441CE7E7C5F89870D5F8A020013BF9
:103E780023F01F0302F01F021343D3453146E0B27B
:103E8800C5F8A030E8D011F0DDFA10F1160FAED069
:103E9800C5F89870D5F89C209DF808300BF1FF3BC9
:103EA80062F304038DF80830D5F8A0309DF8082097
:103EB8005B0863F347128DF80820D6E900321344F3
:103EC800009323F01F035B44A3EB0A03013023F0A4
:103ED8001F036946C0B20393FFF73CFFBEE700BF6C
:103EE80000ED00E019AE0100F6AD01009498010064
:103EF8000522044BC3F89420BFF34F8FBFF36F8F95
:103F0800704700BF00ED00E0BFF35F8F0022024B57
:103F1800C3F89420704700BF00ED00E010B5034CD3
:103F28002278FFF733FF207010BD00BF2332002036
:103F38002DE9F74F294D8A4606464FF00008AB4653
:103F4800274FD0451BDAD6F80490B9F1000F3FD0BF
:103F580031680846019111F06CFA0199044609EBA1
:103F68000100013811F065FA84424FF014021D4B2C
:103F780008D002FB08F36FF015024BF8032003B0DA
:103F8800BDE8F08F14F1160F2C60F8D01978A14213
:103F9800F5DD02FB08B0C7F89840C7F89840D7F895
:103FA8009C4000F10801007B64F304000871D7F815
:103FB800A0000C79400860F347140C71D7F89C10E6
:103FC80021F01F016960D7F8A01021F01F012961B5
:103FD80008F1010814350C36B3E700BF241D002092
:103FE80000ED00E023320020F0B54149414CD1F802
:103FF80090302568C3F307239D4287B075D8002009
:10400800FFF782FF3C4BC1F8C030854216D13B4CCC
:1040180001A82570FFF7B4F800250646384FAE42D0
:1040280013D1002023783249D1F89020C2F3072217
:10403800934254DBFFF75CFF00202FE0616801EB3F
:104048000011FFF76DFE0130DFE70199280101EB50
:104058000513DA683A40B2F5001F21D0B2F5800F97
:104068002BD0B2F5801F38D15A689B680958013B9C
:1040780022F01F0003440120844623F01F0340EA76
:104088004C10CDE902218DF8100002A92078059383
:10409800FFF760FE00281DDA6FF0150007B0F0BDCD
:1040A8005A689B680958013B22F01F0003444FF0EF
:1040B800020C012023F01F03E1E75A689B680958A6
:1040C800013B22F01F0003444FF0000C062023F0B0
:1040D8001F03D4E723780133237001359FE7C1F824
:1040E8009830C1F8A00001339EE74FF0FF30D5E7C4
:1040F80000ED00E0409B0100AAFF440023320020AD
:104108000000F0FFF0B587B007460E4614460021C0
:10411800102268461D4615F061F802238DF802301A
:10412800054B2A4621466846CDE9047601930FF0EF
:10413800B7FC07B0F0BD00BF7F54010008B50248C6
:104148000FF062FCFEE700BF4BAE010008B5024B62
:104158001B689847002008BD381D0020034B044AFF
:104168001860937843F0020393707047381D00205D
:104178005C02002008B50649064821F00701C1F194
:10418800005202F5E02210F074F9002008BD00BFCB
:104198000B7A00203C1D002070B541690446867AE0
:1041A8000A4D59B1437ADB0706D42C2303FB065387
:1041B8005B6A1B689B689847002363612C20214633
:1041C80006FB0050BDE8704014F0E2B8D4060020A9
:1041D8002C22024B02FB0030704700BFD40600209F
:1041E8002C21827A054B01FB02339A6A1B7F801AC5
:1041F8001B3323F00303B0FBF3F07047D406002011
:1042080038B52C24827A064B04FB02335B6AD3E967
:1042180001240C601568FFF7E3FF04FB005038BD6C
:10422800D40600202DE9F04385B00546684690463F
:104238001C46039114F009FBDDE90067EFF31189CF
:10424800202383F31288BFF36F8F6B8B002B41D031
:104258002A8B9A4225D900220023284609F06AFEB3
:104268000446F0B189F31188BFF36F8F039B002BCD
:1042780041D032463B46684614F00BFB2C21A27A0B
:10428800254B204601FB02335B6A03A91B681D68A6
:10429800DDE90023A847606170BB2046FFF77CFF7B
:1042A80024E0698B4B1E6B8389F31188BFF36F8FF2
:1042B8002B7F2A8BAC6A1B3323F00303521A02FBB1
:1042C8000344154B154AEB1A9B105343A3722B7FDB
:1042D800E372CBE789F31188BFF36F8F2346424619
:1042E800284609F027FE04460028BFD100242046AE
:1042F80005B0BDE8F0836361012300252381039B9A
:1043080029466382E27A656004F1180014F066FFBA
:1043180063692582E360EAE7D4060020A38B2EBAFE
:1043280070B52C250B4C00B970BD037A4668013B6B
:10433800DBB20372002BF7D1C3604360837A05FBBD
:1043480003431B6A13B198473046ECE7FFF724FF95
:10435800FAE700BFD406002000F01F0240090DD084
:1043680001280DD1094B03EB8203D3F8002222F078
:10437800E04242EA0171C3F800127047044BF2E7C9
:104388000023803253F82230FFDE00BF002884501B
:104398000025845038B50124134B144DC3F800454B
:1043A80002230321C5F8D0360020FFF7D5FF2046A9
:1043B8000321FFF7D1FFC5F804472146C5F8044992
:1043C8002120C5F8004BFFF7C7FF21462020FFF743
:1043D800C3FF21460B20FFF7BFFF21460A20FFF746
:1043E800BBFF002038BD00BF001000500040005047
:1043F80007B50DF1070007F0DDFC114B98421CD101
:104408004FF480620F4B1049C3F8B8254FF400628F
:10441800C3F83C259DF8070012F064FE0B499DF88F
:10442800070012F05AFE01209DF80730984007F067
:10443800BBFC002003B05DF804FB6FF00B00F9E74C
:104448000000AD0B00A002502CA0025028A1025081
:10445800052370B5144D154E2C780134B4FBF3F3D5
:1044680003EB8303E41A12F012FE114A137823B106
:1044780056F82430C01A072814D94FF05023D3F81F
:10448800141141B10021C3F81411D3F814312C7060
:104498000CB9012313702C7812F0F9FD46F82400AA
:1044A800012070BD0020FCE725320020481D0020B7
:1044B8002432002048B1054B054A1B68B3FBF2F3D0
:1044C8005843044B43F0010318477047EC0300209E
:1044D80040420F00909901000149024810F047BB83
:1044E800789B01005C1D00204FF47F032DE9F0410B
:1044F800D3F830210646072A0D46D3F8343120D1A7
:10450800023B032B02D8124AD35CD3B14FF050249C
:104518004FF0010800270520C4F81886C4F814765F
:1045280012F0D9FD4046C4F8148612F0D4FDC4F840
:104538001476C4F8187630462B46BDE8F0410021C1
:1045480018474FF050230022C3F81426F3E700BFA2
:104558006BAE01001FB578B10023019303930123CB
:1045680069460848029310F015FB029B9B0700D18F
:10457800039B05B05DF804FB024805B05DF804EB49
:1045880010F05FBB5C1D002008B5044813F055FD12
:1045980000280CBF6FF01200002008BD70940100C5
:1045A8000E4B402928BF402170B51D460C4C4618BB
:1045B800B04203F1020304D1002305F81130074883
:1045C80070BD02781209A25C03F8022C10F8012BC6
:1045D80002F00F02A25C03F8012CE9E74432002044
:1045E800CEAE010030B503788BB0044607AD032B7F
:1045F80021D8DFE803F0021A1C1E12492846FCF7EE
:1046080079FB059563781E210493A3780E4A0393DA
:10461800E3780E4802932379019363790093A37991
:104628000FF012FA09480BB030BD0949E6E709490D
:10463800E4E70949E2E70A212846084A0FF004FAA4
:10464800DFE700BF89AE0100ABAE010026320020D3
:1046580090AE010097AE0100A1AE0100C6BF0100F7
:1046680030B50024094D0A4B85B0284602930394BF
:1046780013F066FF02AB284600934FF4E1620A2369
:10468800044909F093FE204605B030BDE81000202B
:10469800DFAE0100E03B00200146014809F000BF01
:1046A800E8100020037830B5012B13D0022B27D057
:1046B8007BB90A46184B03F1100453F8045BA34274
:1046C80042F8045BF9D11B78137043884B731B0ABB
:1046D8008B7330BD0A46104B03F1100453F8045B8A
:1046E800A34242F8045BF9D11B7813704368C3F303
:1046F80007224B731B0CCB731B0A8A730B74E8E7F6
:1047080000F1100350F8042B984241F8042BF9D11A
:1047180003780B70DDE700BFE8AE010010B5044672
:104728000AF038F9044B1B680BB120469847BDE8DE
:1047380010400AF043B900BF781D0020022838B5A0
:1047480005460CBF0648074810F0A6FE044620B1EF
:1047580001210C3010F0F5FE2576204638BD00BF4B
:1047680084070020D40600200F2810B50ED80D2885
:104778000ED90B4810F090FE044628B101210C30E8
:1047880010F0DFFE02232376204610BD1328F0D058
:1047980009B10448EEE70220BDE81040FFF7CEBF9C
:1047A8000808002058070020C36802211B78024A25
:1047B800024811F010B800BF08AF010014980100BA
:1047C80070B5C6683378B6F8014083B90F21204622
:1047D80002F05AFDF378054650B90A4A118831B9F2
:1047E8006FEA04506FEA10501080074A137070BDCA
:1047F8004372012102F066FC2846BDE8704002F0D1
:104808003BBC00BF04320020C532002070B5C3682D
:104818001D78BDB9B3F801600F21304602F034FDB0
:10482800044638B93346BDE870400121064A0748B6
:1048380010F0D1BF294602F045FC2046BDE8704083
:1048480002F01ABC70BD00BF30AF0100149801001F
:1048580010B5C3680121B3F80140204602F014FDE9
:1048680038B92346BDE810400121044A044810F035
:10487800B2BFBDE8104002F0FFBB00BF56AF010059
:1048880014980100012110B50C3010F095FEBDE818
:10489800104003780121024A024810F09CBF00BF73
:1048A8007AAF010014980100014610B5084810F0CD
:1048B800F7FD0849084813F018FE031E06DABDE89C
:1048C80010400121054A064810F085BF10BD00BF01
:1048D8004C0100207C020020C01100209CAF010088
:1048E8001498010010B5084C0146062294F86F0090
:1048F80002F08CFF38B994F86F000522BDE810402B
:10490800024902F083BF10BD000000206FAE010015
:104918000121024A024810F05CBF00BFB9AF010094
:10492800149801000B46B0B50D8A00AF044629461D
:10493800D868FFF735FE8AB06A46094BC2E90750C6
:10494800C2E9053440F202439384064B4FF43251D6
:10495800054842F8103F10F04BFFBD46B0BD00BF00
:10496800D3AF0100050000011498010070B5C568B7
:104978000121B5F80160304602F086FC044638B9DA
:104988003346BDE8704001210B4A0C4810F023BFA4
:104998002B783BB9D5F80330C0F89530D5F80730F7
:1049A800C0F89930201D4FF4803110F016FF2046D2
:1049B800BDE8704002F060BB56AF010014980100DA
:1049C800B0B53C28044600AF1AD101F079FE6FF06B
:1049D8008001103010F00FFF0020FFF783FF05461D
:1049E80030B90121114A124810F0F3FEBD46B0BD9E
:1049F8004472002102F066FB284602F03DFBF5E711
:104A08006D468AB06A460B4B4FF41251C2E9053025
:104A1800094B0748D36140F201331384074B42F82E
:104A2800103F10F0E5FEAD46E0E700BFF5AF01002E
:104A38001498010016B00100C0CA0100040000016A
:104A480037B50446084602EBC3039A4202D16FF019
:104A58005E0010E0114611F8085BA54211D1038AE7
:104A68005178994209D908480121084A009410F060
:104A7800D1FB6FF0150003B030BD53689847002094
:104A8800F9E70A46E1E700BF1498010032B00100D7
:104A980073B53D4810F019FD0446002872D0017E18
:104AA800022948D008296AD1038A032B05D8374A36
:104AB8000121374810F08FFE13E004210C3010F06C
:104AC8007BFDFF23428806886376238AC6F30B00A2
:104AD8009A42A08309D0012100922D482D4A10F056
:104AE80099FB2046FFF71CFC12E00F2102F0CCFBDB
:104AF800054610B9A38B284ADAE702F005FC2146DF
:104B08006076320B284602F08BF9284602F0B4FA98
:104B1800224BD3F84C31002B34D02149214813F0D3
:104B2800E4FC031E2EDA01211F4A194802B0BDE831
:104B3800704010F050BE038A012B01D81B4AB7E71A
:104B48000C3010F039FD0546007810F030FE10F0FA
:104B580002060DD140F6CE33154A164916480FF015
:104B680047FD86F31188BFF36F8F0323184602DFD2
:104B780004232146114A287810F045FEB1E70B4678
:104B88000F4A95E702B070BD4C01002054B00100F7
:104B98001498010075B0010099B0010000000020D0
:104BA8007C020020C01100209CAF0100BBB00100B6
:104BB800D7B001000BB1010039B10100249C0100FC
:104BC80056B1010010B5012104460C3010F0F4FC78
:104BD8002146BDE810400623014A007810F013BEB4
:104BE800449C0100F8B50121044600AF0C3010F0D8
:104BF800E3FC0678002321463046104AFFF720FFE1
:104C08005F3018D1258AE0682946FFF7C9FC6C4651
:104C18008AB06A460A4BC2E90750C2E9053640F233
:104C280002439384074B4FF43251074842F8103F30
:104C380010F0DEFDA546BD46F8BD00BF749C01001E
:104C48006AB1010005000001149801002DE9F74F31
:104C58000023804689461746DFF814A1DAE8EF4FAB
:104C6800CAE8E23F002AF9D1264644B94346012161
:104C7800404A414803B0BDE8F04F10F0ACBD2046B3
:104C8800FFF7AEFA4FF00C0B3C4D0BFB005043887E
:104C980043451BD02046FFF7A3FA0BFB005043887F
:104CA80001210093364A4346334810F0B3FADAE854
:104CB800EF3FCAE8E26F002AF9D1002B54D01E4614
:104CC800304603B0BDE8F04FFFF72ABBA7420FD02C
:104CD800204610F0DCFB022304F10C0801214046B9
:104CE800237610F02EFC40463A8AF96810F03AFC18
:104CF8002046FFF775FA0C2707FB00504368ABB155
:104D0800B9F1000F12D12046FFF76AFA012107FB1B
:104D180000504268D2E90003127A03F01F07B94035
:104D28005B09DAB100EB830010F057FD2046FFF76E
:104D380057FA0C2707FB00508368002BC0D0204689
:104D4800FFF74EFA784305F800902046FFF748FA37
:104D580007FB0055A86809F01FF9B1E7C94300EB44
:104D6800830010F048FDE1E703B0BDE8F08F00BF15
:104D7800480100209CB10100149801007C1D00200E
:104D8800C4B101002DE9F84F0123D0F80C80018A45
:104D980098F8004000AF03EB84038B425BD96D4663
:104DA8008AB06A46C2E9073105232D484FF42151DC
:104DB800C2E905042B4842F8103F10F019FDAD4632
:104DC800BD46BDE8F88F4B460121274A254810F01B
:104DD80002FD013598F800309D42F1DA08EB8503B1
:104DE800B3F801900F214846B3F8036002F04CFA7B
:104DF80004460028E7D000F1C0095EB1204601F062
:104E0800B3FF09F0C9F8636943B95A460121154847
:104E180010F0DFFC204602F02FF9DAE7A1691A68E2
:104E28008B42626108BFA261C3F800A0226A7AB906
:104E3800C4E90733D9E8EF3F013BC9E8E23F002A5C
:104E4800F8D100212046013E01F09AFFB6B2D4E71E
:104E580013602362EEE70025DFF810B0AA46B9E731
:104E6800F7B101001498010021B201003DB2010020
:104E780073B5C5680121B5F80160304602F004FA3F
:104E8800044640B9334601213A4A3B4802B0BDE8DE
:104E9800704010F0A0BC2B78061D1A2B19D1C378CE
:104EA800012B4ED14FF48041304610F096FC42045D
:104EB8000FD4D4F8883069460093D4F8903020464F
:104EC800019302F073FF204602B0BDE8704002F083
:104ED800D3B82B78ABBB40F67A41B5F80320A4F8D9
:104EE800862093B2B5F80520A4F88C20B5F80720E1
:104EF800A4F88E209A1F92B28A4204D902211F4A2E
:104F08001D4810F068FCB4F88C30B3F5FA7F04D370
:104F180002211B4A184810F05EFC40F67641B4F8AE
:104F28008E30A3F10A0292B28A4204D90221154AAC
:104F3800114810F050FC6FF48051304610F05BFCC3
:104F480014E0D6E8AF3FDB04F5D52B78202BF2D15F
:104F580094F89430002BEED0013B84F894304FF451
:104F68002032002304F1400009F0C4FA204602F080
:104F780037FBA8E756AF01001498010054B20100AE
:104F88007CB20100A3B20100054BD3E8AF2F02F0B9
:104F98000902D3E8EF1FC3E8E02F0028F9D17047D2
:104FA800D400002010B5C1E900239DF808300C4654
:104FB8000B72FFF715F90C22024B02FB00335C6001
:104FC80010BD00BF7C1D00202DE9F0474FF0FF32D7
:104FD80006464FF0FF331848884610F05DFA04463D
:104FE80038B300F10C070121384610F0AAFA012362
:104FF80020462376FFF7F4F84FF00C090F4D4FF0D9
:10500800000A09FB005046802046FFF7E9F809FB33
:105018000050C0F808A02046FFF7E2F809FB005549
:1050280003213846C5F804A010F096FA068080F8E7
:1050380002802046BDE8F087DC0700207C1D0020A8
:1050480070B5064690B00B4D01AC0FCD0FC40FCD17
:105058000FC40FCD0FC495E8070084E807000E2E93
:105068009DBF10AB03EB860656F83C0C024810B007
:1050780070BD00BF38990100CFB20100034B014653
:10508800D3F86C0182689268104700BF00000020C6
:105098002DE9F843044600F10C06304610F09CFA5E
:1050A800B4F810800546B8F1010F0AD8434601212B
:1050B800194A1A4810F08FFB2046BDE8F843FFF75D
:1050C8002FB93046022110F077FA0746007810F021
:1050D8006EFB10F0010906460DD140F6EE73104A3A
:1050E800104911480FF084FA89F31188BFF36F8FC4
:1050F8000323184602DF052321460C4A387810F0AE
:1051080082FBB307D8D56369A4F8108013FA85F534
:10511800E560BDE8F88300BFBBB00100149801004A
:10512800D7B00100D7B2010039B10100FC9B0100E2
:1051380038B50C4609F02EFC237E022B05D0082B2F
:1051480014D12046FFF7B0FB0BE0E368187810F0A5
:105158002EFBC207054602D52046FFF799FFAB078D
:10516800EFD4002409F02AFC204638BD0121054A65
:10517800054810F030FB2046FFF7D2F86FF0150411
:10518800F0E700BFF0B20100149801002DE9F84FD4
:105198003D4C00AF04213D4810F01FFB3C4DE27927
:1051A8003C4B2046012A88BF1D466E46FFF71AFA77
:1051B8008AB06A46384BA346C2E905350125374B04
:1051C800D0611362364B4FF42351364842F8103FF2
:1051D80010F00EFBDFF8D080B546DFF8C890334EEC
:1051E800E3790BF1070B9D4238DB94F870506E465B
:1051F8002846FFF725FF8CB06A46B4F87210B4F859
:105208007630C2E907514FF400755362DFF8A0C049
:10521800284BC2E905C015854FF4535142F8103F99
:10522800204810F0E5FAB54694F871603046FFF76B
:1052380007FF8AB06A46B4F874301F49C2E90763A9
:105248001E4BC2E9051095844FF43351154842F8B6
:10525800103F10F0CDFABD46BDE8F88F5846FFF76D
:10526800C1F9EA468AB06A4640F20133C2E90565E7
:10527800D06113844FF41351484642F8108F10F050
:10528800B7FA0135D546ABE700000020D40000206E
:10529800C0CA010004B3010008B301000002010301
:1052A80004000002149801000400000117B3010073
:1052B80028B301000600000166B3010005000001E3
:1052C8000048704705A60100014809F069B800BF09
:1052D8006C02002038B505460C4619B9FFF774FE74
:1052E8000446D8B140F635439D420FD12046FFF71A
:1052F800C5FE054640B1034601210A480A4A10F096
:105308006AFA2046FFF70CF8284638BD21460748B8
:1053180013F033F80025FFF7D7FFF5E76FF06805BE
:10532800F2E700BF149801008DB30100540100207A
:10533800F8B50521054640F63540FFF745FE044619
:1053480078B9FB231C4A1D491D480FF051F91D4827
:105358000FF04EF984F31188BFF36F8F03231846BB
:1053680002DF04F10C070121384610F0F5F8012698
:1053780004210670384610F0EFF805800025214614
:105388008670C57040F63540FFF7A4FF044688B123
:1053980040F20513084A0C4909480FF029F921463B
:1053A8000A480FF025F985F31188BFF36F8F03239F
:1053B800184602DFF8BD00BFD7B00100FCAE0100FF
:1053C80039B10100AFB30100CEB30100D7B301007A
:1053D8002DE9F0410446868B477E807AFEF7F8FE79
:1053E8006169054649B1637ADA0704D4436A2046FD
:1053F8001B689B689847002363612146284612F082
:10540800C7FFA37E33BB144B93F88A309B0621D584
:10541800384602F0D1FA044638B93B46BDE8F041B7
:1054280002210E4A0E4810F0D6B9837A073B012BA9
:1054380009D90B4802210B4A10F0CBF92046BDE8E8
:10544800F04101F019BE01F017FE3046BDE8F04109
:10545800FFF76EBFBDE8F08100000020FAB301003D
:105468001498010023B4010073B5C368D9789A78F9
:105478001E8842EA0122ADF8002059791A79B4B29F
:1054880042EA0122ADF80220D9799A79204642EA07
:105498000122ADF804201A7A5B7A012142EA03233B
:1054A800ADF8063001F0F0FE054658B901211C4858
:1054B80023461C4A10F08FF90221204610F0D8F933
:1054C80002B070BD694602F0D1F838B91E212046F5
:1054D80010F0CEF9284601F0CFFDF1E70E2142F297
:1054E8002000FFF771FD04460028F3D00E210C3090
:1054F80010F032F800230680C0F80A30BDF80030FA
:1055080021464380BDF802308380BDF80430C38053
:10551800BDF80630038142F22000FFF7DBFED9E731
:105528001498010056AF010038B502460B462B4DC2
:10553800D5F8541109B9002038BD05F5987008F060
:105548005FFD0028F7D10022002305F5AA7008F0B6
:10555800F1FC044668B940F6DD33214A2149224866
:105568000FF046F884F31188BFF36F8F03231846B2
:1055780002DFD5F848315BB101211C4A1C4810F004
:1055880028F9D5F84801FEF7CBFE0023C5F84831C5
:1055980020460FF0B0FFC5F848012046FFF76EFD22
:1055A8000346C8B10121134A114810F014F91248F2
:1055B80008F0F2FC2046FEF713FE0C220F4B02FB0C
:1055C8000033588818B122461F21FFF73FFB2046B9
:1055D800FEF7A6FEFFF778FE0120ADE700000020E9
:1055E800D7B00100FCAE010039B101004FB4010091
:1055F800149801008DB30100300100207C1D0020AB
:105608002DE9F04F87B0054616460C4600AF31B974
:10561800FFF7DAFC044648B96FF0680092E0887A30
:10562800FEF7D6FD534B834240F09E8001220021B5
:10563800384612F0BBFE2046FEF7D2FD0C23DFF8F9
:1056480038A103FB00A0876020460FF054FF0146F5
:105658004A4812F092FEFFF737FE13F063FE484BFC
:105668001A58484B9A4220D1DFF81CB1434812F02F
:1056780099FE002181464FF4A020FFF755FF804690
:1056880088B94FF4D8735946404A41480EF0B0FFE4
:10569800294640480EF0ACFF88F31188BFF36F8F9E
:1056A8000323184602DF4C45E0D14FF4A022002323
:1056B800384608F0A5FC804698B14FF4DB73334AAE
:1056C800354933480EF094FF4246294633480EF0D8
:1056D8008FFF002383F31188BFF36F8F03231846CE
:1056E80002DF2046FEF77CFD0C2358431AF80080A1
:1056F800B8F1000F30D06E468AB06A46284BC2F81F
:105708001C80C2E90535274B4FF43251136240F231
:1057180002439384244B254842F8103F10F068F860
:105728002046B546A8F10908FEF7FAFDB8F1090FB9
:105738000FD8DFE808F01C0E0E0B050E0E0E0E1922
:105748006FF00B001C37BD46BDE8F08F6FF00C0002
:10575800F8E76FF00400F5E716B134600020F1E7D0
:105768002046FEF7DDFDF9E76FF01500EAE76FF078
:105778006E00E7E7DC0700207C1D002054010020B4
:1057880008000000B81500206AB40100D7B0010075
:1057980039B1010072B40100CEB3010092B4010026
:1057A800D7B40100C0CA0100050000011498010027
:1057B8000022F0B583B0114640F6034000AFFFF772
:1057C8001FFF0446002840F0A180FFF7DDFB2146BB
:1057D80041F203003A1DFFF713FF0446002840F08A
:1057E80095807A68B04DD16805F17803D1F8010049
:1057F800D1F8051003C31046FEF792FD214641F289
:1058080001003A1DFFF7FCFE044600287ED17868A7
:10581800C3685A7885F870205A88A5F872201A79D2
:1058280085F87120B3F80720A5F87420B3F805307F
:10583800A5F87630FEF774FD214641F202003A1DC4
:10584800FFF7DEFE0446002860D1D7F804C005F152
:105858008006DCF80C20531C41323446186859681D
:10586800083303C493422646F7D16046FEF758FD35
:1058780001F056F90446002848D195F88A309E066A
:1058880010D40221894A8A480FF0A3FF95F87C308A
:1058980058063FD40121874A85480FF09AFF6FF0D8
:1058A800120433E0072140F63340FFF78DFB06462C
:1058B800002800F0EC8007210C300FF04DFE1B2370
:1058C80003700223C0F802408471447004712246B8
:1058D800C370314640F63340FFF792FE0446A8B93C
:1058E800012140F63140FFF76FFB0646002800F023
:1058F800CE8001210C300FF03EFE2246314640F6A4
:105908003140FFF77DFE04460028BFD020460C3703
:10591800BD46F0BD002142F203003A1DFFF770FEBC
:1059280004460028F2D17B68634EDA68D2F8010099
:10593800D2F8051003C61846FEF7F2FC214642F2DB
:1059480002003A1DFFF75CFE04460028DED17C68A1
:10595800E368B3F8012091B249B1D97839B1A5F813
:105968000421DA78114606F1280012F01FFD2046BE
:10597800FEF7D6FC1F2395F87C60A5F8203116F0B9
:10598800200617D1022140F66D40FFF71DFB0446A3
:1059980000287CD002210C300FF0DEFD01232146C7
:1059A80003704670324640F66D40FFF729FE044604
:1059B8000028ABD195F89C30190712D5002142F286
:1059C8001C003A1DFFF71CFE044600289ED178688B
:1059D800C368D3F80120D3F80530C5E93823FEF7AA
:1059E8009FFC082142F20100FFF7EEFA0446002866
:1059F8004DD008210C300FF0AFFD95F8D83095F850
:105A0800D92013F0020F14BF2F230F2312F0090F10
:105A18004FF0000218BF43F4006303701B0A2146CD
:105A280043708270C270027142718271C27142F217
:105A38000100FFF7E5FD044600287FF467AF95F8FD
:105A48007C30B5F804119A0624D4C9B941F205008E
:105A58003A1DFFF7D5FD044600287FF457AFB5F887
:105A680004317C684BB9E368B3F80120A5F8042138
:105A78009A881248114612F099FC2046FEF750FC0D
:105A8800082140F60140FFF79FFA0446D0B96FF0AD
:105A980068043BE70029F3D10121094A04480FF0C3
:105AA80098FE6FF0040431E700000020F6B401000E
:105AB8001498010024B50100D80000200801002036
:105AC80048B5010008210C300FF046FD1023037083
:105AD8008823002243700226202321468270C67044
:105AE800027142718271C37140F60140FFF788FD6F
:105AF800044600287FF40AAF01463A1D4FF60140DC
:105B0800FFF77EFD98B1504A022150480FF061FE20
:105B180000F0C6FC044600287FF4F8AE01F054FFFC
:105B2800044600287FF4F2AEFFF730FBEEE67B6810
:105B38006E46DC688AB0B4F80130032B96BF444A3D
:105B4800444952F823106A46D3614FF4007342481F
:105B58001384424BC2E9050142F8103F4FF4135138
:105B68003A480FF045FEB4F80120B546022AB4F8C9
:105B7800033049D1052B47D8394A52F823106E46CD
:105B88008AB06A46D3614FF4007336481384334BA6
:105B9800C2E9050142F8103F4FF413512B480FF0AA
:105BA80027FEB546637994F806C0032B98BF2E4AA2
:105BB800B4F80760D4F809006C468CB094BF52F86A
:105BC800231024496A46C2E9073C4FF40073DFF802
:105BD8009CE09385264BC2E905E1C2E909604FF4D0
:105BE800735142F8103F19480FF002FEA546786835
:105BF800FEF796FB00214FF602403A1DFFF700FD25
:105C0800044618B11B4A7FE71249B8E77868C368A9
:105C1800B3F80130A5F8C130FEF782FB95F8C13022
:105C28005B077FF575AF21464FF603403A1DFFF736
:105C3800E7FC08B1104A67E77868C3685B7885F8BD
:105C4800C030FEF76DFB63E76BB5010014980100E7
:105C5800EC9B0100CFB201008FB5010004000001E8
:105C6800D49B0100A8B50100C49B0100C0B5010088
:105C780007000001EDB5010016B6010010B5FFF7E9
:105C880097FD034B1B6813B1BDE81040184710BDC2
:105C9800F41D002073B52A4D0646D5F86C0112F0A4
:105CA800CCF948B90121274A27480FF092FD6FF037
:105CB8001204204602B070BD6FF0020105F1D40055
:105CC8000FF099FD01210FF088FD10EA010434D18D
:105CD8001E4B1E600A4605F5987012F067FB05F525
:105CE800AA7012F03EFB1A4812F02AFC6FF0070364
:105CF8004FF4966217491648009408F057FB164966
:105D0800134808F031FCD5F86C01144983681B6806
:105D18009847044630B103460121114A0A480FF05A
:105D28005AFDC6E726B902B0BDE87040FFF740BD8E
:105D380005F1C40008F034FBBBE76FF07704B8E75F
:105D4800000000203FB6010014980100F41D002057
:105D5800C0110020E842002057B601003951000068
:105D680060B60100F7B5144B054693F99B300C4615
:105D7800002B1DDA14B9204603B0F0BD082C4FF0F3
:105D8800000142F2180001AA264628BF0826FFF79C
:105D980037FC0028F0D1019F3246F96828460131C6
:105DA80013F0F5F93846FEF7BBFA3544A41BE1E7D2
:105DB8006FF08500E0E700BF000000202DE9F04FFC
:105DC80085B00026624BB0F80190198849F47042FA
:105DD800914204BF1E805F4B00F1040808BF1E7883
:105DE800C3780546012B08BF5B4B404600AF14BF84
:105DF800002493F86F400FF06AFC414668B34FF0F7
:105E0800010A07F108000FF057FCD5F81130C7F860
:105E18000130B5F81530A7F80530EB78012B31D0F3
:105E28004046FEF7DFFB6C4688B06A464B4B4FF4A2
:105E3800E251C2E905304FF400739383484B494857
:105E480042F8103F0FF0D4FC1321A54648460FF046
:105E58002AFD1437BD46BDE8F08F20460FF0A0FD9F
:105E68000346006895F804A0B8609A889B7968682A
:105E7800BA81BB73B8F8042098F806303860BA8045
:105E8800BB71CAE707F10800FEF72CFDEB78044662
:105E9800012B0AD100F014FC83466FF0800110300A
:105EA8000FF0A9FC58460FF07AFE002CB8D0234614
:105EB800B5F8012023F8702BBA7BB868B989206738
:105EC8009A7100229980B5F81730A4F88630B5F891
:105ED8001930A4F88C30B5F81B30A4F88E30EB7864
:105EE8006272012BE37022D187F800A0BA88BB79CF
:105EF8003868A4F87B2084F87D30C4F8770000F077
:105F0800DFFB237A144AC3EBC3039918D358C4F8A8
:105F18007E308B88A4F882308B7984F88430D2E97B
:105F2800381303F03F03194301D000F089FD07211E
:105F3800204601F0C7F826B101212046667201F01B
:105F4800C1F8204601F022FA204601F095F880E7D2
:105F580004320020C5320020000000207CB6010079
:105F6800030000011498010000B5C36889B01878CF
:105F780020B109B05DF804EBFEF722BDB3F80120AB
:105F88008DF80000ADF80120DA788DF80320B3F819
:105F98000B20ADF81720B3F80D20ADF81920B3F891
:105FA8000F20ADF81B205A7C8DF81D2058680190F1
:105FB8001A899B7AADF808208DF80A30084B684694
:105FC8001A689B88CDF80B20ADF80F30CDF811205A
:105FD800ADF81530FFF7F2FE09B05DF804FB00BF1D
:105FE80083AE010038B5042104460C300FF0E4FA02
:105FF800034640885D7818B122461978FEF726FED8
:1060080035B1044807F0C8FFBDE83840FFF75CB970
:1060180038BD00BF30010020B0B50446032100AFF1
:106028000C300FF0C9FAE3680578197840F6354363
:10603800B0F80100984215D16C468AB06A460F4BF9
:106048000F48C2E905310F4B4FF41251D36140F2AA
:10605800013313840C4B42F8103F0FF0C9FBA546DF
:10606800BD46B0BD10B12246FEF7F0FD002DF7D0B9
:10607800064807F091FFFFF727F9F1E798B6010006
:1060880014980100C0CA010004000001300100207A
:10609800F8B506460024094DEF79E3B29F4202D8CD
:1060A8006FF0010007E0294630460FF06FFC073516
:1060B800631C08B12046F8BD1C46EEE7000000202E
:1060C80070B5194E06223146054613F08FF830B3E5
:1060D800062142F20500FEF777FF044608B30622C0
:1060E80029460C300FF03EFA2146002242F2050004
:1060F800FFF786FA044648B110F10D0F04D10221CA
:106108000A4A0B480FF04AFC204670BD33462A68FD
:1061180043F86929AA88B280012283F868200024FC
:10612800F2E76FF06804EFE769000020D7B70100D5
:106138003498010037B504460D4689B128461849F8
:106148000FF024FC60B9174A2968C4EBC404115144
:10615800A318AA889A80AA799A71002003B030BD42
:1061680068460FF09BFA0028F8D16846FFF790FFC1
:106178000028F5DA0B4A0098C4EBC40410519DF8C6
:106188000610BDF80400A31898809971002DE4D07A
:1061980012592A609A88AA809B79AB71DDE700BF03
:1061A80076AE01000000002070B50446B1B9C0B158
:1061B8001F490FF0EBFBA0B92046FFF769FF002845
:1061C8002FDA2378012B04D1A37903F0C003C02B65
:1061D80007D00121174A18480FF0E0FB6FF01500AF
:1061E80070BD164DEB79012B1ED005F1D403D3E811
:1061F800AF3FDB0707D4002CF0D020460C490FF046
:10620800C5FB0028EAD1EE792146731C3046EB71B4
:10621800FFF790FF08B93046E2E7EB79013BEB71F5
:10622800DEE76FF07700DBE76FF00B00D8E700BF21
:1062380076AE0100E6B701003498010000000020A6
:106248002DE9F341044640B91A4A02211A480FF0D1
:10625800A5FB002002B0BDE8F081002141F2090051
:1062680001AAFFF7CDF9054608B1144AEDE7019EEA
:106278000622D6F80C80124908F10107384612F0B8
:10628800B5FF28B1062238460E4912F0AFFF18B9FB
:106298003046FEF745F8DCE7D8F801303046C4F858
:1062A8000130BB882570A4F80530FEF739F80120C5
:1062B800D0E700BF14B80100349801002DB80100E0
:1062C80083AE01007DAE010007B56846FFF7B8FF51
:1062D800044BD87118B169460020FFF72BFF03B0B3
:1062E8005DF804FB00000020F0B5304D89B0EC7972
:1062F800002C53D195F8C26016F0010610D12C4A33
:1063080002212C480FF04AFBEC71162600240127C5
:10631800EB79E0B298422CD3002B3FD000203BE031
:106328006A4621464FF60940FFF76AF908B1224A42
:10633800E6E7DDF800C0DCF80C104B7823B96046BE
:10634800FDF7EEFF1D4ADBE78B1C02AA01F11204E0
:10635800174618685968083303C7A3423A46F7D165
:106368001868344638609B886046BB80FDF7D8FFC4
:10637800CAE708AB06FB003353F8182C33F8143C73
:106388006946CDF80120ADF805308DF80070FFF7AB
:10639800D1FE01340028BBD009B0F0BD0021084669
:1063A80009B0BDE8F040FFF7FFBE00BF00000020C5
:1063B8004BB801003498010077B8010097B8010084
:1063C8002DE9F0410D4617461C46064650B14BB123
:1063D8000A03037811D56D0708D501212D4A2E48E7
:1063E8000FF0DCFA6FF01500BDE8F0810FF0E5FA68
:1063F8000028F9D101232370F6E7E9072ED52748AD
:106408000FB1AA0608D4C3EBC302825C012A13D0D9
:1064180002B922700020E7E790F8D820510635D558
:10642800C3EBC302825C012A06D002B9227023782A
:1064380043F002032370EDE74FF00108072111FB39
:106448000381014430460FF0B0FA0028CCD184F81B
:106458000080002FDED0AB06DCD5E8E76A0712D54E
:106468000E49C3EBC3028E5C012E09D1072212FB31
:10647800036319440FF099FA0028B5D12670EAE7AA
:10648800002EE8D1FAE70FF098FAB3E76FF085002D
:10649800AAE700BFC0B8010034980100000000203E
:1064A80038B5104DEB7913B10024204638BDFFF7FD
:1064B8000BFF044628B10C4A01210C480FF06EFA74
:1064C800F3E7EB79002BEFD1FFF70EFF0446002826
:1064D800F1D1681CFFF7F4FD04460028E5D0044A12
:1064E800EAE700BF00000020DFB80100349801008F
:1064F800FEB801002DE9F74F0C4620219246009086
:10650800FEF762FD0546002855D020210C300FF01B
:1065180023F820228146002112F060FE002609F1AE
:10652800010B04EBCA0A0023D4F800806268934286
:106538000CD30834A245F6D100222946009889F8E0
:10654800006003B0BDE8F04FFFF75AB898F8012093
:10655800B01C81181F2998F800C015D9BCF1090F83
:10656800C0F11F0201D1002A0CDC0121134A144892
:106578000EF03DFE2846FDF7D3FE6FF0150003B080
:10658800BDE8F08F4FF0080CD7B2791C0BF8061055
:10659800711CC9B20BF801C0D8F804105BFA80F07E
:1065A8000193023712F0F3FD019B3744FEB2013329
:1065B80008F10808BAE76FF06800E0E721B90100C0
:1065C800E4970100072208B50349093012F00EFECE
:1065D800003818BF012008BD76AE0100F8B5154B8C
:1065E800067804460D4683F86F60FFF7EBFF70B935
:1065F8003046114901F08EF8044610B96FF00B00CF
:10660800F8BD052100F05EFD00202C60F8E704F1DC
:1066180009073946304601F0C1F840B920783946B3
:1066280001F078F804460028E8D00621EAE76FF080
:106638001500E5E7000000206FAE0100F8B54568D9
:106648000646690535D4046914B115F0010330D044
:10665800194F3078FB7983422BD9C0EBC000072251
:106668001649384412F0C2FDA8B115F0010306D14D
:1066780097F87020082A02D8B2689F2A19D915F00D
:10668800300F09D0ACB1EA060AD405F46035B5F587
:10669800603018BF0120F8BDEB0601D4002CF4D1FE
:1066A800D6E902239A4204D81F2A02D9B3F5804FAB
:1066B800EBD90020EFE700BF0000002076AE010014
:1066C80000487047180000202DE9F04F9A46002333
:1066D800D1F810908DB0B9EB03060546934818BF62
:1066E8000126059207930FF092F90C46410740F1F5
:1066F80012812046FFF7A2FF28B96FF0150B584604
:106708000DB0BDE8F08F20460FF06EF980460028E6
:10671800F3D005F1100738460FF079F90206C0F3F7
:10672800C01300F1FB80CDE90933CDF82B30A36805
:106738006068ADF82030E3686FF48071ADF82230FE
:106748000FF056F98DF82D0078480FF063F923788B
:10675800774A2B7082F86F302846324661680DF10F
:106768002503FFF72DFE83460028C8D105F109024D
:10677800B9F1000F18D021690868C5F809008888A0
:1067880090808979204691710FF0D4F962680646A5
:10679800D0071BD4920503D4169B0BB9022E5CD1EB
:1067A80002238DF8243023E0624B20461968C5F88F
:1067B800091099889B79918093710FF0BBF96268F1
:1067C8000646D107E6D58DF8249011E012F0100F97
:1067D8000CBF01220422D8468DF8242022691168B2
:1067E800CDF826109188ADF82A1092798DF82C20D2
:1067F8000F2142F20600FEF7E7FB8346002800F06F
:1068080090800F2208A90C300EF0ACFE00225946E9
:1068180042F20600FEF7F4FE002840F08580B9F148
:10682800000F20D06368DB072BD4012128460FF026
:1068380091F98346002866D001213F4A3F480EF06F
:10684800D6FC079C002C3FF45AAF2046002100F0EC
:1068580039FC204600F010FC51E70323DDF858808E
:106868008DF82430C4E7179B524600932846CDE99B
:106878000186169B05990FF0EBF883460028D1D0C6
:106888003DE7284607A9FFF7A9FE83460028CCD094
:1068980010F10C0F7FF433AFB9F1000F7FF42FAF75
:1068A800626890073FF52BAF636883F00203C3F378
:1068B800400B0BF001020E2138460FF0B6F8731E9C
:1068C8005A425A41082138460FF0AFF8B11E4A42E1
:1068D8004A41384609210FF0A8F862680A2138466B
:1068E80002F001020FF0A1F842460B2138460FF0E2
:1068F8009CF862680D213846C2F380020FF095F8C3
:106908004FF0000BFBE6079808B100F0B5FBB9F1B2
:10691800000FCED1C8E76FF00A0BF0E66FF0770BE7
:10692800EDE66FF0680BEAE68346E8E6D40000205F
:106938000000002076AE01003AB90100E49701009A
:1069480073B51546069A0C46CDE900322B460A4621
:1069580001461148FFF7B8FE21460646002340F2DB
:1069680001109D4202D1304602B070BD0A888242B1
:1069780004D14A6812B11278D20702D4013308311F
:10698800EFE70649064811F0E1FD4FF470220023B5
:10699800034807F0E3FDE6E718000020256A000039
:1069A8003000002010B519480FF0F9F86FF4804155
:1069B80017480FF02FF816480FF029F803461A0663
:1069C800C0F3C01021D512480FF021F8430513D5A4
:1069D8000E48FFF7F7FD03460E49087E93B90522D6
:1069E8000D4900F013FF044630B10021417200F058
:1069F80069FB204600F040FBBDE810400021034839
:106A08000FF0A8B806222131EBE710BD18000020CE
:106A180028000020000000206FAE010010B5FFF72D
:106A2800C1FF034630B1BDE810400221024A0348C5
:106A38000EF0E6BB10BD00BF55B90100E497010098
:106A480073B533480EF0E3FF10F4804F304C38D064
:106A580020460EF0DCFF030633D420460EF0D7FFA5
:106A680046052ED501A9A4F11000FFF7B7FD40BBDC
:106A7800A4F11000FFF7A6FD024620460EF0C7FF5E
:106A8800C0F3803120460EF0C2FF81F001014505B8
:106A98004FEA41011E4848BF41F001010EF0B7FF1F
:106AA800800448BF41F004011A480DF10303FFF7C1
:106AB80087FC054638B101210346174A17480EF0EE
:106AC8009FFB02B070BD012112480FF043F8019EF0
:106AD80028B9304602B0BDE8704000F0CDBA29466A
:106AE800304600F0EFFA6FF4804109480EF092FF4B
:106AF8000546304600F0C0FA6B04E2D5D4E8EF3F13
:106B080043F48043C4E8E23F002ADAD0F6E700BF46
:106B1800280000201800002074B90100E497010043
:106B280008B509F03FF938B101210346034A044882
:106B38000EF066FB6FF0040008BD00BFB1B901009C
:106B48002C98010008B509F0D3F838B101210346A3
:106B5800034A04480EF054FB6FF0040008BD00BF60
:106B6800CDB901002C98010070B505460B4B1C6887
:106B780044B154F8143C143C13B12846697A984738
:106B88006469F5E7064C074EB44200D370BD23682C
:106B980013B12846697A98471834F5E72C1E002067
:106BA800CC970100CC97010010B50446FDF718FBFF
:106BB800044901EB001120460EF0DAFDBDE8104053
:106BC800FEF782BBF81D0020002270B50446D1E90B
:106BD80001560748C1E9012211F0CFFB3DB131460A
:106BE80020462B46BDE870406FF06D02184770BD17
:106BF800BC06002070B5002205460E460023002181
:106C08000848FDF70FFB044658B1FDF7E9FA064BB3
:106C18003246294603EB00132046BDE870400EF0CB
:106C280082BD70BDB0070020F81D002070B5054674
:106C3800002200230E4807F0E3F9B8B90D4B1C6891
:106C480034B154F80C3C143C03B198476469F7E735
:106C5800094C0A4EB44204D32846BDE8704007F0F8
:106C68009FBBA36803B198471834F3E770BD00BF12
:106C7800A40600202C1E0020CC970100CC97010010
:106C88002DE9F843044620270025DFF85080EFF36C
:106C9800118387F31288BFF36F8FE16929B983F3F2
:106CA8001188BFF36F8FBDE8F883206A0A688142B4
:106CB80008BF2262E26183F31188BFF36F8FD1E9C5
:106CC80001694046C1E9015511F057FB1EB1002288
:106CD80049462046B047FEF7F7FAD8E7BC06002039
:106CE80037B504460430D0E8EF3F43F48062C0E88B
:106CF800E12F0029F7D159052BD40EF064FF10F4C9
:106D0800803F154D14D095F8D930DA0721D50223E4
:106D180000211A46204600910EF002FE0346C0B13B
:106D280001210E4A0E4803B0BDE830400EF068BAA3
:106D380095F8D8301B07E6D520460EF0D7FD034658
:106D480020B10121074A06480EF05AFAA37A072B08
:106D5800D9D003B030BD00BF000000201DBA01002B
:106D6800FC970100FCB901000448B0F8043100F5B3
:106D78008470002B08BF0020704700BF000000206F
:106D880030B5044612F0CEFA0D460C490C4A0958A3
:106D98008BB0914205D120460BB0BDE83040FFF7DB
:106DA8006FBF24342146104611F09FFB1DB1694680
:106DB800204611F0AAFB0BB030BD00BF0800000050
:106DC800B815002038B5002204468A4202D10024B2
:106DD800204638BD012004F1C803D3E8EF5F002D39
:106DE80004D1C3E8EC0FBCF1000FF6D102D0D034C7
:106DF8000244EAE7002CEAD0C8220021204612F01B
:106E0800EDF904F14000044911F0A0FB034904F135
:106E1800240011F04EFBDBE7C1780000035C0100A1
:106E2800F7B50D46164601210446FFF7A9FF0021D4
:106E380028460EF0F6FC012E1BD0022E45D1236900
:106E48003BB136480121364A0EF0D1F920460EF002
:106E5800F8FE28460EF04FFB20612269138A012BA9
:106E68003AD82088FEF764FA012128460EF0D9FCAA
:106E78000CE0206940B92B4A314628480EF0B7F992
:106E880020460EF0DEFE01E02F8A2FB9284603B017
:106E9800BDE8F040FDF744BA0C300EF0A1FB874284
:106EA8000CD9214A31461D480EF0A1F9002220468E
:106EB800216900F04FFF00232361E7E720692A8A50
:106EC800E9680C300EF04EFBC7E701213346174A3C
:106ED80012480EF095F9D3E7D26816880436B6B290
:106EE800B342BED32846FDF71BFA21690B8A9E429E
:106EF8000BD201210E4A094800960EF08BF9204664
:106F080003B0BDE8F0400EF09CBE002301222046ED
:106F1800236103B0BDE8F04000F01CBFFC970100FE
:106F280034BA010051BA01006FBA010096BA0100E3
:106F3800B4BA010038B50122044600F1BC03D3E815
:106F4800EF5FC3E8E12F0029F9D17DB90EF082FE89
:106F580007F020FD094BC4F8B850D3F8281104F104
:106F6800B80239B9C3E9492207F028FDBDE838401D
:106F7800FEF7AAB90A60C3F82821F5E70000002047
:106F880070B53A4B5A8B32B1394DD5F8244134B9E2
:106F98000024204670BD1B68002BF5D1F8E754F893
:106FA800B83903B1B83B0026324901E01C46134604
:106FB800B5F80421002A56D0D5F810214AB904F1B1
:106FC800B806002BE4D0D3F8B820002AEED0B83A9F
:106FD800ECE70A68002AF2D0D4F8A420002AEED000
:106FE800D4F8A820002AEAD0D4F8AC20002AE6D0A9
:106FF800A37A072B0DD12046904750B104F1C00069
:107008000EF0E1FD022804DC2046BDE870400EF0D9
:1070180021BED4F8B83004F1B802E6B9D5F8281181
:10702800C5F824318A4201D1C5F82831002204F17B
:10703800BC03C4F8B820D3E8EF1FC3E8E02F00284A
:10704800F9D12046D4F8AC3098470028A1D0204682
:10705800FFF770FF9DE73360D5F828319A4208BFE3
:10706800C5F82861E2E79368FFDE00BFB00700209B
:1070780000000020BC06002037B5C83010F8C65CF8
:1070880010F8C54CD0E8EF3F5A1EC0E8E12F0029A0
:10709800F8D101A801930EF096FD01280BD10748FD
:1070A80006F07AFF064807F07BF9012D03D1012C81
:1070B80001D1FFF7C5FC03B030BD00BFA406002016
:1070C8009C020020F8B5867A04468E420D4600AF31
:1070D8001BD1082E98BF624B6C4688B094BF53F8FA
:1070E8002630604B6A466049C2E905134FF40073C5
:1070F80093835E4B42F8103F00234FF4E4515C4801
:10710800FBF780FDA546BD46F8BD817226B9837898
:10711800082B01D00EF09EFDA37A082B00F29D806B
:1071280001A252F823F000BF8D710000097200001F
:107138000F7100000F7100000F7100000F71000047
:107148000F710000557100000F710000A378042B27
:10715800D9D00021474808F03FF80023C4E90D338F
:10716800E378012BCFD1A3784FF42032012B08BF4D
:10717800032304F1400008BF84F89430002307F08B
:10718800B9F9C0E7A378042B03D12046FFF774FFB1
:10719800B9E7082EB7D801A353F826F0FB71000011
:1071A800C9710000ED710000937100009371000037
:1071B80093710000ED710000FB710000FB7100008D
:1071C80004F14005284611F0CDF901212046FFF7CA
:1071D800D7FD20460EF035FD00220023284607F093
:1071E800BDF990E7637A002BCFD02046FFF7BCFCAF
:1071F800CBE72B46204A02211D480EF001F882E712
:10720800637A3E2B0FD16D4688B06A461B4BC2E9A4
:107218000534032342F8103F00234FF4C4511448A7
:10722800FBF7F0FCAD46164D05F58476616911B99A
:10723800FEF74AF867E7A2690B68914208BFA361A5
:1072480020466361FFF7C0FCB5F80431002B14BF7A
:107258003046002006F0A0FEE8E70A4A2B46CAE7B7
:10726800849C0100CFBA0100D9BA010003000001D3
:10727800FC970100AC020020EABA010001BB010042
:107288000000002028BB010070B5024605460E46E6
:107298000A4801210EF0F5FC044610B900242046E6
:1072A80070BD83781E42FAD102212B46044A054854
:1072B8000DF0A6FF2046FFF7DFFEEFE7981200204B
:1072C80044BB0100FC970100F8B5074609480D4684
:1072D80016460EF0BFFC044650B183781F4203D116
:1072E800BDE8F840FFF7C8BE3146A8472046F7E793
:1072F800F8BD00BF98120020002201200149FFF7C5
:10730800E3BF00BF3F5C0100034BC01A034B0011F1
:107318005843C0B2704700BF98120020C54EECC455
:1073280070B51C46144305460E460BD011F0FAFF03
:10733800104908581049884206D102210F4A1048BE
:107348000DF055FF002213460E49002D14BF2846A4
:1073580008460EF0A1F8044630B902210A4A084846
:107368000DF045FF204670BD711D0C300EF0E9F898
:10737800F8E700BF08000000B81500205BBB01005B
:10738800FC9701000007002084BB010010B50446EB
:10739800054807F005F8204600F06CFB2046BDE8DC
:1073A8001040FFF7E1BB00BF8C0200202DE9F04F31
:1073B800002587B000AFFD607D61FFF7E1FD044661
:1073C800F8B1837A072B26D06E4688B06A467D4B83
:1073D800C2E90530032342F8103F4FF4C4512B464D
:1073E8007948FBF70FFCB5464FF0FF312046D4F83B
:1073F800A43007F110029847014630B92046FFF73C
:107408003BFE1C37BD46BDE8F08F20467B69FA6815
:107418000EF0DCFBE8E7DFF8B481D0F8A430B8F868
:10742800041107F11002984706460028E6D0B8F87C
:1074380004213B699A4208D30146D4F8A850204653
:1074480007F1140307F10C02A847D7E903BA7B69CF
:107458007B60338A002B00F0B28030460EF09EF934
:107468008146E8B16FF004036D4688B06A46584912
:10747800D461C2E90513042342F8103F00234FF4F6
:1074880001515148FBF7BEFB31462046AD467B69AA
:10749800FA680EF09BFB132120460EF014FCADE7B2
:1074A800B8F804314B48002B08BF00200022002305
:1074B80006F0A6FD10B16FF00B03D5E700220023FC
:1074C800454806F037FD05460028F4D07B68C0F82B
:1074D80004B08360B8F804B1338ADA4598BF1FFA5C
:1074E8008AFB5B4541D930460EF005F85946FFF74F
:1074F80081FBB8F804218346924588BF4FF0010903
:1075080094F8C43004F1C00A9CBF0233DBB284F89B
:10751800C490DAE8EF2F0132CAE8E12F0029F8D148
:1075280000222A60A2691ABBC4E90555A278012A7B
:1075380021D104210BF10C007B600EF024F87B684C
:10754800228803F0FD0342EA03330380BBF81030BE
:10755800043B4380042358468BF81830FDF78EFD12
:10756800814650B9FDF7B0FE48E759463046BEE7B8
:107578001560A561DAE76FF01509DAE8EF3F013B1E
:10758800CAE8E23F002AF8D1294604F114000EF0B7
:1075980037FB124A4B4601210B480DF031FE584685
:1075A800FCF7BEFE20462946FFF70EFBB8F804316B
:1075B8000848002B08BF002006F0EEFC52E76FF0E9
:1075C800790351E7ADBB0100FC97010000000020E2
:1075D800C4BB010008010020BC0600208DB30100D7
:1075E800F8B5031D044618460EF0EDFA820415D5C9
:1075F800B4F88620B4F8881091420FD8B4F88A10ED
:1076080091420BD3D4E92312914207D1D3E8EF1F5B
:1076180021F40051C3E8E21F002AF7D1104B1D687E
:107628006DB155F8046C143D3EB12046B4F88E3067
:10763800B4F88C20B4F88610B0476D69F0E7094DAE
:10764800094FBD4200D3F8BD2E693EB12046B4F8BB
:107658008E30B4F88C20B4F88610B0471835F0E7AF
:107668002C1E0020CC970100CC9701002DE9F04199
:10767800074608460D460EF0D6F8064618B9002605
:107688003046BDE8F081144B1C6884B154F8083CBE
:10769800143C0BB96469F8E729463846984700282E
:1076A800EDD028460EF0BFF80028F3D1E7E70B4CE1
:1076B800DFF82C804445E3D2E3680BB91834F9E7C6
:1076C8002946384698470028D9D028460EF0ABF806
:1076D8000028F3D1D3E700BF2C1E0020CC9701006F
:1076E800CC9701000A4B00F11402196831B94161C5
:1076F800596839B9C3E90022002070478A4204D08A
:107708000968F3E70A605A60F6E76FF010007047FF
:107718002C1E002038B505460C460E480121FFF7FF
:1077280051FBB0B1057223680367A388A0F87430D1
:10773800A37980F8763001238370074BC0F8A43012
:10774800064BC0F8A830064BC0F8AC30054BC0F863
:10775800883038BD98120020A17B0000B95B010079
:10776800AD5B01001800280070B505460A480E46B2
:107778000EF070FA044620B18378012B04D0FFF78D
:107788007BFC0024204670BD324629460EF0BBFA29
:107798000028F7D12046F2E798120020B0B500AFD4
:1077A8000D46FFF7E1FF044610B32846FCF71AFF21
:1077B800A37A6D46082B98BF0E4A8AB094BF52F838
:1077C80023300D4B6A46C2E907030C4B0C49536240
:1077D8000C4BC2E9051442F8103F00234FF4425104
:1077E8000948FBF70FFA2046AD46FFF745FC012094
:1077F800BD46B0BD849C0100CFBA0100010302045C
:10780800E7BB010005000002FC970100F8B505463A
:107818000E480E4617460EF01DFA044620B183782E
:10782800012B03D0FFF728FC00240DE036B13246C7
:1078380029460EF068FA08B92046F3E7A37ABB4256
:10784800FAD1237AAB42F7D12046F8BD981200202E
:1078580038B5044608460D460DF0E5FF38B3154B1C
:1078680093F8D830990707D4E37873B129462046AE
:10787800BDE8384000F09ABA94F895309A07F3D5E5
:10788800201D0EF0A0F94304EED4294620460EF040
:107898005CFA58B92B88A4F888306B88A4F88A3029
:1078A800AB88A4F89030EB88A4F8923038BD6FF01C
:1078B8001500FBE700000020F7B510F8363C044639
:1078C800A0F140060BBB30460EF0E5FA334B1D68BD
:1078D8004DB155F8103C143D1BB1304614F8371C17
:1078E80098476D69F4E72E4D2E4FBD4205D33046BB
:1078F80003B0BDE8F040FFF7BFBB6B681BB1304673
:1079080014F8371C98471835EFE710F83E3C012B60
:1079180025D1A0F13C05D5E8EF3F23F40052C5E896
:10792800E12F0029F7D1990421D5A36C694600936A
:10793800236D30460193FFF78BFF034688B9D5E8DE
:10794800EF3F23F48053C5E8E23F002AF7D1D5E89A
:10795800EF3F43F40063C5E8E23F002AF7D103B0E4
:10796800F0BD114A022111480DF04AFCEFE74FF42F
:1079780028130F4A69463046CDE90023FFF768FF10
:10798800034640B9D5E8EF3F43F48053C5E8E23FEA
:10799800002ADCD0F6E7074AE4E700BF2C1E0020E7
:1079A800CC970100CC97010020BC0100FC97010096
:1079B8001800280045BC010010B902480EF04AB969
:1079C800002070479812002010B50C4810F0C9FC30
:1079D8000B490A4810F0D1FC0A49084810F0CDFCC0
:1079E8000949064810F0C9FC0EF03CFE0FF0FCF8FF
:1079F800044608B90EF0B2FA204610BDBC060020B5
:107A0800081E0020141E0020201E002008B5034672
:107A18000121034A03480DF0F3FB002008BD00BF15
:107A2800F8BC01003C98010080B500AF88B06A46F8
:107A3800074BC2E90530032342F8103F00234FF4F7
:107A4800C2510448FBF7DEF86FF00B00BD4680BD5D
:107A580020BD01003C980100044B1A680AB1FFF7E9
:107A6800E3BF0348586010460B607047341E00207F
:107A7800C89C0100F7B504460026224D224FBD429E
:107A880001D303B0F0BD20466B6801A998470028D0
:107A980033DB019B2A889A829A84A86803F1100232
:107AA800D2E8EF1FC2E8EC6FBCF1000FF8D1C3E9D0
:107AB80013669E649E60A16B03F10802F9B9C4E9DC
:107AC8000D221C60D86003F1300010F04AFC0198C8
:107AD80043681B6803B19847019B1033D3E8EF1F35
:107AE80041F00101C3E8E21F002AF7D10198436879
:107AF800DB6913B100F1100198470C35BFE70A6044
:107B0800A263DEE7A8970100CC97010030B50446D0
:107B180052EA030008D011F005FC064D2D5806481E
:107B2800854204BF002213462046BDE83040043198
:107B3800FFF7F6BB08000000B815002073B505462E
:107B480018462B680BB39B7A072B1ED1002A14BF4B
:107B5800022301230E7A9E4209DD01210C4A0D48B9
:107B680000960DF057FB6FF0150002B070BDCB7A90
:107B7800072BF8D9C8618A6105F1300010F0FDFBC8
:107B880028460EF00CF90020EFE76FF07F00ECE7D5
:107B980047BD01003C9801002DE9F0470E4691468B
:107BA800D0F8B04000AF4CB1483C236B6BB104F146
:107BB800300A504610F0F6FB054658B9FDF784FB2D
:107BC80000252846BD46BDE8F08720460EF003F99B
:107BD800A46CE8E70DF0E2FD80B16C4688B06A4617
:107BE800294BC2E90535032342F8103F00234FF41F
:107BF800C2512648FBF706F8A546E1E7236DB3B95D
:107C0800A38CB5F81080403B9BB23F2B03D8238D43
:107C1800984528BF9846042105F10C000DF0B3FCE7
:107C2800A0F80080A38C438008F104032365236D2A
:107C38002A8AB3420ED8934215D0A38C403B9BB2FC
:107C48003F2B1ED920460EF0C6F8236B13B12046F1
:107C58000EF0A5F8236D9E422CBF00269E1BC9F886
:107C680000302665ADE700220023504606F062F991
:107C7800A38CA3F140023F2AE4D8054AAA61EB612C
:107C8800E0E700221346F9E767BD01003C980100D0
:107C9800175F010073B50D460646042105F10C0077
:107CA8000DF08AFC2B8A428804469A4207D00121AB
:107CB80000921A481A4A0DF0ADFA02B070BD437826
:107CC8003BB9184A0121154802B0BDE870400DF0D3
:107CD8008EBA0378012BF0D0132B03D1012AECD8EC
:107CE800114AEFE70221114A0C480DF089FA617830
:107CF8000222012035680EF0E6F804460028DCD0A0
:107D080002210C300DF028FC00232146037043703B
:107D1800284602B0BDE870400EF006B93C98010054
:107D28007FBD0100A0BD0100C1BD0100DDBD010096
:107D380008B50B8A032B06D80121044A04480DF024
:107D480056FA002008BDFFF7A5FFFAE705BE0100B7
:107D58003C98010038B50B8A0546032B0C4609D818
:107D680001210F4A0F480DF042FA2046BDE838407D
:107D7800FCF7D6BA042104F10C000DF01DFC418873
:107D880028460EF0E2F830B9074A0B4605480221AA
:107D98000DF036FAE9E7436821465B699847E4E75E
:107DA80023BE01003C98010040BE010070B5124B93
:107DB8000C46197805460131C9B2012938BF01219D
:107DC8000822122019700EF07EF8064688B10821A4
:107DD8000C300DF0C1FB2288314602806288428057
:107DE800A2888280E288C2802846BDE870400EF0F2
:107DF8009BB86FF00B0070BDC632002023281FD837
:107E08001A2804D8431E182B0ED906207047A0F153
:107E18001B03082B1ED8DFE803F0051D1B231D19C3
:107E2800251D05000320704701230F4A83401A408F
:107E3800C2B90E4A1A40002A14BF01200620704712
:107E480000F07F03522B05D10020704701207047B6
:107E58000520704710F0400F0CBF06200020704727
:107E68000420704702207047AAAA8A025455450187
:107E7800011F014810F09EB9B405002010B5044652
:107E880000F15403D3E8EF1F41F00101C3E8E21FFA
:107E9800002AF7D1201F0EF020F904F174000449DC
:107EA80010F054FB2068BDE8104001F04FBF00BF40
:107EB800898E00002DE9FF414FF000084FF4205350
:107EC80005460E46006802A9144617688DF8088012
:107ED800ADF80A300DF094FBA0B142F60103286812
:107EE80003A98DF80C80ADF80E300DF089FB48B170
:107EF80023691BB15A88B24200D25E80012004B0C7
:107F0800BDE8F081616828680DF07AFB10B10023A4
:107F18002361F3E7E368A0681A786AB1B7F81AC072
:107F2800798D038A8C4594BFC3EB0C03C3EB010323
:107F3800934201DA0020E2E704210C300DF00CFB3B
:107F480020610680236929465E80074B01940093CF
:107F580038460023A2680EF003F90028EADB2069FE
:107F6800003818BF0120CAE7496101002DE9F04136
:107F780082B000AF044688460022002339463B48B9
:107F880005F0E2FE0546B0B16D4688B06A46384B4A
:107F9800C2E90534032342F8103F00234FF4C251CD
:107FA8003448FAF72FFEAD466FF00B063046083717
:107FB800BD46BDE8F08111F0B5F92F4B3E681A585F
:107FC8002E4B29461A60301D282211F007F934601B
:107FD8003C6800220023C4E90155C4E90955284832
:107FE800391D7D6005F0B0FE064688B123686C46F1
:107FF80088B06A462349C2E90513032342F8103FB3
:108008004FF4C4512B461B48FAF7FCFDA546CBE7B5
:108018007B680146B022184611F0E0F81A4A8260DF
:10802800603010F09EF97B685833D3E8EF2FC3E82F
:10803800E16F0029F9D17B681C60636A7D681BB910
:1080480004F10C0010F08DF9626A05F1A803C5F877
:10805800A820A26A636202B9A36217227B685A85C4
:108068005A830433C8F80030A0E700BF9805002001
:108078007CBE0100EC97010008000000D01E002023
:10808800B4050020A1BE0100BC0200202DE9F74381
:108098001768054688460068516814467E680DF0E2
:1080A800AFFA8146002842D13046952229460EF083
:1080B80019FD0646207540B1E3681B780BB184F8BA
:1080C8001490002003B0BDE8F083A0680DF017FA03
:1080D80002210C300DF040FA164B2061A0F8008008
:1080E80000930194334629463846A2680EF038F8C2
:1080F800002807DA10F1FF0F32BF0E204042C0B24D
:108108002075DEE72369002BDBD0A0680DF031FF76
:108118007B8B7A8D9A4294BFC0EB0200C0EB0300C0
:10812800E3681B78984294BF00200120CAE7012029
:10813800C8E700BF8B5F010073B50D46438D418BC7
:1081480001328B4228BF0B469A42064609D90221C2
:1081580000921F481F4A0DF05DF80024204602B027
:1081680070BD2846FFF74AFE022810D004280ED01A
:1081780011F0D8F8184B1958184B994217D0184BCA
:108188001B685A1A18BF4FF0FF32134602E04FF42B
:108198007022002300211348FFF7B8FC044640B9B9
:1081A80001212B46104A0A480DF02AF8D5E700228B
:1081B800EBE7FCF715F818220C4B012102FB003302
:1081C80004F10C009E600DF0C7F90570C6E700BF0A
:1081D800EC970100C6BE010008000000B815002099
:1081E800D01E00202C070020F8BC0100881E0020AB
:1081F8002DE9F04F42F60103002591B0166880463C
:108208000F4600680BA9D6F8049014468DF82C5038
:10821800ADF82E300DF0F4F9002870D04FF420534B
:10822800D8F800000BA98DF82C50ADF82E300DF0C1
:10823800E7F938B1A3681BB15A88BA4200D25F8007
:1082480001200EE0616808460DF093FE728D738B75
:108258009A4294BFC0EB0200C0EB0300032803D886
:10826800002011B0BDE8F08F08460DF048F905462A
:1082780060680DF07EFE728B738D05F10C0B9A42CF
:1082880094BFC0EB020AC0EB030A58460DF0A8F9E8
:10829800824537D260680DF06CFE728D738B9A42FE
:1082A80094BFC0EB0200C0EB030070B96368987A12
:1082B800FBF78EFF002200230DF0EEF8054600289C
:1082C800CED0014660680DF02BF900230093D8F852
:1082D800046010234146484602AAB047061E0EDB3A
:1082E800227CE068B2422BD001460BA80DF0B6F90B
:1082F80060B9237C144A022114480CF081FF002342
:10830800A3609DE758460DF06BF9CEE7F2B202A9DB
:1083180006A80DF0A3F910B90D4A3346EBE706A9F4
:108328000BA80DF06DF90028E9D10023042163742E
:1083380005F10C000DF010F9A0600780A3687EE736
:1083480002A910F053FFEEE7EBBE0100EC97010025
:108358000ABF01002DE9F84F074608460C46FBF70F
:108368003FFF18234343DFF8B880064608EB0302B3
:10837800D2F808A0E16807F15800D0E8AF0FC007AD
:1083880009D40121274A28480DF00DFE6FF0150584
:108398002846BDE8F88FE06800781071002248F898
:1083A80003200B78D22B0FD13B68214618680EF0BA
:1083B80018FC054640B101211C4A1B480DF0F3FD8D
:1083C8002046FBF7ADFFE3E704F10C000DF004F9DC
:1083D800182303FB0683B4F810B09F60002381467E
:1083E8001A462146381DFFF7A9FB05460028CFD0BD
:1083F80010F1690F04D101210D4A0B480DF0D3FD8E
:108408006369A4F810B013FA89F3E36018235E4394
:1084180008EB0603C3F808A048F80650B8E700BF01
:10842800881E002029BF0100EC97010043BF01000E
:1084380056BF01002DE9F14F0546FBF7D1FE182282
:1084480002FB00F33A49C81851F803A00021D0E90B
:1084580002460779B0F80680D0F8109010F0BEFEFA
:10846800A87AFBF7B5FE6969834651B16B7AD807DC
:1084780005D4DBF8243028461B689B6898470023FE
:108488006B61294658460FF083FF002F42D0002C1D
:1084980040D02368002B3DD01B68002B3AD0BAF19E
:1084A800000F08D001215346224A234801B0BDE8F5
:1084B800F04F0CF0A5BE201D0EF011F83846FFF75E
:1084C8009DFC052826D8DFE800F01D03251D25039F
:1084D80004F15803D3E8AF3FDA0707D40121174A5C
:1084E800154801B0BDE8F04F0DF05DBDE36D8BB1EF
:1084F8004FF47022002304F1780001B0BDE8F04F7A
:1085080006F02CB854F8583B1D68D4E8AF3FDB0799
:10851800E4D556B901B0BDE8F08F49462846B047C2
:108528000134A3B29845F8D8F4E70024F9E700BF6E
:10853800881E002079BF0100EC97010029BF0100C7
:10854800F7B50B8A04460D4607683BB90121294A4D
:1085580029480DF028FD002003B0F0BD012105F1E8
:108568000C000DF029F8BB7A0646072BF3D154F816
:10857800043C002BEFD0002203782048043C10F87C
:10858800327000EBC2019F420FD12A8A48788F7857
:10859800904222D90121009317481346184A0CF03B
:1085A80039FE012FD7D1042320E001320E2AE6D16B
:1085B80002211148134A0CF023FE31780846FFF7D0
:1085C8001DFC0028C7D00528C5D00029C3D0062324
:1085D800002220460DF0C3FFBDE74B682046294620
:1085E8009847012F0346B6D10028B4D03178002926
:1085F800B1D0EDE798BF0100EC970100F09C0100B5
:10860800CDBF0100B3BF0100F0B51E4603680D469B
:108618000039044618BF012187B0186817460EF0C4
:108628007FFA40B904F158000DF05CFE002844D0F0
:10863800002007B0F0BD002E41D018220021684666
:1086480010F0CCFD47BB236831461B6830460093C9
:108658000023ADF812300C9B1A4A0393BDF834304E
:108668008DF80850ADF8103001238DF814306B46A2
:108678000DF0CCFC9DF81430C3B1002FD8D0019870
:10868800FBF74EFE9DF81430002DD1D03246294616
:1086980020460DF064FFCBE7002239462046FFF75D
:1086A8004BFD01900028CED11120C2E70199002985
:1086B800BED020460DF045FFBAE71220B9E70120E9
:1086C800B7E700BFB35F010008B5837A072B06D070
:1086D80002210C4A0C480DF066FC002008BD04215C
:1086E8000DF033FC10B9094A0121F3E700F15403F6
:1086F800D3E8AF3FDB0701D4054AF5E750F8040C8F
:10870800ECE700BFECBF0100EC970100FABF0100E5
:1087180029BF0100F8B50F461646FFF7D5FFB0B1DF
:10872800446A20461CB150F8A84904B1A83C731CFF
:10873800194638B1428D458BAA4228BF2A469A422B
:1087480007D264B902210A4A0A480CF059FD0020F0
:10875800F8BD32463946BDE8F840FFF7EDBCD4F81D
:10876800A85005B1A83D20460B462C46E2E700BFBD
:1087780015C00100EC970100F8B54FF470220746C8
:10878800002311480D460CF087FE044638B9012134
:108798002B460E4A0E480CF033FD2046F8BD00F17A
:1087A8000C06092130460CF0CCFE2046FBF718FDDC
:1087B8001822084B012102FB003330469F600CF061
:1087C800CBFE0570E9E700BF2C070020F8BC0100CC
:1087D800EC970100881E00202DE9F0410E8A04461E
:1087E800043EF6B2022E08468CB001D0102E64D199
:1087F80004210C300CF0E0FE0DF1080805884788CC
:10880800011D324640460CF029FF002857D09DB381
:10881800002687B3AF422FD34FF42053404601A917
:108828008DF80460ADF806300CF0EAFE40BB142267
:10883800002107A810F0D2FC11212046FFF79CFF69
:108848000990002837D001210C30CDE907480CF0F9
:1088580083FE00230A90394603701A4A0B93284670
:1088680007AB0DF0D3FB0A9B1B78FBB90998FBF704
:1088780057FD0A2301E03D4601232A4610210EE058
:1088880042F60103404607A98DF81C60ADF81E307A
:108898000CF0B6FE0028CAD010232A4619462046F6
:1088A8000DF05DFE00200CB0BDE8F081204609996E
:1088B8000DF047FEF6E71120F5E70420F3E70E2058
:1088C800F1E700BFBD7E00002DE9F04303680446D0
:1088D8000D4685B0012118680EF022F940B904F15F
:1088E80058000DF0FFFCB0BB122005B0BDE8F083C6
:1088F80010220021684610F071FC21212046FFF764
:108908003BFF029048B34FF00108DFF85490009401
:1089180005F10C072B8A012B04D8204602990DF08B
:1089280010FE18E038460CF04FFE6B464A460146EA
:1089380006468DF80C800DF069FB9DF80C30002B75
:10894800E8D00298FBF7ECFC3246202120469DF83F
:108958000C300DF004FE0020C7E71120C5E700BF6A
:10896800496301002DE9F043036804460D4685B0CC
:10897800012118680EF0D4F840B904F158000DF040
:10898800B1FCB0BB122005B0BDE8F0831022002175
:10899800684610F023FC0F212046FFF7EDFE0290F9
:1089A80048B34FF00108DFF85490009405F10C0724
:1089B8002B8A012B04D8204602990DF0C2FD18E03D
:1089C80038460CF001FE6B464A46014606468DF8CD
:1089D8000C800DF01BFB9DF80C30002BE8D00298A2
:1089E800FBF79EFC32460E2120469DF80C300DF018
:1089F800B6FD0020C7E71120C5E700BF03630100EB
:108A0800F0B51D46036804460E4685B00121186876
:108A180017460EF085F838B904F158000DF062FCDD
:108A280048BB122005B0F0BD65B31022002168468E
:108A380010F0D4FB39462046FFF79EFE029018B38B
:108A4800BDF828302946ADF80430012328468DF8B2
:108A58000C300E4A6B4600940DF0D8FA9DF80C3095
:108A68005BB10298FBF75CFC2A46314620469DF82C
:108A78000C300DF074FD0020D4E7204602990DF06B
:108A880060FDF8E70120CDE71120CBE70363010083
:108A98002DE9F0410E8A0446043EF6B2022E08463D
:108AA8008CB001D0102E76D104210C300CF084FD4E
:108AB8000DF1040805884788011D324640460CF030
:108AC800CDFD002869D085B377B3BD422DD80121EB
:108AD80060680EF025F8064678BB42F602038DF86A
:108AE800000069464046ADF802300CF089FD20B31D
:108AF80042F60303404606A98DF81860ADF81A300F
:108B08000CF07EFDC8B1012D03D14FF6FF739F42D3
:108B180013D004F158000DF0E5FB002814BF002025
:108B280012200CB0BDE8F0813D4601232A460821F9
:108B380020460DF014FD0020F3E7182200210DEB6C
:108B4800020010F04BFB09212046FFF715FE0890A4
:108B5800F8B101210C30CDE906480CF0FDFC0023EA
:108B6800099003700A2339468DF82C30284606AB45
:108B78000B4A0DF04BFA9DF82C302BB10898FBF7F7
:108B8800CFFB9DF82C30D1E7204608990DF0D9FC91
:108B9800D1E71120C5E70420C3E70E20C1E700BFD5
:108BA800958000002DE9F0430F460446062187B062
:108BB80007F10C000CF000FD0588B0F802808288EF
:108BC800D7F80C90C5B10023B8F1000F13D0454574
:108BD80012D88DF800308DF804304FF420536846D1
:108BE80001A9ADF80220ADF806300CF009FD0646E3
:108BF80060B10A2301E0454601232A4606212046A2
:108C08000DF0ADFC002007B0BDE8F083014614224A
:108C180001A83F7C10F0E2FA07212046FFF7ACFDDF
:108C28000290D8B10A2341468DF81530284601AB89
:108C38000B4ACDE9036901948DF814700DF0E6F93B
:108C48009DF815302BB10298FBF76AFB9DF815309B
:108C5800D3E7204602990DF074FCD3E71120D2E740
:108C6800F98100007FB5CB6804461D885E8885B110
:108C780076B1B5420DD810220021684610F0AEFA40
:108C880005212046FFF778FD019058B9112007E02B
:108C9800354601232A46042120460DF060FC0020B9
:108CA80004B070BD6B4631462846084A00940DF062
:108CB800ADF9029B23B90198FBF732FB0A23E9E7D8
:108CC800204601990DF03DFCE9E700BF2B6001004B
:108CD80013B50B460021024610F024FB01910D4903
:108CE8000C680D4909580D488C4208BF002201A99B
:108CF80008BF134605F028F8014640B9019B102229
:108D0800184610F06BFA0346184602B010BD00234F
:108D1800FAE700BFD01E002008000000D0050020A0
:108D280010B50446806818B1FBF7FAFA0023A3606F
:108D38002146BDE8104001480FF03CBAD00500209C
:108D48002DE9F347044678300E4617461D460FF0C6
:108D580009FCE06D58B90221164A17480DF023F9AD
:108D680020680DF074FB002002B0BDE8F087134BBB
:108D78004FF00008984202D1C4F85C80F0E7D0F8C0
:108D88000490C0F80480E06DD0F80CA0FFF7C8FF8D
:108D98002068C4F85C800DF05AFBB9F1000FE2D0EE
:108DA8002068CDF800A03B46324629460068C847EF
:108DB800D9E700BF30C00100EC970100D41E0020A5
:108DC800F7B550F8044C0546002C55D000F1A40125
:108DD80004F124000DF06BFA2E1F05F15C07002248
:108DE8000023384605F0A6F8024658BBAB6D2BB1F8
:108DF80001466FF067033046FFF7A2FF002345F8EE
:108E0800043C05F15403D3E8EF1F21F00101C3E846
:108E1800E21F002AF7D1636A73BB04F10C06002233
:108E28000023304605F086F878B9666886B9214689
:108E3800124826600FF0BEF9286803B0BDE8F0407C
:108E480000F0A8BFFBF76CFAC9E7FBF769FAE6E799
:108E5800A26833689642636008BFA36077683FB131
:108E6800F3686FF067010093002320681A46B8473B
:108E78003046FFF755FFD8E703B0F0BD980500204E
:108E88002DE9F04192B050F8783C06AF06461868D4
:108E98000CF059FF037804463D1D032B47D8DFE843
:108EA80003F00240424425492846F7F723FFA379F7
:108EB8000595627807F110080492A2781E210392A2
:108EC800E278404602922279019262796C460092D9
:108ED8001B4A0AF0B9FD88B006AA1A4BC2E9053840
:108EE8004FF400739383184B42F8103F00234FF45C
:108EF800E2511648F9F786FEA6F17400A546FFF779
:108F08005FFF132156F8740C0CF0DDFE034620B108
:108F180001210F4A0D480CF073F93037BD46BDE802
:108F2800F0810C49C0E70C49BEE70C49BCE70A21AF
:108F380028460B4A0AF088FDB9E700BF89AE010050
:108F4800ABAE010047C0010003000001EC9701002F
:108F580073C0010090AE010097AE0100A1AE010000
:108F6800C6BF0100F8B51D460F461646FBF738F98F
:108F78001823044C03FB00400123C0E90376C38097
:108F88000575F8BD881E002008B50FF09FFE38B1A2
:108F980001210346034A04480CF032F96FF004003B
:108FA80008BD00BF98C001000C98010008B530B991
:108FB800074908480DF03AFC38B1074808BD054A8A
:108FC80012F8011C0CF09FFEF6E70020F6E700BF40
:108FD80076AE0100FD1E0020FC1E002010B5074CD7
:108FE8002378834207D1601C0DF020FC002814BFB1
:108FF8002046002010BD0020FCE700BF0A320020F8
:1090080010B54A1C0C4638B109780CF07CFE08B142
:10901800204610BD0020FCE7104602490DF006FC72
:10902800F5E700BF76AE01002DE9F8431E46BDF80E
:10903800203081460F46D1F80C80002B45D1731E95
:10904800012B45D8012E4146157818BF1588FFF722
:10905800D7FF0446C0B915B93046BDE8F883414684
:10906800FFF7CEFF044638B91B4802211B4A0DF012
:10907800F0FB6FF01000F0E709F1700101300DF01E
:10908800EAFB99F808302370D8F810308BB925819D
:10909800B8F80A30AB4203D0414638460DF0E2FB3F
:1090A800002DD9D10E49601C0DF0D5FB2570258106
:1090B800D2E72A463946484698470028CDDB01388A
:1090C8000128E4D96FF00D00C7E76FF00600C4E788
:1090D8006FF00C00C1E700BF0C980100AEC00100A2
:1090E80076AE0100024608B5074901300DF0B3FB22
:1090F80000230C3202F8043CD2E8EF1FC2E8E03F3C
:109108000028F9D108BD00BF76AE01002DE9F04175
:1091180080460F4616461D46FFF760FF044680B995
:109128000F49FFF75BFF044630B9BDE8F041012164
:109138000C4A0D480DF08DBB394600F8018B0DF037
:109148008AFB228963891AB92BB92681658104E0D3
:10915800964238BF26819D42F8D8BDE8F08100BF0D
:1091680076AE0100C8C001000C98010008B503469E
:109178000221034A03480CF043F86FF00D0008BDC4
:10918800E7C001000C9801001FB519464FF42813D9
:109198001046064ACDE902230823BDF8182000939B
:1091A8006B440DF077FB05B05DF804FB1800280050
:1091B8002DE9F041234B1546826807469A4202D1B1
:1091C800C468638933BB0120BDE8F081FDF754FF13
:1091D8000021E3686181002BF5D038469847F2E713
:1091E80005F170084146287A0CF040FB68B9164B27
:1091F8009C4202D128460DF0DCFB304613490DF0A5
:109208002AFB002323702381E2E7414630460DF014
:1092180022FBDDE72389002BDAD0264616F8011B4E
:10922800284632460CF06FFD0028D9D13146207807
:10923800FEF79AFA0028CBD0837A072BC6D1FDF720
:109248001BFFC0E731900000FC02002076AE010051
:109258002DE9F0411F46BDF818300646012B90460F
:1092680034D83B44012B3D4633DCFFF79FFE0446D0
:1092780068B9FFF79BFE044648B90221184A194805
:109288000DF0E7FA6FF010052846BDE8F08197B1B8
:109298000023217A98F8002021FA03F0C70703D5A4
:1092A80022FA03F0C00717D50133032BF4D102F0DB
:1092B800070211432172601C06F170010DF0CBFA10
:1092C800337A204623700DF09FFBDDE76FF006052B
:1092D800DAE76FF00C05D7E76FF01205D4E700BFA7
:1092E8000FC101000C98010010B504461048D0E8E1
:1092F800EF3F23F00203C0E8E23F002AF7D1D0E8AD
:10930800AF3FDA0704D500220023303805F026F9EC
:1093180020460DF0F8F950B12046FFF747FE30B16E
:10932800037ADB0703D5BDE810400DF06DBB10BD17
:1093380020140020012110B514480DF07FFAC3074E
:1093480023D4022111480DF079FA084007D11049B9
:10935800104A0B88104CA24211D300B10B800F4960
:109368000F480FF0F3F84FF4A47200230C48FBF7F2
:1093780093F9BDE810400B490B480FF0E7B8506867
:10938800083203449BB20120E5E710BD0C1F002002
:1093980016320020CC970100E497010001960000E6
:1093A8007813002071990000F013002003462DE97E
:1093B800F04148B1008A38B901244FF0140C114922
:1093C800DFF844E0714501D3BDE8F081D1E90076CA
:1093D800BB4204D30CFB0672143A93420ED93444B0
:1093E800A2B214460831EDE70CFB0578434507D0D7
:1093F80001356219B54292B2F6D1F2E70025F8E7D5
:109408001046E1E7CC970100E49701002DE9F74FFA
:1094180099464FF6FF73BDF830500746002D08BF38
:109428001D46244B90461B88009183423CD203B0D2
:10943800BDE8F08F73682344BB4232D29CB2083631
:109448001D4B9E42F6D3F2E74046895801930CF033
:10945800D7F8019B90B101340AF1010AA4B27368EC
:109468005345ECD9009B9C42E1D8BC423168F2D309
:109478000BFB0AF28B18B8F1000FE5D1B9F1000F18
:109488000BD1013D1846ADB221460E9A0D9B984767
:10949800002DCCD00028DED1C9E7DA689145DAD1B1
:1094A800EFE74FF0000ADAE701244FF0140B034E00
:1094B800C6E700BF16320020E4970100CC970100F0
:1094C8001822002110B5ADF5187D0DEB0200CDE98D
:1094D8000111CDE903110FF081FE4FF41053ADF8DF
:1094E80014308023ADF816304FF48063214C1022DD
:1094F800CDE9073401A996AB05A806F043FB03465E
:1095080038B11D4A01211D480BF07AFE0DF5187D72
:1095180010BD01464FF40A720CA80FF05FFE2246F8
:1095280096990CA80FF0CFFB034608B1144AE9E757
:109538004FF6FF710120134A0CAB0DF0C8FA05ABCA
:10954800102211490CA80FF0D5FB034608B10F4AA9
:10955800D8E719460C4A02F11000137810F8014DAB
:109568000131082902F8014B0370F6D108480DF0C3
:1095780065F9CBE70002C0033BC101000C9801006C
:1095880064C101008F6701006813002082C10100D7
:10959800201400202DE9F04114490646A1F13000BD
:1095A80014461D46BDF818700EF0EFFF104BD3E8B7
:1095B800AF3F190701D4FFF783FF3046FFF7F6FCEA
:1095C80050B1037ADA0707D50C30D0E8AF3FDB0794
:1095D80002D402210DF032F910233A4606932946A7
:1095E8002046BDE8F041034B0DF054B9A813002004
:1095F8002014002068130020034BD3E8AF3F1B075B
:1096080001D4FFF75DBF704720140020002307B581
:109618000193FFF7CBFE411C89B20846034A01AB10
:109628000DF055FA019803B05DF804FB536701008B
:109638002DE9F04387B0837A8046072B0C461646FF
:1096480002AF40F0A58000233B7342F60303206875
:10965800FB8107F10C010BF0D3FF0546002834D13C
:10966800D4F80490B9F1000F05D101214B4A4C48B8
:109678000DF0EFF88CE001232146009007F1080275
:10968800C847031E11DA6E4688B002AAD3610423C4
:109698004449C2E9051442F8103F4FF401512B46E2
:1096A8003F48F9F7AFFAB54672E0012B05D0012122
:1096B8003D4A3B480BF0A4FD6AE03B7A13F0300FBB
:1096C80066D02046FFF7A2FF0446002320683B73BC
:1096D80042F6021307F10C01FB810BF091FF18B160
:1096E8002046FFF793FF0446002542F6021920683A
:1096F80039463D70A7F802900BF082FF10BB00239B
:1097080020683B7342F6021307F10C01FB810BF052
:1097180077FF054600283BD1D4F80490B9F1000F33
:10972800A3D0022300902146404607F10C02C84707
:10973800031EA8DB022BBAD1BB891E4214BF01202D
:10974800002026E042F603032068391D3D71FB80A6
:109758000BF056FF0028D2D04FF42053206807F1B1
:1097680008013D727B810BF04BFF0028C7D042F601
:109778000103206807F10C013D73FB810BF040FFEA
:109788000028BCD02046FFF741FF04460028AED190
:1097980000201437BD46BDE8F08300BF98C1010022
:1097A8000C980100ACC10100D2C101002DE9F843B9
:1097B800894651680746B1F81280154618F0940892
:1097C80009D00221274A28480DF043F84FF0FF3509
:1097D8002846BDE8F8830222FFF72AFF38B902219C
:1097E800224A21480DF035F86FF01505F0E74FF4DF
:1097F80070200021AE8AFFF76BFA0236044688B162
:109808001B4B32464360C5601D213846FEF782FF78
:10981800064650B914480221164A0DF01AF8204697
:10982800FFF77EFA6FF00B05D2E701234246414667
:10983800FFF798FBA98A06F10C0002310BF08CFEA9
:1098480020F8029BAA8A29690FF0A1FC2146384614
:10985800A6600CF03BFF05460028B9D02046FFF76C
:109868005FFAB5E7EBC101000C98010001C20100E5
:10987800596701002CC2010030B504460D468BB073
:10988800364BD3E8AF3F5A0761D510B1837A072B1F
:1098980060D168680590FFF789FD2A68ADF818005F
:1098A8003AB305A902912E490023019101210091A3
:1098B8004FF6FF710593FFF7A9FD059B1BB96FF0E4
:1098C80001000BB030BD6B60059B04A9186800232C
:1098D8008DF8103042F60303ADF812300BF090FE0D
:1098E80070B90598C3689B799B0605D46FF015007D
:1098F800E7E70028E8D1E2E70DF0A2F8ADF8180094
:10990800BDF818003CB1012301462A462046AB7534
:10991800FFF74CFFD5E76FF07F0307930223ADF8FD
:10992800203042F60213ADF8123005ABAC75029345
:109938000C4B4FF6FF710193012304AA00932346B1
:1099480009958DF81040FFF761FD0798B9E76FF0AA
:109958000A00B6E76FF07F00B3E700BFD40000202D
:1099680087670100459C0000034613B550F8082C92
:10997800A0F12001019200F13004D4E8EF2F22F089
:109988000102C4E8E02F0028F7D10D4A002043F86F
:109998001C2C0C4A23F8080C43F8182C01AA43F88D
:1099A800102C042223F8060C23F80C2CFFF764FF74
:1099B80018B9022120460CF041FF02B010BD00BFCB
:1099C800989D0100F1920000F8B5334B1568826844
:1099D80004469A4200AF1FD1C6683389721CDBB1B6
:1099E800284631780CF08FF9B0B14FF495722146C2
:1099F80028460DF077F8032811D16D4688B06A46DD
:109A0800264BC2E9053442F8100F00234FF4C45125
:109A18002348F9F7F7F8AD460120BD46F8BD3146B1
:109A280020460CF01FFF1F4B9E42F5D1287A05F106
:109A38007001FFF7D3FA04460028EDD0038913B963
:109A48004389002BE8D02846FDF75EFC2389164A97
:109A5800618922F8203002EB8003598018231349CA
:109A6800134C03FB001300B202EB80021A610422BC
:109A780000EB40005C600F4C01EBC00128469C6085
:109A88009A82FFF7F9FE0028C6D001210A4A044845
:109A98000CF0DFFEC0E700BF3190000053C20100A8
:109AA8000C980100FC02002006320020E41E002071
:109AB800989D0100196A010067C20100F8B50F46B8
:109AC800516806464B8A144603F094033BB11D487F
:109AD80002211D4A0CF0BDFE4FF0FF30F8BD0122F7
:109AE800FFF7A6FD38B917480221184A0CF0B1FE55
:109AF8006FF01500F2E7A2891B2130460232FEF70B
:109B080009FE054638B90F480221114A0CF0A1FE9A
:109B18006FF00B00E2E7A1890C3002310BF01CFD5D
:109B280020F8027BA289A1680FF031FBD4E9041266
:109B380028460123FFF716FA29463046BDE8F840C3
:109B48000CF097BD0C980100EBC1010001C20100A7
:109B580084C2010030B504460D468BB0344BD3E8BF
:109B6800AF3F5A075DD510B1837A072B5CD168687F
:109B78000590FFF71BFC2A68ADF818003AB305A951
:109B880002912C4900230191012100914FF6FF71A8
:109B98000593FFF73BFC059B1BB96FF001000BB069
:109BA80030BD6B60059B04A9186800238DF8103040
:109BB80042F60303ADF812300BF022FD70B9059898
:109BC800C3689B79DB0605D46FF01500E7E700282A
:109BD800E8D1E2E70CF034FFADF81800BDF8180042
:109BE8002CB101462A462046FFF768FFD7E76FF0F9
:109BF8007F0342F6021207930123ADF8122005AA4B
:109C080002920D4AADF82030CDE900324FF6FF71CF
:109C1800234604AA09958DF81040FFF7F7FB07982B
:109C2800BDE76FF00A00BAE76FF07F00B7E700BF43
:109C3800D400002087670100459C0000F8B5144651
:109C48003C4B826807469A4201D00120F8BDC6689D
:109C5800394B9E4255D03289A389711C9A42F4D15E
:109C68003078FDF781FD05460028EED0837A072B72
:109C780005D0FDF701FAE8E7FDF7FEF9EBE77369B0
:109C880023B13946984708B92846F2E77B8A13F08A
:109C9800940705D00221294A29480CF0DAFDF3E798
:109CA800A389022B14D1338913F0020604D1284664
:109CB800FDF7E2F9A660C8E728462269A188FFF700
:109CC80075FD0646A8B92269937D01339375EEE7C1
:109CD800012B04D02846FDF7CFF9A760B5E73389F3
:109CE80013F00106E3D028462269A188FFF7E6FEB3
:109CF80006462846FDF7C0F9002EA660A5DA002022
:109D0800A4E7104D104928460CF090FD0028A2D178
:109D18000722294615F8010CFDF778FD0028ABD17C
:109D2800236929461A6915F8010C53881288FFF728
:109D3800EDF990E731900000FC020020EBC1010032
:109D48000C9801000B32002076AE010007B5009098
:109D580001206B464FF6FF71034A8DF804000CF0A2
:109D6800B6FE03B05DF804FBD1990000F8B50546CE
:109D78000E461746064B1C684CB154F8043C043C8C
:109D88001BB13A463146284698476468F4E7F8BD5F
:109D9800101F002070B5044603464FF6FF710120DE
:109DA8000D4A0CF094FE2046FFF700F9054688B1ED
:109DB80004F170063146207A0BF058FD20B9284688
:109DC800BDE87040FFF78EB93146681CBDE87040A9
:109DD8000CF041BD70BD00BFB991000080B500AF67
:109DE80088B06A46074BC2E90530032342F8103FA2
:109DF80000234FF4C2510448F8F704FF6FF00B003A
:109E0800BD4680BDBCC201004C980100044B1A68D5
:109E18000AB1FFF7E3BF0348586010460B6070476C
:109E2800181F00209C9E0100F8B50A7E0D46042AE2
:109E380007690ED0102A28D0012A0BD016491748D6
:109E48000CF0D8FE6FF022042846FAF769FA20468B
:109E5800F8BD02221146042605F10C000BF09BFB0D
:109E6800374438462A8AE968F8F722F910F10C0FC6
:109E780004460CD14B200EF0DBF8013EF1D122460E
:109E8800074906480CF0B6FEDEE70522E2E700289F
:109E9800F5DB0024D8E700BFE8C201001C980100E8
:109EA800F8C201002DE9F04F9046D2F810900278E0
:109EB8000646042A0C4687B001F1FF3309D0052A6B
:109EC80000F08980022A40F0C480032B62D8644ADB
:109ED80002E0012B07D8634A0121634807B0BDE8B7
:109EE800F04F0BF084B943783E2B31D1C778BB1EB5
:109EF8005F425F41B6F80130033CB4EB132FADF875
:109F080014302AD137B300220023CDE90223DFF829
:109F18005CB1DFF854A13946DDE902239DF814004D
:109F2800FAF722FC054600B300F10C07022205A946
:109F380038460BF017FB38460BF052FB84421CD90D
:109F48000121009023464A4A47480BF063F93CE058
:109F58000027CFE74FF4A022D6E70121454A42481F
:109F68000BF045F907B0BDE8F08F002FFAD10221B8
:109F78005A4650460BF03BF9CDE72246F11C3846CD
:109F88000BF0F0FA29464046D9F8003007B0BDE892
:109F9800F04F1847002200230820FAF7CFFB0546A8
:109FA800B8B1D6F8013000F10C070422384605A9EB
:109FB80005930BF0D7FABDF81630053C9C423FD00C
:109FC8002D4A012128480BF012F92846FAF7A8F97A
:109FD800C8E72A4A80E7032B01D8294A7CE70022F0
:109FE80000232020FAF7AAFBDFF898A00546A8B1BD
:109FF800D6F8013000F10C070422384605A905936C
:10A008000BF0B0FA0023CAF80030BDF81630053C52
:10A01800C3F30D039C4213D01B4AD2E76421DAF83C
:10A028000020B2FBF1F301FB13231BB917490E48BB
:10A038000CF0E0FDDAF800300133CAF8003091E79F
:10A0480038460BF0CDFA84423FF67AAF2246711DAE
:10A0580095E70F49044807B0BDE8F04F0CF0CABDBA
:10A06800ADC3010010C301001C98010055C30100D5
:10A078008AC3010031C30100E6C30100CCC301005B
:10A0880008C401006C1F002047C4010027C4010058
:10A0980069C4010070B5056900200E4600F060F83B
:10A0A800044630B10246154915480CF0A3FD204678
:10A0B80070BDE86BF7F76EFF044628B110F1780F12
:10A0C80002D002460F49EFE7E86B05F10C02291DA3
:10A0D800F7F7A0FF044610B102460B49E4E74FF436
:10A0E8008032002305F1240003F08AFF044610B1F2
:10A0F80002460649D8E72E60D9E700BF7DC40100B3
:10A108001C980100A2C40100D2C40100F6C40100D9
:10A1180038B50569281DF7F79FFF044630B1024698
:10A128000B490C480CF066FD204638BDE86BF7F784
:10A1380051FF044610B102460749F2E70CF05FFDF3
:10A14800044610B102460549EBE72860ECE700BF7A
:10A1580016C501001C98010041C5010065C5010034
:10A16800102208B5034B0120C3F84024FAF7F2F98E
:10A17800002008BD00300050084B70B5C31A0D46CA
:10A1880007499B1004465943402206480CF046FDF7
:10A198002B4601462046BDE870401847841F002022
:10A1A800B76DDBB620940100402373B50B4C0093C8
:10A1B800041B0B460D460A49A41061430646094A8A
:10A1C80009480CF056FD011E05DA30462B4602B050
:10A1D800BDE87040184702B070BD00BF841F002062
:10A1E800B76DDBB6E36C01002094010010B5EFF306
:10A1F8001184202383F31288BFF36F8F074A1368F3
:10A2080023F00201DB07116002D401200CF076FF75
:10A2180084F31188BFF36F8F10BD00BF2420002086
:10A228002DE9F8430022012106460520F9F7C8FC6C
:10A23800114801F03FFE114B984219D101F04AFE36
:10A2480000244FF01C090C27DFF83480356941469B
:10A2580009FB04500AF08BFC002807DB012307FBED
:10A2680004551C44042CAB67F0D10020BDE8F883EA
:10A278006FF00400FAE700BF8DA300000000AD0BEB
:10A28800C49E01007FB500220123CDE9022304AB5F
:10A29800CDE90433094A6B46CDF800D0CDF804D097
:10A2A8000CF014FD002805DB4FF4804200236846BB
:10A2B80003F0A6FE07B05DF804FB00BF196D0100AE
:10A2C8000C22104B014602FB0033002030B4D3E9C6
:10A2D8001C521867EFF31180202484F31288BFF30F
:10A2E8006F8F9C6F04F0C00444F002049C6780F3F5
:10A2F8001188BFF36F8F1DB12B4630BC0248184739
:10A3080030BC7047841F00202094010010B4EFF384
:10A318001182202383F31288BFF36F8F17480168D7
:10A3280041F002040460C80707D482F31188BFF320
:10A338006F8F012010BC01F0E5BD4FF05021D1F81E
:10A348000C04D1F80C14C907EFD5EFF3118083F38F
:10A358001288BFF36F8F0A498B6F03F0C00343F075
:10A3680002038B6780F31188BFF36F8F82F3118824
:10A37800BFF36F8F002010BCFFF7A2BF242000207E
:10A38800841F0020092813D8DFE800F005101212F6
:10A39800121212120E0C074B986F10F0070007D11B
:10A3A800FFF78EBF0220FBE70320F9E70120F7E75C
:10A3B800704700BF841F00202DE9F04101220746A5
:10A3C8003649D1E8EF3FC1E8E02F0028F9D133B989
:10A3D800334934484B60CB608A600AF0DBFB7B1E54
:10A3E800012B2BD8012F07D14FF05023D3F81C3461
:10A3F80003F00303022B21D00EF0F7F80546F8B955
:10A40800294B1B78E3B14FF0502302220646C3F8CC
:10A4180008234FF05024DFF89480D4F81824D4F897
:10A428001834D20315D503F00303022B01D0012FF2
:10A438000FD16DB386F31188BFF36F8FBDE8F0813C
:10A44800EFF31186202383F31288BFF36F8F012562
:10A45800DFE7C5B130460AF0D0FFD4F81835DBB2D3
:10A46800012BDAD1D4F80421002AD6D00022C4F86E
:10A478000421D4F804210222C4F818252022C8F89F
:10A488008021A360C9E7002121200EF062F9E4E7EA
:10A498004FF050230222C3F80423CFE7801F002087
:10A4A800701F0020A01F0020D934002000E100E028
:10A4B80008B507480DF0C1FD38B10648F9F74EFE5A
:10A4C8000448F7F739FC002008BD6FF01200FBE7DD
:10A4D80084940100E1A400000A2838B50446074D19
:10A4E80004D1AB680D2128465B689847AB680348E0
:10A4F8005B68E1B29847204638BD00BF84940100EC
:10A50800F0B5406801F01F04057B87B044EA4514A4
:10A518000569002D63D0B2F5001F00F1100506D1C2
:10A52800214628460CF07BFE002007B0F0BD00272E
:10A53800B2F5800F01AE0197776039D1B3F1007F92
:10A5480014BF052304238DF804300023CDE90463E8
:10A558000393836823FA01F111F001011AD1B2F1D2
:10A56800A07F17D104F01F03620903F180032AD0EA
:10A57800012A3AD11E4A52F82330DB070AD40DF1DA
:10A58800030632462146284601F0C2FF194B98427D
:10A598001BD002962146284603AA01F075FE164BE9
:10A5A80098421FD101222146284602F013F8BBE742
:10A5B800B3F1C06F05D0B3F1007F14BF01230223AC
:10A5C800C1E70323BFE70D4AD5E73146284601F026
:10A5D800FBFF094B9842DCD06FF00B00A5E76FF04A
:10A5E8008500A2E76FF015009FE751F82330FFDEE2
:10A5F800002884500400AD0B0000AD0B00258450EA
:10A6080038B545682B69B3B11035284601F0CCFF41
:10A61800044680B90146284601F094FF084B984249
:10A628000BD122462846074901F06CFF2246052136
:10A638000D20F9F7C5FA002038BD6FF00400FBE7DC
:10A648000000AD0B51A600004209034670B502D0C8
:10A65800012A17D070BD0D4E326951680029F9D012
:10A66800012503F01F030C689D400029F2D08A6879
:10A678002A4002D030464B6898472CB123682146BF
:10A688001C46F2E7024EE7E72346F8E74894010044
:10A69800349401002DE9F04340F206354668D006AF
:10A6A80048BF0320337B02EA050558BFC2F34010B8
:10A6B80087B001F01F07B5F5837F144647EA4317B3
:10A6C8008DF8030044D00FD8062D18D007D8B5B19F
:10A6D800022D3FD06FF0150007B0BDE8F083B5F547
:10A6E800807FF7D101250AE040F20222954233D05B
:10A6F800B5F5407F32D0B5F5007FEBD102250123B7
:10A70800220303FA01F12BD573689960326972BB91
:10A7180007F01F037F0928D0012F75D13C4A02EBAF
:10A72800830284F48033D2F80012C3F30043C4F3E5
:10A73800404444EA430421F4706144EA800421F06F
:10A748000F0144EA05230B43C2F800320020C3E797
:10A758000725D4E70425D2E70525D0E70325CEE76A
:10A76800630344BF7368D960D0E72A4AD7E7103635
:10A77800394630460DF1020201F0CAFE14F4403F9A
:10A7880080460CD1394630460CF047FD224B98459F
:10A79800DCD130469DF8021001F010FFD6E74FF0EB
:10A7A800000901AB3946304603AACDE90439CDE9A1
:10A7B8000199CDF80C9001F067FD174B984289D1AB
:10A7C80014F4003315D09DF8033084F48034C4F3B6
:10A7D80000448DF80E3039464B46304603AA8DF8B2
:10A7E8000C508DF80D4001F00BFE0B4B9842CDD06C
:10A7F80070E7CDE9043339460DF10303304603AA67
:10A80800039301F041FDF0E7803352F82330FFDE77
:10A8180000288450002584500000AD0B10B5044674
:10A828000269A2B0C2F880001F49002002F004F8B3
:10A83800002201212A20F9F7C3F964688422002143
:10A8480001A80EF0CBFC6368B3F5803F04D3022166
:10A85800164A17480AF0CBFC2368B3F5803F04D3A7
:10A868000221144A12480AF0C2FC00230120219355
:10A8780001AA61680432D940C90744BF00FA03F14C
:10A8880042F8041C2168D940C90748BF00FA03F1FF
:10A8980003F1010348BFD163102BEAD101A801F0ED
:10A8A800E3FF002022B010BD99A9000037C60100BF
:10A8B8008C98010063C6010038B50F290C4605695C
:10A8C8003CD843681B68CB40DB0737D5D5F88430C4
:10A8D800CB4003F001031AB9EBB96FF077002CE015
:10A8E800002BFAD155F8213023B90221154A164810
:10A8F8000AF07DFCD5F8843013B92A20F9F730F92D
:10A908000122D5F88430A2401343C5F88430E0B260
:10A9180001F0CAFF0AE0C8B201F0CEFF0122D5F863
:10A928008430A24023EA0203C5F88430D5F8843085
:10A9380013B92A20F9F722F9002038BD6FF0150065
:10A94800FBE700BF8FC601008C98010038B50546AB
:10A958000C4622B102210C4A0C480AF048FC0F2C84
:10A968000ED86B685B68E340DB0709D5012300203C
:10A97800A400E4B204F1A04404F52834236038BDEF
:10A988006FF01500FBE700BFBFC601008C980100FF
:10A9980070B5D1F880600F2804460D46736803D857
:10A9A8001B68C340DA0704D402210E4A0E480AF095
:10A9B8001EFCD5F88430E340DB0704D402210B4A9F
:10A9C80009480AF014FC05EB840255F824503DB1FF
:10A9D80021463046AC46BDE870400023126C604703
:10A9E80070BD00BFDAC601008C980100F6C60100F0
:10A9F800036803F01F025B09026004D0012B0348BF
:10AA080018BF002070470248704700BF00288450D4
:10AA1800002584502DE9F04F1546064640F2FF19EF
:10AA2800DFF86CA1DFF86CB185B000EB8101B142B1
:10AA380003D1002005B0BDE8F08F3368C3F3C3220B
:10AA4800082AC3F3080400F29C801B0E4C4508BF7B
:10AA58004FF0FF341AF80280222B00F29580DFE8CD
:10AA680003F012214B634E54639393939393939300
:10AA78009393939393939393667073769393937945
:10AA88007F8285888B00C5F80C45631C3BD0012765
:10AA980003A80394FFF7ACFF039B3A4607FA03F3B6
:10AAA800836005E0C5F81445621C2CD000270022FD
:10AAB8003368039403F40040002818BF002203A859
:10AAC80018BF012701930092FFF792FF039C019B97
:10AAD80000EB8400D0F80042C3F3412C009A4FEAFF
:10AAE800082343EA8C03134304EA0B04234343EA91
:10AAF8004703C0F8003206E0C5F80845C5E7631CFF
:10AB0800C5F808453BD1043691E7671CC5F80C45E4
:10AB1800F9D0012703A80394FFF76AFF0122039BDA
:10AB280002FA03F3C360C3E7C5F81045BCE7C5F8EC
:10AB38006045601C3368E6D0C3F30043002BE8D0BF
:10AB4800A5E7C5F86445F4E7C5F86845F1E7C5F831
:10AB58006C45EEE7C5F82445621CD4D00127A6E76A
:10AB6800C5F8284591E7C5F83045F5E7C5F83445F7
:10AB7800F2E7C5F83845EFE7C5F83C4585E7002713
:10AB8800C8E76FF0150055E76FF0850052E700BF82
:10AB98002CC70100F0F0FCFF036803F01F025B09FB
:10ABA800026004D0012B034818BF002070470248F8
:10ABB800704700BF0028845000258450F0B5044633
:10ABC80083B000220121212000AFF8F7F9FF606867
:10ABD80023692E4A00F1080101F034FF2C4B9842FA
:10ABE80018D023686C4688B06A462A49C2E905131A
:10ABF8004FF400739383284B42F8103F27480023F3
:10AC08004FF4E251F7F7FEFF6FF00F00A5460C373F
:10AC1800BD46F0BD65680021AE6B3A1D30460CF0AC
:10AC28000CF9002805DB7B68326819791868FFF78A
:10AC3800F1FE002631462B6801F5AC7253F822303C
:10AC4800002B0DDB7B60381DFFF7A6FF7A68436891
:10AC5800D34013F001031CBF01238B403343DEB202
:10AC680001310429E7D1002301206268916A00FAC2
:10AC780003F232420CBF01220022D20321F8132032
:10AC88000133042BF1D10020C1E700BF696E010038
:10AC98000000AD0B35C7010003000001B4980100A6
:10ACA8002DE9F341BDF820C0032907460D46466843
:10ACB80004690CF0010C06D90B46504A0121504892
:10ACC8000AF09EFA19E0B17F01294FF0010104BF93
:10ACD8005B08520801FA05F0002B65D09A4266D944
:10ACE800D4F800E072451DD094F804E03EEA000E66
:10ACF80008D0444A42480AF07AFA6FF0150002B0C8
:10AD0800BDE8F0811146B1F5004F43D2226084F8C6
:10AD180005E0326896F81E80C2F80CE5C2F8048592
:10AD2800C2F808154FF0010E627923FA02F292B2C6
:10AD380079688CF00108896A42EAC83221F815203E
:10AD48005FFA80F8BEF1000F3FD1326805F5AC75A7
:10AD580052F82520002A0EDBBCF1000F49D0B3FAC7
:10AD680083F35B0943BB01A80192FFF715FF012399
:10AD7800019A9340C360217921EA0801217149B3FE
:10AD8800A37973BB10230122304606F1280101F094
:10AD98007FFE24E00EF1010EBEF1080F4FEA5101CB
:10ADA800B1D11346184A89E79E461A46C0E74FF0C4
:10ADB800000E47F6FF72BBE701A80192FFF7ECFE11
:10ADC8000123019A93408360D5E7237948EA030376
:10ADD8002371D5E7786801F099FE0123A37100205B
:10ADE8008DE70023A37130460CF080FA0028FAD0D2
:10ADF800C8E7003B18BF0123B4E700BF55C70100EF
:10AE0800B49801006AC701007FC701002DE9F0412D
:10AE180004460D4647680DF0E8FB4FF0200888B956
:10AE2800264B1B7873B1642660680CF03AF8F0B9C9
:10AE380001200CF050F9013EF6D1002121200DF03F
:10AE480088FCF0E7EFF31186314688F31288BFF3E8
:10AE58006F8F60680CF025F8A8B986F31188BFF3E6
:10AE68006F8FEFE786F31188BFF36F8FE5E7EFF396
:10AE78001186314688F31288BFF36F8F60680CF033
:10AE880010F80028EED0FB6900201D706368FA698D
:10AE98001B68C3F844250122C3F84825C3F82001DC
:10AEA800D3F82041C3F85801D3F858019A6081F3C8
:10AEB8001188BFF36F8FBDE8F08100BFD93400203F
:10AEC800F7B50546002201210820F8F779FE082089
:10AED800F8F746FE6B681A691868C0F82425997D4A
:10AEE8005A7D0A43198B1B7D0B431343C0F86C35FD
:10AEF8006E68D6E9004313F0010350D02F6907F1BB
:10AF0800080000F057FF334B984208D0324801211F
:10AF1800324A0AF06CF96FF0040003B0F0BD387AD9
:10AF280004F10C0204F590710CF0E1F8387A01276D
:10AF380007FA00F000F038FF0823C4F80035F36979
:10AF4800C4F844350023C4F84835A760D4F858310C
:10AF5800002BFBD00021C4F800156B6801AADC683F
:10AF680020460BF06AFF002805DB019B226819794F
:10AF78001868FFF74FFD08216A681368C3F80015C1
:10AF8800117A51B9126AC3F834250122C3F8382559
:10AF9800C3F81011D3F810111A600020BDE7082279
:10AFA800C4F80025F269C4F84425C4F848350123DB
:10AFB800A360D4F82031002BFBD00023C4F8203143
:10AFC800D4F820310123E3604FF48073C4F80433CC
:10AFD800BCE700BF0000AD0BCC980100BCC7010066
:10AFE8002DE9F0474568D0F81080064600AF686B39
:10AFF8000BF0A2FF041E11DBA96B481C1AD005F147
:10B008003C0000F063FB10F1130F04460AD1012144
:10B01800324A33480BF076FF6FF012042046BD46E3
:10B02800BDE8F087411D05D101212E4A2C480BF0BF
:10B0380069FFF3E74FF00109EB6A9847D8F8085021
:10B04800D8E9023203EBC2039D4208D340460BF015
:10B05800B7FF73680024586B0BF06EFFDEE72868B3
:10B068000CF0EBFF0346B0B92A686C468AB010684A
:10B0780029796A46D1614FF400711B4D11841B492F
:10B08800C2E9055042F8101F4FF411511448F7F760
:10B09800B9FDA546C0E728682979EB88D0F810C023
:10B0A800DA07DCF8004054BF43F4B01383F4D0133C
:10B0B80023F4801209FA01FEDB07D0F808A04CBF80
:10B0C8004EEA040424EA0E04CCF80040DAF8003012
:10B0D8009847041EA2DB0835B2E700BFF5C7010098
:10B0E800C498010020C801003DC801000400000107
:10B0F8002DE9FF4105690646D0F80480A86D2B6E3E
:10B10800002835D1002B53D0B8F830406A6D9C42E6
:10B1180028BF1C46EF6DEB6D53B1296E41B107F0A6
:10B128006041B1F1005F03D0082C28BF08246F6F7D
:10B1380000926A6DAC661AB1AA6D002A18BF224641
:10B14800CDE901271BB12B6E002B18BF2346002227
:10B1580069464046039301F00DFF184B984229D0E9
:10B168006FF00401304604B0BDE8F0410BF04ABF6F
:10B17800696DEF6D0A46B8F83040ABB1834228BF1D
:10B1880003469C4228BF1C460029C4D001F06043F6
:10B19800B3F1005FBFD0082C28BF0824286F2246CF
:10B1A8000DF0F5FF2A6FB6E7844228BF0446EBE7A7
:10B1B8001946D7E704B0BDE8F08100BF0000AD0B29
:10B1C80010B502780346002A5FD10C69A26E32B925
:10B1D800606E6FF07301BDE810400BF013BFE06DB7
:10B1E80040B1216E31B1DB6823B1834202D0616F77
:10B1F8000DF0CDFFA36DA26E33B19A4213D9012190
:10B20800224A23480BF07EFE236EA26E33B19A4287
:10B2180022D901211D4A1E480BF074FE606EBDE85C
:10B228001040FFF765BF9B1AA3657BB9636C04F1F7
:10B23800580208336364A36C04F14801013BA3641A
:10B2480004F144000BF065FE6065DDE7636D002BDB
:10B25800DAD013446365D7E79B1A23667BB9E36C9E
:10B2680004F160020833E364236D04F15001013BEB
:10B27800236504F14C000BF04CFEE065CEE7E36D6E
:10B28800002BCBD01344E365C8E710BD61C80100AB
:10B29800C49801002DE9F04F8DB000AFC7E9023224
:10B2A800436888467B608B8806469904046932D4D3
:10B2B8004FF0FF324FF0FF3304F1100002F0A0FE10
:10B2C800C4F80480D6F81090D6F804A099F86D3028
:10B2D800DAF8085023B1D9F80030984500F0E98031
:10B2E800B8F804C01CF400631CD00121B14AB2486C
:10B2F8000BF008FE6FF0850523689B8813F4005354
:10B3080004D1636004F1100002F046FE2846343789
:10B31800BD46BDE8F08FA369002BC9D16368984585
:10B32800C6D1CFE71CF0010F15D06D4688B0316843
:10B338006A46A248C2E905014FF400719183A04909
:10B3480042F8101F4FF4E2519B48F7F75BFCAD46FB
:10B358006FF01505D0E71CF0080F05D0994A0121B8
:10B3680095480BF0CFFDF3E7CCF34513082B01D03C
:10B37800954AF4E7D8F800303B603A68934B9A4214
:10B3880001D8934AEBE7934B9D4207D94FF05022DF
:10B39800D2F8582512F0030F18BF1D4607F1100EFA
:10B3A8000AF10C0BBBE80F00AEE80F009BE80F009A
:10B3B8008EE80F003B68AB4228BF2B461D46864BE4
:10B3C8009D4217D2834B9D4214D2844B9D4211D289
:10B3D800834B9D424FD8834B9D424ED8824B9D4212
:10B3E8004DD8824B9D424CD88149824B824A8D422E
:10B3F80088BF13461CF0020F7B620CF0040342D096
:10B40800002B14BF0323022387F82830CCF3001342
:10B4180087F82930DAF800301CF0020FD3F8082535
:10B42800CCF340014FEA521302F01F0231D173B33B
:10B43800012B40F02581714901239340CB6099F895
:10B448006D302BB1504601F05BFD002389F86D305B
:10B4580033466B4A504607F1100101F01DFD694A59
:10B468000346904220D00121674A534809F0C8FE9C
:10B478006FF0040540E7654BBCE7654BBAE7654BE1
:10B48800B8E7654BB6E7003B18BF0123BCE7634943
:10B49800D2E73BB1012B40F0F58058490123934096
:10B4A8008B60CCE75D49F9E70123C9F8008089F88A
:10B4B8006D30012384F86C307B68996B4A1C0AD084
:10B4C80003F13C000BF0AFFD743004D10221544A63
:10B4D80039480BF017FDFB68002B40F0A58063642A
:10B4E8000023A36404F1580204F1480104F1440064
:10B4F8000BF00FFDBB686065002B40F09E80E36495
:10B508000023236504F1600204F1500104F14C00AA
:10B518000BF0FFFC002501212A46E0652564204642
:10B528000BF02EFD3046FFF7E3FD2A462B46A06CB4
:10B53800834240F08B8000231946256DA94240F0D4
:10B548008C80934238BF1346A0464FF4FA5202FB50
:10B5580003F558F8283B4FF4004C1B6840F2E730DD
:10B56800B5FBF3F50021C8354FF47A720023E5FBEB
:10B578000C01F5F79BFB02460B46404602F040FDE6
:10B588000246002870D00121264A0B480BF0BAFC6D
:10B5980000257868A56601F0B3FC6FF073013046AA
:10B5A80084F86D500BF02EFD404602F04FFD6FF011
:10B5B8007305A1E67FC80100C498010099C801007D
:10B5C80003000001BBC80100DAC8010047E8010018
:10B5D80009C901000024F4000048E80100127A00BB
:10B5E800FF083D007F841E003F420F001FA1070097
:10B5F8008FD0030048E8010090D003000028845051
:10B60800C9B100000000AD0B3AC9010000093D00B6
:10B6180080841E0040420F0020A1070000258450AE
:10B6280061C901008BC90100FB681B686364002BBA
:10B638003FF456AFFB685B6853E7BB681B68E3647D
:10B64800002B3FF45DAFBB685B685AE7616C01EBA8
:10B65800C301496801330A446AE7E06C00EBC100A2
:10B6680040680131034469E7256C15F1740F8FD0E8
:10B67800002D3FF441AE014630690BF081FC3BE6FA
:10B68800C960FFDE00239B60FBE700BF00F01F02DC
:10B6980040090DD001280DD1094B03EB8203D3F8E3
:10B6A8000002084A024042EA8102C3F800227047B9
:10B6B800054BF2E70023803253F82230FFDE00BF4B
:10B6C80000288450F0F0FCFF002584500123F0B5D9
:10B6D80087B08DF80230022300248DF804306B44C3
:10B6E80003930F4601AB0DF1030104930546029144
:10B6F800059400F069FF0C4B064698420FD1394675
:10B70800284603AA00F0C0FDB0420BD028469DF899
:10B71800031000F053FF6FF0040007B0F0BD6FF0A6
:10B728001200FAE72046F8E70000AD0B012383403A
:10B7380070B5DC430B4AD2E8EF1F01EA0405C2E802
:10B74800E65F002EF7D14FF4803282400648C0F8F9
:10B758000823BFF35F8FBFF36F8F0B4214BF012025
:10B76800002070BDE02000200050015070B40E4948
:10B7780022F07F46D1E90034D01AC31844F10004FE
:10B78800C1E90034A6F50013B3F5400F09D2074B01
:10B798001B681A0A1B069C19054B42F10005C3E9F0
:10B7A800004570BC03F0F8BB38140020E4200020EA
:10B7B80040140020D9B101230D4A8340D2E8EFCFCD
:10B7C8004CEA030CC2E8E1CF0029F7D14FF48033EB
:10B7D800084A8340C2F80433074BD3E8AF3FC3405D
:10B7E800DB0742BF4FF40012044BC3F80021704737
:10B7F800E020002000500150DC20002000E100E0A3
:10B808000D4B1868010A0006BFF35F8F0B4BD3F886
:10B818000435181841F10001B3F5801F0AD2084B0E
:10B82800D3E90023904271EB030303D210F1807037
:10B8380041F10001704700BFE42000200050015092
:10B84800401400202DE9F04F85B016461F460446E7
:10B858009DF840A0FFF76AFF0190FFF7D1FFB042C3
:10B8680071EB070352D23B4B301A67EB0101984248
:10B8780071F100014DD2384B03EB0413D3E90223D5
:10B888009F4208BF964258D04FF48038334908FA8F
:10B8980004F8204626F07F4BC1F848830BF0EBFBF9
:10B8A8004FF00309584604F15005AD00ADB205F15B
:10B8B800502504F5A87305F580350293029A20F007
:10B8C8007F4341F82230C1F84483D1F80435244A33
:10B8D800C01A033820F07F4090422ED9286868B1FA
:10B8E800D1F80435A3EB0B0020F07F40B0F5000F32
:10B8F800039322D920460BF0BEFB039BBAF1000F3D
:10B9080007D109EB030009F10109D7E7BAF1000FE4
:10B9180009D06FF0150520460199FFF74BFF28461F
:10B9280005B0BDE8F08F01230E4AA340D2E8EF0F1F
:10B938001843C2E8E10F0029F8D107490E982301FE
:10B94800C8500F9B01EB04120025C2E9026753603F
:10B95800E1E700BF010080002814002000500150DA
:10B96800FDFF7F00DC2000207FB500254FF0FF3071
:10B978004FF0FF31194C1A4B0226C4F80833C4F8AB
:10B988004833184BC4F80855C3E902014FF4803313
:10B998004FF40012C4F80433134B0121C4F80463B4
:10B9A8001520C3F880212A46F8F70AF91520F8F778
:10B9B800D7F801230D4AA360236013600C4B0D4A8E
:10B9C800009328460023CDE90155FFF73BFF304699
:10B9D800FEF7F2FC284604B070BD00BF00500150CD
:10B9E80003000F002814002000E100E0E020002000
:10B9F80075B70000FFFF7F002DE9F7432E4BD3F802
:10BA0800042390070BD5D3F8042142B10022C3F8D0
:10BA180004212A4AD3F80431136801331360264AF3
:10BA2800D2F80433D90326D5254BD3E8EF1F21F0EC
:10BA38000100C3E8E40F002CF7D1CB0702D4D2F8F9
:10BA48004031C3B100251C4CC4F84051D4F84031F2
:10BA5800FFF7D6FEEFF31182202383F31288BFF39A
:10BA68006F8F184BD3E90267B042B94106D282F30F
:10BA78001188BFF36F8F03B0BDE8F0834FF0FF3834
:10BA8800D3E900104FF0FF391D60C3E902894FF474
:10BA98008033C4F84833C4F84051D4F8403182F3B5
:10BAA8001188BFF36F8F0029E5D0009032463B46DE
:10BAB80028468847DFE700BF00500150E4200020F7
:10BAC800DC2000202814002030B5431C124C85B01F
:10BAD80005D08442A8BF0446012CB8BF0124FFF753
:10BAE8008FFE0E4B0C4DD3E90013401AB0F5000F32
:10BAF8000FD22218AA4228BF2A4600205218084905
:10BB0800CDE90100009143F10003FFF79BFE05B06A
:10BB180030BD2A46F1E700BFFFFF7F003814002040
:10BB280075B7000008B5FFF76BFE024B1B68C01A1B
:10BB380008BD00BF381400204FF40071014803F01D
:10BB4800FFBC00BFD93200204FF47F03D3F8302167
:10BB5800D3F83431072A05D1023B032B02D8024A15
:10BB6800D05C704700207047D0C9010008B5FFF7C6
:10BB7800EBFF58B1644BD3F8202A3AB90D21C3F82A
:10BB8800201A0121C3F81C19C3F81C290022D3006C
:10BB980003F57F03D3F80013013107D0D3F800135E
:10BBA8000132D3F80433202A0B60F0D1FFF7CCFF21
:10BBB800002840F0A080FFF7C7FF40B1534B544A1C
:10BBC800C3F830254FF050230122C3F858254FF40D
:10BBD8007F03D3F83021D3F83431072A09D1023B47
:10BBE800032B06D84B4AD35C1BB100224A4BC3F83F
:10BBF8004C25FFF7A9FF50B14FF05023D3F800248C
:10BC0800D10742BF0022C3F81421C3F818214FF40A
:10BC18007F03D3F83021D3F83431072A09D14FF004
:10BC28005023D3F80024D20744BF6FF00102C3F8B1
:10BC38000024FFF789FF18B16522334BC3F80C279E
:10BC48004FF47F03D3F83021D3F83431072A16D1C3
:10BC5800314BD3F82034002B11DA4FF05023032254
:10BC6800C3F8182501229A60D3F80421002AFBD0D2
:10BC78000022C3F804210122DA60C3F818254FF422
:10BC88007F03D3F83021D3F83431072A23D1023B7C
:10BC9800032B02D8214AD35CEBB17E221A4B1B49F5
:10BCA800C3F80C27C3F83C297F231D4AC2F8183172
:10BCB8000023C1F8043EC1F8083E01F54821C1F847
:10BCC8001031C2F82431C2F82C3102F5FF1202F506
:10BCD8008052C2F8A032134AD2F88C3043F4406341
:10BCE800C2F88C30104A114B1168C3F84415D26958
:10BCF800C3F84C2508BD2922034BC3F80C2703229F
:10BD0800C3F83C2757E700BF00400050009003509D
:10BD18004400EFBECCC9010000200350C8C901008F
:10BD28000020005000ED00E00080FF00006000509F
:10BD380030B50468ACB1B4FA84F30122C3F11F032F
:10BD4800DBB29A4024EA0202D0E8EF5FA54204D1B0
:10BD5800C0E8EC2FBCF1000FF6D1EAD102480B7015
:10BD680030BD0248FCE700BF0000AD0B0200AD0B80
:10BD780010B50368CB40DB0710D401238B40026861
:10BD880043EA0201D0E8EF4F944204D1C0E8EC1F27
:10BD9800BCF1000FF6D1F2D1014810BD0148FCE713
:10BDA8000000AD0B0400AD0B014BC3F80405704750
:10BDB800007001500146014800F044B9F00300202A
:10BDC8000328F7B506462ED84FF05021364B374A90
:10BDD80033F81000925DC1F8080300250A440121D8
:10BDE80042F210744FF05027314B116033F816307F
:10BDF8008E4203F150231D601B688DF8071008BFA1
:10BE08000DF10705022E32D0032E40D0012E1CD092
:10BE1800D7F8183403F480333DB923B101200BF06F
:10BE28005AF9013CF0D103B0F0BDD7F8182402F05C
:10BE380003022A70002BF6D09DF807000128F2D1E2
:10BE48000BF049F9013CDDD1EDE7D7F80C3403F4E8
:10BE580080333DB9002BE6D001200BF03CF9013CC2
:10BE6800F3D1E0E7D7F80C2402F00102E1E7D7F8B4
:10BE78005C3403F480333DB9002BD4D001200BF09F
:10BE88002AF9013CF3D1CEE7D7F85C24ECE7D7F8E0
:10BE98005434DB03C7D5002DCED101200BF01BF99C
:10BEA800013CF4D1BFE700BF90A30100D4C9010051
:10BEB80088A30100044B1A7922B9012218601A716B
:10BEC8000248704702487047E82000200000AD0B88
:10BED8000C00AD0B08B50A4B1B6833B10520F7F70A
:10BEE80061FE10B90520F7F73BFE4FF05023012201
:10BEF800C3F81825C3F81425C3F8802508BD00BF6A
:10BF0800E820002010B5032845D8DFE800F0180223
:10BF1800554F00224FF480730121002003F1502374
:10BF280018601C68012402F150221460284A126823
:10BF3800002A47D04FF05023C3F804132BE04FF0EA
:10BF48005023D3F81814D3F81824C90312D502F0D3
:10BF58000303022B05D0012B02D00020FFF730FF8E
:10BF680001234FF050220221C2F8183508224FF45D
:10BF78008273D2E7D3F81424D207F1D5D3F81C245E
:10BF880002F00302013A012AE7D8114A12681AB1ED
:10BF98000222C3F8042310BDD3F80421002AFBD0E1
:10BFA8000022C3F80421D3F80431F4E718224FF42F
:10BFB80090734FF48071B0E720224FF492734FF4DE
:10BFC8000071AAE71A68002AFCD018601B68E2E72B
:10BFD800E8200020F8B54FF0502301250026D3F8BB
:10BFE8000443174F04B9F8BDB4FA84F0C0F11F0038
:10BFF800830003F580739BB203F1502305FA00F226
:10C00800196892B224EA02040029EBD01E601B686A
:10C018004FF05023022AC3F808230DD1D3F818147F
:10C02800D3F8181401F00301012905D1C3F8182524
:10C03800C3F804239960D5E73B68C0B29847D1E7B5
:10C04800E82000200079024B03EB0010FFF770BED8
:10C05800F8030020036803F01F025B09026004D0A4
:10C06800012B034818BF002070470248704700BFE3
:10C078000028845000258450034A4309D35C00F00B
:10C088001F001844C0B27047D8C9010070B50546F2
:10C09800FFF7F2FF0C4C083034F810300E46DA0582
:10C0A80008D5C3F3432304EBC302284654F83330BE
:10C0B80052689847A3682BB131462846E268BDE824
:10C0C8007040184770BD00BF0804002008B5FFF78E
:10C0D800D3FF034B083033F81000400B08BD00BFF6
:10C0E8000804002008B5FFF7C7FF034B083033F8F2
:10C0F8001000C0F3400008BD0804002008B5FFF791
:10C10800BBFF034B083033F81000C0F3401008BDE4
:10C1180008040020034611F0010010B5CCB20BD181
:10C12800A207C4F340000DD5074A106A5860106290
:10C13800003818BF012005E004490A6A1A600A623B
:10C14800002AEDD010BD00BF00288450002584507F
:10C1580010B5FFF791FF124A083032F81030D905B0
:10C168001CD5C3F3432123F4F85322F810300020E0
:10C1780002F10E0434F8023F13F4807F03D0C3F3B6
:10C18800432399420AD001303028F3D1002342F8E2
:10C1980031300448BDE81040FFF7EABD10BD00BFCC
:10C1A8000804002080040020F0B505460020012680
:10C1B800044607468C420BD1114BD3F87C2132B18F
:10C1C8000022C3F87C21D3F87C3140F00040F0BD58
:10C1D800E3B29B0003F580729B0806FA03F31D4245
:10C1E8000BD002F1A04202F55042D2F800C0BCF1D7
:10C1F800000F02D01760126818430134DAE700BF55
:10C2080000D00050F7B506460846FFF735FF1A4F2D
:10C2180000F1080537F815300C46DB072AD53046FB
:10C228000AF0D7FF2046FFF769FF58B12046FFF70D
:10C238004DFF0022316800B201EB8003C3F81025DE
:10C24800C3F810252046FFF783FF002301A827F82D
:10C2580015300194FFF7FEFE019B00EB8300D0F838
:10C268000022064B134043F00203C0F80032044892
:10C2780003B0F0BD0348FBE708040020F0F0FCFF22
:10C288000000AD0B0400AD0B2DE9F04316468046C7
:10C2980085B00846FFF7F0FE0D463168044609B33D
:10C2A8002846FFF71FFF18B12846FFF727FF10BBE6
:10C2B80000230DF10F02CDE900338DF80E308DF813
:10C2C8000F3028460B460DF10E010AF019FF484AB7
:10C2D80004F1080132F8113023F0020343F001039E
:10C2E80022F8113073687BB328461F785968FFF726
:10C2F800F9FE10B1E9B13F4829E03D4A04F10800D0
:10C3080032F8103023F02003DB04DB0C22F8103065
:10C3180079B1032FEFD87168D1F804E0D8F800108C
:10C328009EF800C001EB8C01A7B9C1F81075C1F8DF
:10C3380010752F4A04F1080132F8113023F01C035C
:10C3480043EA870322F81130B3683BBB2A4805B09B
:10C35800BDE8F083D1F810E543EA4C332EF0030E24
:10C36800C1F810E5D8F8001043F0200301EB8C0E5B
:10C37800DEF8101522F8103021F44F3121F4407105
:10C38800CEF810152902DEF8108501F47C5141EA37
:10C39800074141EA0801CEF81015CAE72846D3E953
:10C3A8000067FFF7D5FE002ED0D0114DD5E9002348
:10C3B800964203D19F4201D1002209E00F480DF1B6
:10C3C8000F01FFF7B5FC0C4B9842C0D19DF80F2028
:10C3D80005EBC20308345F6035F8143045F8326065
:10C3E80043EA422343F4807325F81430AEE700BFD4
:10C3F800080400200400AD0B0000AD0B80040020F1
:10C408002DE9F0430C46804685B0204611461D466E
:10C41800FFF732FE064629B32046FFF763FE18B938
:10C428002046FFF76BFE18BB334F06F1080937F8B3
:10C43800193013F01C0F02D04B78012B18D00123B0
:10C448008DF80F3000234A1CCDE9001320468B1CC1
:10C458000DF10F010AF054FE37F8193043F00303C9
:10C4680027F81930002D44D02046FFF73BFE18B9B5
:10C47800224805B0BDE8F083002295F800C0D8F83E
:10C4880000301D4F03EB8C03C3F81025C3F81025AB
:10C4980006F1080237F812104FEA8C0E21F020013D
:10C4A800C904C90C27F812106E7816B3D8F8000022
:10C4B800AD787044D0F81035360423F4991323F47A
:10C4C800F853C0F81035230203F47C5306F44036C1
:10C4D8002D05D0F810E5334305F480152B4341EAC8
:10C4E8004C3143EA0E0341F02001C0F8103527F81B
:10C4F80012100348BDE700BF080400200400AD0B7C
:10C508000000AD0B014BC3E902127047080400207C
:10C5180010B508461446FFF7F1FD50B10846FFF77D
:10C52800ABFD054B083033F8103004485B0B237023
:10C5380010BD0348FCE700BF080400200000AD0B55
:10C548000400AD0B70B5154D064695F880401CBB30
:10C558002146602205F110000CF040FE21463068AB
:10C568002E6F8E420ED10023C0F87C31D0F87C317A
:10C5780040F30730F7F7F4FA0123094885F88030CB
:10C58800AB6770BDCBB29B0003F580727C2B04BFF8
:10C59800845083580131E4E70248F2E70804002098
:10C5A8000000AD0B0C00AD0B034B93F88000003876
:10C5B80018BF0120704700BF080400200148FFF79A
:10C5C800D7BB00BF7C0400200148FFF7B1BB00BF08
:10C5D8007C04002073B503681646D3F80423054687
:10C5E800002AA8BF4FF000420846A8BFC3F804239A
:10C5F8000C46FFF783FD00B30846FFF773FD0146BD
:10C60800D8B92046FFF762FD04B2A40003462868A3
:10C6180004F580728150296882582144D1F8102588
:10C6280042F00102C1F810252EB10122296802FA50
:10C6380003F3C1F8043302B070BD2046FFF71CFDB8
:10C648000E4B083033F81030C3F38203042B11D09B
:10C65800052B11D001A80194FFF7FCFC019A03698E
:10C66800D34003F00103991C204602B0BDE8704096
:10C678000AF08FBD0321F7E70221F5E7080400203F
:10C688002DE9F04F684BDFF8A481D3F80403D8F8FC
:10C698007010C0B289B040F00040FFF785FD051E5C
:10C6A8002FDAC24600235AF87C1F06A8CDE90633C4
:10C6B800FFF730FD4FF0000B5D4B0DF118090193AA
:10C6C800019A12F8013B0192DA081AF8022003F0E5
:10C6D800070322FA03F3DA071CD409F10409BBF1B2
:10C6E800000F14D0D8F870104FF00040FFF75CFD31
:10C6F800D8F87C1006A8FFF70DFD0028DAD125F040
:10C7080000450124002D76D109B0BDE8F08F4FF027
:10C71800010BD5E7474B5B440293D9F80010002979
:10C72800DBD091FAA1F1B1FA81F1029B1C7841EAC0
:10C7380044142046FFF7A0FC083038F81070C808E9
:10C74800BB080393012319F8002001F0070103FA3D
:10C7580001F122EA010209F8002005A80594FFF773
:10C7680079FC059A039B803250F82220C7F3820691
:10C778005B073746C2F3014222D520463946D6B276
:10C78800FFF784FC05A80594FFF764FC059B80333C
:10C7980050F82330C3F301439E4207D100212046BD
:10C7A8000AF0F7FC314620460AF0F3FC05A8059488
:10C7B800FFF750FC0122059B02FA03F30362ACE782
:10C7C800022A0CD1032120460AF0E3FC06F00503F7
:10C7D800012BEBD139462046FFF758FCE6E702214A
:10C7E800204603920AF0D5FC032EF3D0039A032ABD
:10C7F800DCD1022EEDE795FAA5F3B3FA83F304FA38
:10C8080003F29B0003F1A04303F55043D3F810054E
:10C81800D3F81015C0F30520C1F3014125EA02053C
:10C82800FFF734FC6EE700BF00D00050080400207A
:10C83800E8C90100E8C9010070B5084C0E46237923
:10C84800154643B92A20F7F78BF9012304482371C9
:10C858002660A56070BD0348FCE700BFF0200020FB
:10C868000000AD0B0C00AD0B002330B50D4A50F89D
:10C87800234003F5A2710133102B42F82140F6D171
:10C888000023084A00F13C0103F5B27451F8045F33
:10C898000133102B42F82450F6D1D0F88030C2F87A
:10C8A800043330BD00A002500123024A8340C2F87D
:10C8B8000433704700A002500123024A8340C2F8A3
:10C8C8000833704700A00250F8B5012600270B4B2B
:10C8D8000B4DD3F80C4304B9F8BD94FAA4F0B0FAA0
:10C8E80080F006FA00F324EA0304064B82009F5006
:10C8F8002B68002BEFD0A9689847ECE700A00250FE
:10C90800F020002000A10250036803F01F025B0919
:10C91800026004D0012B034818BF0020704702486A
:10C92800704700BF0028845000258450142370B538
:10C9380005790A4C6B43E618E35833B902210068BD
:10C948000AF0AAFC08B101233372142303FB05443F
:10C95800207A023818BF012070BD00BFFC200020DB
:10C968002DE9F3470B7F044663BB0127DFF8D0901E
:10C978000D1F01F1100601F10C0855F804AFBAF1CA
:10C98800FF3F1BD03378CDF804A001A8002B4FD06F
:10C99800FFF7BAFF019B07FA03F3836001A8CDF8FC
:10C9A80004A0FFF7B1FF019B00EB8300D0F8003231
:10C9B80003EA090343F00303C0F80032A84506F16F
:10C9C8000106DAD191F81DC00D8B4F7D8E7D8A7ED0
:10C9D800C87E2368BCF1000F0BD1D1E9008ED1E9E4
:10C9E80002C1C3F86085C3F864E5C3F868C5C3F835
:10C9F8006C1542EA0022C3F80C75C3F80465C3F845
:10CA08000855C3F8102500232068C0F81031D0F865
:10CA18001021C0F80831D0F80821C0F80C31D0F83E
:10CA28000C3140F3073002B0BDE8F047F7F798B88B
:10CA3800FFF76AFF019B07FA03F3C360AEE700BF85
:10CA4800F0F0FCFF2DE9F041142690F804800D4C1D
:10CA580006FB08F6A71997F808C0BCF1000F0ED11D
:10CA6800A2517B6019B10B7F3B74FFF779FF142348
:10CA780003FB0844012304482372BDE8F0810348FE
:10CA8800FBE700BFFC2000200000AD0B0C00AD0B45
:10CA980070B40C4615461A4601791B4B01EB81010F
:10CAA800266803EB81010368C3F82065A688C3F8EC
:10CAB8002465A668C3F82865E668C3F82C6503688A
:10CAC8002668C3F84065A688C3F84465A668C3F815
:10CAD8004865E468C3F84C45046805F0010303EBB6
:10CAE8005505C4F81455D4070CD412F0020403D029
:10CAF800002B14BF082404240568C5F8004270BC44
:10CB08000AF092BB1024F7E7FC200020002238B579
:10CB180003680579C3F800220122036804465A60B5
:10CB280071B12046FFF702FF0028FAD000222368DF
:10CB3800C3F800251422054B02FB053301221A72A3
:10CB48002046BDE83840FFF7F1BE00BFFC200020BA
:10CB5800B22110B51A480AF09FFBC106044608D551
:10CB6800184BDA68520704D51A6812B101205968BF
:10CB78009047A00608D5134BDA68110704D51A6840
:10CB880012B1022059689047220608D50D4BD86883
:10CB980010F0100003D11A680AB159689047A3072A
:10CBA8000DD50022064BC3F800250122054B1A7249
:10CBB8001A6822B1BDE8104003205968104710BD1B
:10CBC80000100250FC200020036803F01F025B09DC
:10CBD800026004D0012B034818BF002070470248A8
:10CBE800704700BF00288450002584500F4B98429E
:10CBF80019D00DD80E4B984215D007D80D4B984236
:10CC080011D00D4BC31A5842584170470B4BF9E7E6
:10CC18000B4B984207D004D80A4B984203D00A4BD2
:10CC2800F0E70A4BEEE70120704700BF80841E0042
:10CC380020A1070048E8010090D0030040420F00FF
:10CC48000024F40000093D0000127A000048E801C1
:10CC580073B51646421C1C460546069B18D001298A
:10CC680002D1BBB10AF097FB01A80195FFF7ACFF11
:10CC7800019B240200EB8300D0F80022074B44EA12
:10CC880086040C4313401C4344EA4101C0F80012D7
:10CC980002B070BD0AF08BFBE6E700BFF0F0FCFFC6
:10CCA8002DE9F347674B4D6906469D420C4690F8BF
:10CCB800049000F0AE8000F29E80634B9D4200F02D
:10CCC800AB8000F29080614B9D4200F0A880604BE1
:10CCD8009D420CBF4FF080654FF080452422DFF85D
:10CCE8007481E07E02FB0983997F60F300019977E4
:10CCF8003379217C02FB03839A7F61F341029A779F
:10CD0800E77E5FBB6269544B01219A420CBF4FF02A
:10CD1800030A4FF0000A237E3A46012B94BF0023F2
:10CD28000123009320685346FFF792FF009753466C
:10CD38003A4601216068FFF78BFF00975346394652
:10CD4800A27EA068FFF784FF237C3A4683F00103A4
:10CD5800009301215346E068FFF77AFF242303FB81
:10CD68000983E2681A62217C9A7F61F341029A770B
:10CD7800207FA77C217E627E336890B9D4E900ECDD
:10CD8800A468C3F808E5C3F80CC5C3F810454FF00C
:10CD9800FF34C3F86C45C3F81445C3F86805C3F8F5
:10CDA8006405003A18BF01220229C3F8C075C3F808
:10CDB80024553DD003293ED0012901D142F0020279
:10CDC800C3F854250222C3F860252422337953433B
:10CDD80058F8033093B3306840F3073002B0BDE829
:10CDE800F047F6F7BDBE1D4B9D420CBF4FF0805576
:10CDF8004FF0804572E71A4B9D4213D0164B9D4267
:10CE080013D0184B9D420CBF4FF000454FF08045A2
:10CE180064E74FF0005561E74FF000655EE74FF0BB
:10CE280000755BE74FF0206558E74FF0A05555E7D0
:10CE380042F00402C4E742F00602C1E702B0BDE8CE
:10CE4800F08700BF80841E0020A1070048E8010089
:10CE580090D00300102100200048E80140420F0054
:10CE68000024F40000127A00431C07B50ED001908C
:10CE780001A8FFF7A9FE019B00EB8300D0F8002270
:10CE8800044B134043F00203C0F8003203B05DF8CE
:10CE980004FB00BFF0F0FCFF2DE9F843074624250A
:10CEA80097F80480124C05FB08F504EB05091E46AB
:10CEB80099F81C30C3B999B14869FFF797FEA8B132
:10CEC80038466251C9F80460FFF7EAFE242303FBE1
:10CED800084400236377012306482377BDE8F883D5
:10CEE8006251C9F80460F1E70348F7E70348F5E73A
:10CEF800102100200000AD0B0C00AD0B0400AD0BA1
:10CF0800F8B5044606790068184D40F30730F6F77F
:10CF180035FE24237343EB5853B12368144A06EBB8
:10CF2800C601C3F80823206805EB81010AF04BFA13
:10CF3800242101FB06512368D3F80805D3F80C45D2
:10CF4800D3F810758B7FDB070AD4FFF78DFF3846BF
:10CF5800FFF78AFF2046FFF787FF086AFFF784FF7D
:10CF6800242303FB065500232B77F8BD102100204E
:10CF78005201080024232DE9F0430779534D7B43E0
:10CF88009046EA180E46517F814685B0002940F048
:10CF98009B80EB5823B118F0140F04BF012353777B
:10CFA800242496E80F0004FB075404F10C0C8CE8C9
:10CFB8000F00206A421C04D0A37F9B071AD50AF0F1
:10CFC800EAF93368D9F8004023B103F06043B3F1BC
:10CFD800005F06D1B36883B103F06043B3F1005F2B
:10CFE8000BD02423002203FB075339485A7705B096
:10CFF800BDE8F0830AF0DBF9E3E718F0010318BF96
:10D008000123C4F8503518F0020318BF0123EC4679
:10D01800C4F8403596E80F008CE80F00039BC4F86D
:10D028004405C4F84815C4F83425C4F83835002335
:10D03800C4F81831D4F818310723C4F8003524236C
:10D048007B4318F0080F05EB03021DD10121E858B6
:10D05800216158B9D4F81831002BFBD06246402121
:10D0680020460AF05AF924237B43EA18EB5813BBED
:10D07800106A461C13D107EBC707204605EB87014A
:10D088000AF0A1F91348B2E7EB58A3B9106A411C9A
:10D09800F8D0937F9A070BD50AF089F9F2E7937FC6
:10D0A8009B0702D50AF083F9E5E70AF074F9E2E78D
:10D0B8000AF071F9E6E7402318F0040F14BFC4F82A
:10D0C8000833C4F80433DDE7034890E71021002053
:10D0D8000A00AD0B0000AD0B0B00AD0B10B54021E5
:10D0E8000F4A10480AF019F9C8B10F4C206A421CBF
:10D0F80004D0A37F9B070FD50AF059F9637F1BB1B2
:10D10800094908480AF05FF9002323720748D4E95F
:10D118000031BDE8104018470AF03DF9EEE710BDB0
:10D128001C21002000900050102100201821002010
:10D138002DE9F0410E4617460C4D55F81C4FAC42F0
:10D1480003D16FF01200BDE8F081314654F8440C69
:10D15800A4F14408F3F7C4FD30B9C7F8008040468D
:10D16800BDE8F0410AF015BA2468E8E73421002048
:10D1780010B5D0E909124A60416A00F12403116030
:10D18800C0E909334368044603B19847054A9368E0
:10D1980033B11279062A03D9072022680249984731
:10D1A800002010BD34210020EAC901002DE9F0411A
:10D1B80007460D460B4E56F80C4FB44202D16FF09D
:10D1C80001000AE0394654F8240CA4F12408F3F7C6
:10D1D80087FD20B91DB1C5F80080BDE8F08124683D
:10D1E800EBE700BF3421002038B5044600B30068DF
:10D1F800F0B10378E3B10021FFF7D8FFD8B104F10B
:10D208001C03C4E907330D4B04F12402196903F127
:10D218000C00A16260621A610A609D6835B11B79D1
:10D22800062B03D9072022680549A847002038BDE6
:10D238006FF01500FBE76FF01000F8E734210020CD
:10D24800ECC9010038B5114C0546216819B1002018
:10D258000131216038BD242220460BF0BFFF2B6826
:10D268002846A3602B79237104F10C03C4E9033326
:10D2780004F11403C4E9053304F11C03C4E90733BA
:10D2880000F018F80028E5D12168E0E734210020F3
:10D2980038B5074D2C68013C2C6044B900F012F8F1
:10D2A80021462846BDE8384024220BF097BF38BDF8
:10D2B8003421002008B50248FFF796FF002008BD7A
:10D2C8008C0400200148FFF753BF00BF8C040020E6
:10D2D8000EB4431E062B33B588BF0020094B05AC9E
:10D2E80054F8045B53F82010074807F074F92146F6
:10D2F8002846019407F06DF902B0BDE8304003B04C
:10D30800704700BF44A0010025B301002DE9F04F8C
:10D3180087B017469B460446DDF840A000284BD04E
:10D32800056A35B12D6825B1AC4607B0BDE8F04FA8
:10D338006047E36A9F4242D80026BE4203D10020DC
:10D3480007B0BDE8F08F182303FB06F8D4F8309037
:10D35800A26909EB08052B1D0593CAB968696968B4
:10D368000368B5F80CC0C91AAB680CF1030E5D1E52
:10D3780005EB0C155B4205EB4E051D4005EBCC0398
:10D3880085680633A94228BF4FF0FF310AF0CEF86E
:10D3980059F8083020460293236AB1B29B6A019378
:10D3A8005AF8263000935BF82620059B0AF00FF9FF
:10D3B8000028C5D10136C0E76FF01500C0E7014865
:10D3C800BEE700BF40F4FFFF10B5044690B1028DE0
:10D3D80043899A4209D0084A936833B11279032ADB
:10D3E80003D942680549042098472046BDE8104003
:10D3F8000BF00BBB10BD00BF342100209FCA0100F9
:10D4080030B544898C4212D9436A013C5D882C406E
:10D4180003EBC40359609A60BFF35B8F426A538879
:10D4280001335380438D01334385002030BD0148CB
:10D43800FCE700BF41F4FFFF70B4039E144660B1DF
:10D44800006A50B14BB1013407D0002E05DBD0F88B
:10D45800844014B1A44670BC6047014870BC704752
:10D468002DF8FFFF70B4039E144660B1006A50B1F6
:10D478004BB1013407D0002E05DBD0F8944014B12D
:10D48800A44670BC6047014870BC70472DF8FFFF88
:10D498002DE9FF47DDF834800E4691469A46054649
:10D4A800002876D0002974D0B8F1000F71D001F1AE
:10D4B800640738460AF01BFABAF1FF3F49D1346EC7
:10D4C80006F1500204F18000844204F01F0C07D2D8
:10D4D800C4F3411152F8211021FA0CF1C90736D4CE
:10D4E800012104F07F04600952F8203004F5806AB5
:10D4F80001FA0CF104F201440B4304F07F0442F8F2
:10D50800203034666B6C4A4603930E9B2946CDE95E
:10D5180001830C9B3046009353460AF097FA38462D
:10D5280000F03AFD2C7874B196F8A4405CB1AB6A6F
:10D53800013330D1002128460AF018FA044610B108
:10D5480028460AF0E9F9204604B0BDE8F08701341E
:10D55800BAE7BAF5806FD5D3AAF580637F2B06F1B9
:10D5680050010FD8580951F8204003F01F0324FA3E
:10D5780003F2D2070BD4012202FA03F3234341F842
:10D588002030BFE7054C384600F006FDDBE7044CC9
:10D59800F9E7024CD7E70024D5E700BF2DF8FFFFD5
:10D5A80029F8FFFF08B583681A0C0AD1094A93685D
:10D5B8002BB11279022A02D9032007499847002083
:10D5C80008BDA3F5803383601B0C0CBF012000202D
:10D5D800F6E700BF34210020C1CA010038B504466F
:10D5E800E0B100F1640528460AF081FAD4F8B430B5
:10D5F8009B6953B9D4F8A840103C002C00DC084CB7
:10D6080028460AF072FA204638BD012BF7D1D4F823
:10D61800BC000AF054F9A0F11004EEE7014CF2E75F
:10D628002EF8FFFF2DF8FFFF38B50446E0B100F1F2
:10D63800640528460AF05BFAD4F8B4309B6953B9FC
:10D64800D4F8AC40103C002C00DC084C28460AF00A
:10D658004CFA204638BD012BF7D1D4F8B8000AF0AF
:10D668002EF9A0F11004EEE7014CF2E72EF8FFFFC7
:10D678002DF8FFFF2DE9F04385B00F46904603A92A
:10D688000D9A054699460AF0F3FB0446E0B10C9E54
:10D69800039BD5F8C0009E42A8BF1E460168D0F87B
:10D6A80008C0611A33464A46614528BF4FF0FF312A
:10D6B80009F002FF234642463946284600960AF0FA
:10D6C80077FB05B0BDE8F0830048FAE72EF8FFFFC6
:10D6D8002DE9F0478AB00D46DDE9129716469846BF
:10D6E800044620B9924E30460AB0BDE8F0870029BA
:10D6F800F8D0002BF6D00021A822C0F8D0100BF0EB
:10D708006DFD012204F1640011460AF04FFE894BB9
:10D71800C4F8B450E667AC62C4F88430864BC4F8E9
:10D728008830864BC4F88C30854BC4F89030854BD4
:10D73800C4F89430844BC4F89830844BC4F89C30B7
:10D74800834BC4F8A030AB693BB9002FCAD097E827
:10D75800070004F1A80383E80700AB69012B06D092
:10D768002B6ADBB96FF00506BDE74307F8D4D4F898
:10D77800B400002800F0D980036A002BF2D09B681F
:10D78800002BEFD098474206EFD50021D4F8B4001B
:10D798000AF09BF906460028E9D0A4E71B69002B8C
:10D7A800E0D028469847AB69012B04BF00232861C5
:10D7B80000F0010008BF6B6184F8A400AB69DBB915
:10D7C8003B7A002B00F0838009F10C03C4F8C430C5
:10D7D800B9F1000F86D0D9F80820002A00F0A380FC
:10D7E8009B68002B00F09F805A4B04935A4B05937B
:10D7F8005A4B06935A4B0793AB69012B07D1564BEB
:10D808000493544B0593564B0693544B07930021AE
:10D8180004F1C803C4E9323306ABC4F8C08002225D
:10D8280000932846019104ABFFF770FD06460028D7
:10D838007FF459AFAB693BB92B6B1B68C4F8B830A0
:10D848002B6B9B69C4F8BC30AB69012B07D12B6BE0
:10D858009B69C4F8B8302B6B1B68C4F8BC30D4F88B
:10D86800BC0009F0C7FF2B6B1B68C3F82C802B6B1F
:10D878009B69C3F82C80D5F818A0BAF1000F07D11E
:10D88800D4F8AC300993D4F8B8305B89534520D824
:10D8980094F8A430C4E9004463B100230293314BE7
:10D8A800204601933523304A0394009304F108017C
:10D8B8000AF0CCF8AB69002B7FF415AF0421284699
:10D8C8000AF003F9074600283FF40DAF26E04B465F
:10D8D8007CE74846D4F8AC100AF0BBFA0746E0B13A
:10D8E800D8F800100890411AD8F8080000228142A0
:10D8F80028BF4FF0FF31D4F8AC30404609F016FE8F
:10D90800009701230022D4F8B80008A909F08CFE7A
:10D91800074618B90AF1010AB5E7144F28460AF074
:10D92800CDF83E46DFE6114EDDE66FF01506DAE685
:10D938002DF8FFFF7DD600004B7B0100B97C01006C
:10D94800797E0100B97D0100037B010031D600001A
:10D95800E5D50000E2CA0100E8CA0100ED7C01003B
:10D96800F17A01006F7B0100EECA01002EF8FFFF7B
:10D97800F0B505460E46174687B0074A03AC07CAF6
:10D9880084E807000C9A3146009228463A460194EA
:10D99800FFF79EFE07B0F0BD7499010010B504466C
:10D9A800F5F74CF803480121034A07F020FC20460C
:10D9B8000AF04EFBAC980100F1CA01002DE9F843CA
:10D9C80004460D4600AFEFF31188202383F3128835
:10D9D800BFF36F8F0428294A98BF294BE9468AB0BC
:10D9E8009668117C98BF53F820306A4688BF254B4B
:10D9F800C2E9073140F2013323489384234BC2E93B
:10DA0800050442F8103F00234FF431512048F5F740
:10DA1800F9F8CD4645B1EB69C3F3080323B10121F9
:10DA28001C4A1B4807F0E3FB2EB130460AF0E3FD21
:10DA380008B1037803B91848E9468AB06A46174B13
:10DA4800D061C2E9053640F201331384144B42F821
:10DA5800103F00234FF411510D48F5F7D3F829462C
:10DA6800CD462046FFF79AFF88F31188BFF36F8FE2
:10DA78003046F6F717F8BD46BDE8F8835821002070
:10DA880064A0010000CB01000ECB010005000001DD
:10DA9800AC98010036CB0100CFB2010057CB010092
:10DAA8000400000138B5094B53F82040013053F801
:10DAB8002050A54200D838BD636823B120460AF03B
:10DAC800CFFA0834F5E723689847FAE778A0010009
:10DAD800012270B52A4B032086B01A70FFF7E2FFC7
:10DAE800F5F754FB0AF0D8FA0420FFF7DBFF254CC2
:10DAF800254D2646AE4204F1300410D300F04AFF0B
:10DB0800204C224EAC4226D300F058FFF3F750FACF
:10DB18001F4A137B23F00103137306B070BD54F83A
:10DB28000C3C059354F8103C049354F8143C0393AC
:10DB380054F8183C029354F81C3C019354F8203CC8
:10DB4800009354E90A2354E90C0100F01DFD54F830
:10DB5800303C5E65CDE7D4E90A23B3F1FF3F08BF47
:10DB6800B2F1FF3F05D052EA0301206803D100F06B
:10DB7800E5FF3034C6E73146183001F097F9F8E789
:10DB8800D93400202497010024970100F186010070
:10DB98000015002008B50348034A0021121A0AF0AC
:10DBA80077FA08BD38080020DC340020B82370B5A7
:10DBB800144E86B003FB0066134B012205930F2316
:10DBC800CDE903320023CDE9013314234FF4A072C9
:10DBD8000E4D0F4903FB0055044602FB00110D4B87
:10DBE8003046009500F0D0FC737B2C7423F00403BE
:10DBF8007373094B013403EBC423EE606B6006B00A
:10DC080070BD00BF48140020B9CB01005821002086
:10DC1800485000202D82010048480020BFB5002050
:10DC2800FFF740FF2E4B03F5006282F3088883F369
:10DC38000A880024E0232B4D2B4E85F82230EC7700
:10DC48002C766C76AC7685F820406B6A274F43F4C7
:10DC5800E0236B6285F82340F5F79EFEF6F720F87F
:10DC68004FF0FF33AB62EB62F6F7BEF9F6F73CF81C
:10DC7800F4F754FE40F201131D4D2846AB81C5E967
:10DC8800264401F0D9FAB5600AF0D6F90120FFF769
:10DC980009FF0220174DFFF705FF00F0C3FE164BE2
:10DCA80075610593012315494FF40062CDE90343DB
:10DCB80028463B46CDE90144009400F065FC064641
:10DCC8006A7B284622F004026A730AF0D0FC2046D8
:10DCD800FFF76CFF3A4631462846F5F7BFFF00BF0D
:10DCE8004848002000ED00E058210020D9DA000063
:10DCF8009016002000150020BECB0100885100209E
:10DD080038B5064C064DAC4201D3002038BD20463C
:10DD1800D4E901120AF0C1F91434F4E7EC05002043
:10DD280000060020002038B5054C064DAC4200D353
:10DD380038BD20460AF016FA0028F9DB1C34F5E74E
:10DD480098050020EC05002073B50C46EFF311810F
:10DD5800202585F31288BFF36F8FC5685DB12560F4
:10DD68002B68C360836901338361002081F31188C4
:10DD7800BFF36F8F11E052EA030603D16FF00B0077
:10DD88002560F3E7CDE900230246083000F062FD84
:10DD980018B9034B9B685B69236002B070BD00BF74
:10DDA800582100202DE9F341044617461E46EFF39B
:10DDB8001188202383F31288BFF36F8FC368334A17
:10DDC8007BB180689168884219D057EA060318D158
:10DDD80088F31188BFF36F8F6FF00F0002B0BDE8B2
:10DDE800F081916891F90E100133E3609368216125
:10DDF800A36088F31188BFF36F8F0020EEE72169D5
:10DE0800F2E791F90E1090F90E306FF07E02994208
:10DE1800A8BF19469142B8BF11468B422DDD0AF0C2
:10DE28000CFA054622464146CDE90076184800F02E
:10DE380011FD0028E1D0EFF31186202383F3128827
:10DE4800BFF36F8FA068D0B1236821699C420AD0C4
:10DE58004BB193F90E309942A8BF19466FF07E0373
:10DE68009942B8BF19460AF0E8F940B13146084866
:10DE780000F06AFD6FF00A00B0E70025D2E7002D38
:10DE8800F4D186F31188BFF36F8FF3E75821002090
:10DE9800DA340020F8B583680546002B40D0234AC1
:10DEA800926893423FD1C368012B03D9013BC360F9
:10DEB8000020F8BDEFF31187202383F31288BFF306
:10DEC8006F8F016980680AF0B8F92C68AC4207D1F5
:10DED8000023C5E9023387F31188BFF36F8FE7E7A3
:10DEE800002CF5D0D4E90032002613605A60637B19
:10DEF800C4E9006623F002036373A66004F1180006
:10DF08000AF07CFCAC6094F90E3020462B61C4F812
:10DF1800B0600AF0ACFB3946054800F015FDC7E7CC
:10DF28006FF01500C5E74FF0FF30C2E75821002019
:10DF3800DA34002037B51146EFF31185202282F339
:10DF48001288BFF36F8F04689CB12368426823F07E
:10DF580003039442036008BF4360012120460AF08E
:10DF6800F4F9044685F31188BFF36F8F204603B098
:10DF780030BD51EA0302F5D000F10802CDE90013E3
:10DF88001046294600F066FC0028EFD1014B9B683B
:10DF98005C69EBE75821002070B5EFF31186202368
:10DFA80083F31288BFF36F8F0468A0421BD0D4B1EB
:10DFB800D4E90032002513605A60637BC4E9005538
:10DFC80023F002036373A56004F118000AF016FC3D
:10DFD8002046C4F8B0500AF04AFB3146BDE870400C
:10DFE800064800F0B1BCD0E902329A4218BF0133AA
:10DFF8000221836010300AF0DBFCEEE7DA340020FF
:10E0080013B5EFF31181202484F31288BFF36F8FC7
:10E01800846844B1013C846081F31188BFF36F8F39
:10E02800002002B010BD52EA030406D181F3118822
:10E03800BFF36F8F6FF00F00F3E7CDE900230246BF
:10E04800014800F007FCECE7DA3400202DE9F04144
:10E058000546EFF31187202383F31288BFF36F8FF0
:10E0680000266FF00A082C68A54215D0A4B1D4E99F
:10E07800003213605A60637BC4E9006623F0020330
:10E088006373A66004F118000AF0B8FB2046C4F8D0
:10E09800B0800AF0ECFAE6E7002305F1100002214F
:10E0A800AB600AF085FC3946BDE8F041014800F054
:10E0B8004BBC00BFDA3400201FB5094A02AB92E816
:10E0C80003004FF4806283E80300009305494FF092
:10E0D800FF33054800F06AF9002005B05DF804FB3D
:10E0E8008099010088590020B81500202DE9FF41CA
:10E0F800044620274E4EEFF3118887F31288BFF3AA
:10E108006F8FD4F8B850F5B9022104F1D0000AF0A5
:10E118005DF9002868D004F1C805002201212846CD
:10E128000AF030FB0028F8D100234FF0FF320293A9
:10E138004FF0FF334146CDE900233E4804F1C002C9
:10E1480000F0B4FDD7E7D4F8BC202B689542C4F89A
:10E15800B83008BFC4F8BC30D4F8D03043F002035C
:10E16800C4F8D030EB6823F0040343F00103EB60FC
:10E178006B6888F31188BFF36F8F28469847EFF3D1
:10E18800118887F31288BFF36F8FEB68D80623F0E6
:10E19800010236D4EA60EB689A0716D5306823F096
:10E1A8000203EB6088B10021036870B142689542B0
:10E1B80035D1036869BB72683360824200D17360ED
:10E1C800002340F8083BFFF7E7FED4F8D03023F0EF
:10E1D8000203C4F8D03088F31188BFF36F8FDB05D2
:10E1E80089D400F027FC86E7D4F8D030D9069BD52F
:10E1F800C4F8D00088F31188BFF36F8F04B0BDE86E
:10E20800F08123F01103EB6005F11000FFF7C4FE65
:10E21800C1E70B607368834208BF7160D0E723B120
:10E228001A68014618461346BFE71A46F9E700BFC1
:10E238007C210020DA34002070B5C3680546C3F39A
:10E2480040069B070C460DD50122002104F1080069
:10E258000AF0ACF800232360054B65605A681AB9C8
:10E26800C3E90044304670BD14605C60FAE700BF43
:10E278007C210020F8B5C36804469A070F46C3F30B
:10E2880040062CD45B071AD40B680BB983680B6063
:10E29800E368DD0742BFA36802263B603D6858BFBC
:10E2A8000126002D3AD01F4B9B68AB420AD0D5F807
:10E2B800D030D807C3F3800214D46FF012060023BD
:10E2C8003B6025E00AF091F9D5F8D0300028F0D16C
:10E2D800D907C3F3C002F0D552B15B0708D46FF079
:10E2E8000F06ECE7002AFAD1C3F3C003002BF6D1DE
:10E2F80000232360D5F8BC3063B9C5E92E4428460D
:10E308000AF07FF8E36843F00403E3603B68A36026
:10E318003046F8BD1C60C5F8BC40F0E76FF0150644
:10E32800CDE700BF58210020F8B5C368064603F0C2
:10E338000503002B0C4614BF012700271CD0856855
:10E348000122002104F110000AF030F82046134998
:10E358000AF0AFF8E36843F01003E360F3685B0783
:10E3680012D5336823606BB9D5F8BC3033B9C5E929
:10E378002E4428460AF045F83846F8BD1C60C5F812
:10E38800BC40F6E73460F4E7D5F8B8302360D5F838
:10E39800BC30C5F8B840002BEBD1F0E7EB830100A7
:10E3A800014601480AF0A1B8B8150020F0B50446A6
:10E3B800002089B0C4E92E000E9D04F1C000C4E914
:10E3C800300004F1C800C4E932004DB328790028B0
:10E3D80040F2011008BF0120C4F8D00000204FF01F
:10E3E800FF364FF0FF37CDE90330CDE90100CDE925
:10E3F800066720460B4B009400F02CF955B12968AC
:10E4080011B1204600F0B0F86B791BB1237B43F0C3
:10E4180001032373204609B0BDE8F04000F08EBB2D
:10E428000120D9E7F5E0000030B50A46044685B07A
:10E43800EFF31185202383F31288BFF36F8FD0F891
:10E44800D03013F0060F1DD1B1B143F00C03C4F85E
:10E45800D030204609F0D5FF00234FF0FF32029359
:10E468004FF0FF332946CDE900230C4804F1C802D8
:10E4780000F01CFC05B030BDD0F8B80048B143F03E
:10E488000403E4E743F00401C0F8D010002AE0D008
:10E49800DBE785F31188BFF36F8FEBE7DA340020F1
:10E4A80037B501900846EFF31184202181F31288D3
:10E4B800BFF36F8FC16811F01E0F16D153EA020522
:10E4C80008D101A9FFF7D6FE84F31188BFF36F8F37
:10E4D80003B030BD41F00801C1600199103081617D
:10E4E800034900F0E3FC0120EEE70020ECE700BF61
:10E4F8007F84010001460148FFF7D2BFB81500200C
:10E50800F7B50C4616461D460190EFF311872023F8
:10E5180083F31288BFF36F8F084609F063FF55EA4B
:10E52800060309D1204601A9FFF7A4FE87F3118845
:10E53800BFF36F8F03B0F0BDE36804F1100043F040
:10E548000803E360019B3246A36203492B4600F0AF
:10E55800ADFC0120EAE700BF7F84010001460148C5
:10E56800FFF7CEBFB815002010B5044608B9054B13
:10E578009C681F2204F178000AF05AFE002084F8F3
:10E58800970010BD582100202DE9F04F984685B01E
:10E5980000F15803C0E91633129B002503730423C6
:10E5A800D61D26F007064373119B01EB060A0F469A
:10E5B800C0E90655514685608373C5730446DDF886
:10E5C80038B0DDF84C90F4F79DFF109B073020F031
:10E5D8000700C4E92676C4F8A00002930F9BAAEBB3
:10E5E8000006CDE900B33246434639462046F5F7E2
:10E5F80019FB0F9BC4E9198BE366109B65652367BC
:10E60800EFF31183202282F31288BFF36F8F104F2C
:10E618003A6A3C62626783F31188BFF36F8FB9F17E
:10E62800000F11D01F22494604F178000AF000FEBD
:10E6380084F89750BB680BB1D3F8A4303046C4F8BF
:10E64800A43005B0BDE8F08F84F87890F2E700BFF9
:10E6580058210020F0B5002587B00595109DDDE90B
:10E66800127604950F9D044603950E9D02950D9D07
:10E6780001950C9D0095FFF787FFB6F1FF3F08BF96
:10E68800B7F1FF3F05D056EA070305D1204600F051
:10E6980055FA204607B0F0BD3A463346024904F120
:10E6A800180000F003FCF4E7F18601006FF00A019E
:10E6B800094A9368C3F8B0100849C3F8AC004B681E
:10E6C80043F080534B60002383F31188BFF36F8FAF
:10E6D8009368D3F8B00070475821002000ED00E09F
:10E6E80070B590F90D20437B002A39DBD90637D164
:10E6F8008269002A34D11D4C63F07F03224643739C
:10E7080052F8183F93422CD1E169C0E90021086012
:10E71800E06111E09942F8D01B68002BF5D090F920
:10E728000E5093F90E60B542F4D0AE42F2DD59684E
:10E73800C0E9003108605860A569954200D005B964
:10E74800E568A3685A7BD20604D1DA897F2A01D901
:10E75800AA6942B1AB4202D0284600F0E7FA6561E7
:10E7680070BDE169D9E76361FAE700BF582100206D
:10E7780038B590F90D200146002A437B04DA03F0EE
:10E788007F03437309F039FF0D4D2A4652F8184F9D
:10E79800AB68944200D004B9EC688B4207D05A7B2E
:10E7A800D20604D1DA897F2A01D9A2692AB1A34203
:10E7B80002D0204600F0BAFA23466B6138BD00BF8C
:10E7C8005821002070B590F90D200146002A437B9E
:10E7D80004DA03F07F03437309F00FFF1C4C4B7BF3
:10E7E800224663F07F034B7352F8183FE069934267
:10E7F80007D1C1E900200160E16111E09842F8D039
:10E808001B68002BF5D091F90E5093F90E60B542B4
:10E81800F4D0AE42F2DD5868C1E9003001605960B9
:10E82800A569A368954200D005B9E5688B4207D071
:10E838005A7BD20604D1DA897F2A01D9AA692AB17A
:10E84800AB4202D0284600F071FA2B46636170BDD6
:10E8580058210020F8B5124B0C46DDE90676114622
:10E868009868104A1060EFF31182202282F3128810
:10E87800BFF36F8F9D68284609F0D1FEB6F1FF3FC0
:10E8880008BFB7F1FF3F06D03A463346064905F1BF
:10E89800180000F00BFB2046BDE8F840FFF706BF64
:10E8A8005821002084210020F1860100F8B5044693
:10E8B800EFF31186202383F31288BFF36F8F437B16
:10E8C80049B2DA0617D18269AAB903F07F031D4D50
:10E8D800437309F092FE2A46437B817363F07F03FA
:10E8E800437352F8183F93422AD1E869C4E90020DB
:10E8F8000460EC6116E00020A17386F31188BFF371
:10E908006F8FF8BD8342F1D01B68002BEED093F9CE
:10E918000E70B942F6D08F42F4DD5968C4E900316F
:10E928000C605C60AC69944200D004B9EC68AB68D8
:10E938009C4202D0204600F0F9F901206C61DCE726
:10E94800E869E2E75821002049B9EFF3058030B9BA
:10E95800054B5A699B689A4201D0FFF7A7BE81F31D
:10E968001188BFF36F8F704758210020034648B9BC
:10E97800EFF3058232B9064A51699268914201D093
:10E98800FFF794BE83F31188BFF36F8F704700BF02
:10E9980058210020EFF31181202383F31288BFF35D
:10E9A8006F8F054B9A68D37B013BD37381F3118832
:10E9B800BFF36F8F704700BF5821002070B5EFF389
:10E9C8001186202383F31288BFF36F8F144DAB6831
:10E9D800DA7B0132DA732A4652F8184F944200D093
:10E9E80004B9EC685A7BD20604D1DA897F2A01D9A6
:10E9F800A2692AB1A34202D0204600F097F9234623
:10EA08006B6186F31188BFF36F8FEFF311802023BA
:10EA180083F31288BFF36F8FBDE87040FFF7A6BF7E
:10EA280058210020024B03F11802C3E9062270475F
:10EA38005821002070B5EFF31186202383F3128844
:10EA4800BFF36F8F1B4CA168E0690B68814214BF4C
:10EA58001A46002249680B605960A368E1692AB91F
:10EA6800154AC3E900210B60E3610CE093F90E003D
:10EA780092F90E50A84218D0854216DD5168C3E9B4
:10EA880000210B605360A5690B4B9D4200D005B96E
:10EA9800E568A3689D4202D0284600F047F9656101
:10EAA8003046BDE87040FFF701BE8A42D8D01268F0
:10EAB800D5E700BF582100207021002050EA01034B
:10EAC8002DE9F04105460E4604D1FFF7B3FF0020BB
:10EAD800BDE8F081831C71F1FF3324DB09F0AFFE40
:10EAE8002C18EFF31188202383F31288BFF36F8F5C
:10EAF8000F4F104BB8681860FFF73AFEB8680E4918
:10EB08002A463346183000F0D1F9BA684046537B9C
:10EB180043F004035373FFF7C9FD09F090FE201A70
:10EB280020EAE070D4E76FF00104241AD9E700BFA7
:10EB38005821002084210020F186010038B50446C0
:10EB4800183009F05BFEEFF31185202383F3128858
:10EB5800BFF36F8F637B5A0704D485F31188BFF323
:10EB68006F8F38BD23F0040320466373FFF7B8FDA9
:10EB7800EFF30583002BF0D12946BDE83840014862
:10EB8800FFF7E2BEDA340020014B9868704700BFF7
:10EB9800582100202DE9F8430446EFF3118720237C
:10EBA80083F31288BFF36F8F067B16F001060DD032
:10EBB80087F31188BFF36F8F002383F31188BFF3A6
:10EBC8006F8F0423184602DFBDE8F883437B1A07DA
:10EBD80004D587F31188BFF36F8FF5E7D90943F0A0
:10EBE800080255D14273A36813B1204609F00DFD00
:10EBF80004F1180009F002FEA56D04F15808A845B3
:10EC080011D04FF0000975B1284609F0FEFC05F156
:10EC1800180009F0F3FD2846C5F8B090FFF760FD2D
:10EC2800A56DA845EFD11E4DAB689C4204D1EFF30A
:10EC38000586003E18BF0126D5F81880194A904568
:10EC480002D0B8F1000F01D1D5F80C80434502D0AD
:10EC5800404600F06BF82046C5F8148000F0BEF876
:10EC680056B140F20113104EB38100233046C6E975
:10EC7800263300F0E1FAAE60AB689C42A9D1EFF30D
:10EC88000583002BA5D13846BDE8F843FFF70EBD34
:10EC980003F07F0343F00803437309F0AEFCA2E7D7
:10ECA800582100207021002090160020D3B5DDE9FE
:10ECB8000667089CCDE90067FFF7CCFD1CB1034B44
:10ECC8009B685B69236002B0D0BD00BF582100205B
:10ECD8000122044BC01A044BC0105843034B1A546A
:10ECE800704700BF48170020ABAAAAAADA34002050
:10ECF800C3897F2B12D80A4B1B6863B1094B90F963
:10ED08000E201B689A4209DB437BDB0606D1064BC3
:10ED1800C31A18BF012303F0010070470023FAE764
:10ED28008C210020882100204814002070B50E4B4B
:10ED38000E4C1E7C054606EB460304EBC304204636
:10ED480009F05CFD00220A4B28469A55FFF7D0FFD0
:10ED580048B1084B2046BDE870401A680649013A98
:10ED6800D31700F0A3B870BD582100204817002021
:10ED7800DA3400208C210020D9EC000038B5EFF3FC
:10ED88001185202383F31288BFF36F8F104B114A2C
:10ED98009C681068A04206D1FFF7C8FF85F3118868
:10EDA800BFF36F8F38BD00211B7C11600A4AD35C0A
:10EDB800002BF3D02046FFF79BFF0028EED0637BA3
:10EDC800DB0602D12046FFF7FDFC2046E4E700BF42
:10EDD8005821002084210020DA340020EFF311812B
:10EDE800202383F31288BFF36F8F0A4A136A834282
:10EDF80007D15B6F136281F31188BFF36F8F704780
:10EE08001346002BF7D05A6F8242F9D1426F5A67E6
:10EE1800F1E700BF58210020074808B5074A08490C
:10EE2800121A09F037F9BDE808400648064A0749AA
:10EE3800121A09F02FB900BF000000203408002082
:10EE480014CC0100000000200000002014CC0100B8
:10EE5800024B1868984208BF00207047B804002089
:10EE6800034B1B680BB9FCF75DBE0020704700BF61
:10EE78009021002030B570B10B4B5B6898420AD0E6
:10EE8800036843B1D3E90421D0E90445121941EBE1
:10EE98000501C3E90421D0E9003213605A60002358
:10EEA800C0E9003330BD00BFB8040020B3F1FF3F14
:10EEB80008BFB2F1FF3FF8B504461D4616465AD0C2
:10EEC8008160EFF31187202383F31288BFF36F8FDC
:10EED800013275F1FF3321DA6FF001032B49D1E9D3
:10EEE80000209B1A4FF0FF3262EB00009E1B60EB84
:10EEF8000500012E70F1000301DA01260020C4E9A3
:10EF08000460FFF7A5FF224E84467068BCF1000F2D
:10EF18000DD1C4E90060046074601CE0FFF7A0FF35
:10EF2800013645F10005361845EBE070E7E7DCE906
:10EF38000425D4E90431934271EB050E1CDAD21A88
:10EF4800DCF8043065EB0105CCE90425C4E900C30D
:10EF58001C60CCF80440FFF77BFF844207D10D4BBF
:10EF68001C6824B909F031FC2146FCF7ADFD87F394
:10EF78001188BFF36F8FF8BD9B1A61EB05018445BB
:10EF8800C4E90431C5D0DCF800C0BFE76017002031
:10EF9800B8040020902100202DE9F047EFF31185F7
:10EFA800202383F31288BFF36F8FDFF8A090002629
:10EFB800C9F800000027FFF74BFFDFF89480D9F865
:10EFC8000030D8E900ECD91750B1D0E90442A34287
:10EFD80071EB020A1ADAE41A62EB0102C0E9044290
:10EFE800002413EB0E034CEB0101C8E90031C9F80A
:10EFF800004009F0EAFB2146FCF766FD85F311881D
:10F00800BFF36F8FBDE8F047FFF7B8BE14EB0E02F1
:10F018004CEBE473C0E90467C8E90023FFF72AFF53
:10F0280085F31188BFF36F8F83689847EFF31185D5
:10F03800202383F31288BFF36F8FD9F800301B1B8E
:10F04800C9F80030FFF704FFB9E700BF902100209E
:10F058006017002010B5EFF31184202383F3128882
:10F06800BFF36F8FFFF7FCFE0346054AD2E90001A4
:10F07800181841EBE37184F31188BFF36F8F10BD4B
:10F0880060170020F8B50446EFF31187202383F3B7
:10F098001288BFF36F8F026822B187F31188BFF31C
:10F0A8006F8FF8BDD0E90A36581C46F100010228D6
:10F0B80071F1000127D3012B76F10001BCBF0123B8
:10F0C80016465D1E46F1FF3609F0BDFB013041F1E1
:10F0D8000001401946EB0101012871F100013ADBFA
:10F0E80009F0B1FB013041F100016FF00102401954
:10F0F80046EB01034FF0FF31121A61EB0303204680
:10F108001749FFF7D3FE236B01332363236A6BB1DF
:10F1180087F31188BFF36F8F2046236A9847EFF370
:10F128001187202383F31288BFF36F8F54F8185F79
:10F13800A542B2D0002DB0D0284609F0A7FA002386
:10F14800C5F8B03087F31188BFF36F8F2846BDE844
:10F15800F84009F08CBA6FF001024FF0FF33CEE7A8
:10F168008DF000002DE9F04105461C4690461F46EB
:10F17800EFF31186202383F31288BFF36F8FB4F166
:10F18800FF3F08BFB2F1FF3F05D186F31188BFF3F7
:10F198006F8FBDE8F081531C74F1FF3309DB012A3E
:10F1A80074F10003BCBF0122002412F1FF3844F1BE
:10F1B800FF37284609F022FBDDE906010023C5E9EF
:10F1C8000A012B6342463B4628460249FFF76EFE7A
:10F1D800DBE700BF8DF0000038B50346EFF311857B
:10F1E800202282F31288BFF36F8FC16001218160F2
:10F1F8000068834206D185F31188BFF36F8F00241E
:10F20800204638BDD0E9003213605A600023C0E9B7
:10F21800003309F087FB294604460248FFF794FBB0
:10F22800EEE700BFDB3400200A460146014809F03A
:10F23800D9BB00BFEC050020014BC0F8A4307047D3
:10F24800EC05002038B504460D4609F0CEF928B97A
:10F25800064B9B68D3F8A4300BB938BD044B2A463B
:10F2680021461846BDE8384009F0BCBB58210020AB
:10F27800EC05002001680E4A0346914215D1C16988
:10F28800A2F11022A2F1EF1291420ED18268012A56
:10F298000BD8C26812B101698A4206D0586928B1F0
:10F2A8009B691B1A5842584170470120704700BF9C
:10F2B80055AA00FF70B50D4B9E68A6B13046FFF702
:10F2C800D9FF044678B9F3686BB935690DB920469A
:10F2D80070BD2846FFF7CEFF28B9EB68B34202D1CC
:10F2E8002E462D69F2E70124F1E700BF94210020A2
:10F2F8002DE9F041444B454C05461B68204688469D
:10F30800984718B100242046BDE8F081A4F11407FD
:10F3180054F8144CFB68DCB1BC68CCB1002D66D045
:10F32800B8F1000F65D008FB05F6B6FBF5F5A84562
:10F3380061D1311D5FD8B20711D026F00302043223
:10F348001C4603E06168914257D2A469002CF9D1A8
:10F358002F4B2E481B6898470028D4D0D2E7324656
:10F36800EEE7891A232904F120051CD80123A3609C
:10F37800D4E90523AAB19361A3690BB162695A6103
:10F388000023C4E905333B69DB0703D5FFF792FF88
:10F39800002835D13246002128462C4609F01EFFA8
:10F3A800D6E7FB60E8E702F1200C04EB0C032039F8
:10F3B800C3E90110DC6021691648196144F80C00A2
:10F3C800A0F11020A0F1EF10D86101B1CB60616904
:10F3D8005961A069986141B18B61996901B14B612B
:10F3E80001212361C4E90121CAE7FB60F5E72C4646
:10F3F800AEE74446ACE70446AAE7A0680028B0D0C8
:10F40800012004F0F3FA00BFD0040020A821002056
:10F41800CC04002055AA00FF70B5464B464C054663
:10F428001B6820469847002840F08280002D43D072
:10F4380054F8143CA4F11406002B3DD0B268002AFD
:10F448003AD09D4203D3726813449D4202D30120EF
:10F4580004F0CCFAA5F120042046FFF70BFF0028A2
:10F46800F5D155F8183C012BF1D155F8143C45F865
:10F47800180C3BB39A682ABB55F81C2C02F12001E2
:10F488005A680A445A6055E905321A6155F8145CFD
:10F498002B6903B1DD6020220021204609F09EFE81
:10F4A800286910B18368002B2ED033699B0703D5D8
:10F4B800FFF700FF0028CAD1BDE870401F4B1E4867
:10F4C8001B68184755F8100C00282AD0836843BBDE
:10F4D8004268636813442033636003692361D4E995
:10F4E80005239AB9CBB9436963618269A261B3B153
:10F4F8009C61A36903B15C61236903B1DC602022CC
:10F50800002109F06BFED0E72C46E1E79361A3697F
:10F51800002BE8D062695A61E5E7F360F7E7F46029
:10F52800E7E7F36845F8083C03B15C61F460BCE7C1
:10F5380070BD00BFD0040020A8210020CC0400200A
:10F5480038B50C461C2200210546154809F046FE30
:10F55800144B15481B6898471449154800F038F8AB
:10F56800232C1CD915F003031FBF043CE418C3F176
:10F578000403ED1822460021284609F02FFE084B07
:10F588000C49C3E90054203C9D606C609A68116086
:10F598009A68A1F11021A1F1EF11D161DA6038BDAB
:10F5A80094210020D4040020A821002021F4000088
:10F5B800F9F2000055AA00FF014B1B68184700BF6D
:10F5C800C4040020014B1B68184700BFC00400207A
:10F5D800024B1860024B002019607047C4040020D9
:10F5E800C004002010B50A46044619B1024B002198
:10F5F8001B68984710BD00BFC8040020F8B50D4E21
:10F608000D4C0E4D33680E48984767782B680C48A8
:10F61800984733680B489847022F08D12478E31F8E
:10F628005C425C412B68074898472046F8BD002497
:10F63800F8E700BFD0040020B0210020CC0400204F
:10F64800240200202C0200200E4B0340B3F1607FFF
:10F6580006D1B1F5885F14BF6FF0860000207047AF
:10F66800B3F1707F0BD101F4E043B3F5005F06D12D
:10F6780011F4E06F0CBF6FF08600002070476FF048
:10F68800860070470000C07F8A42F8B506460C46DF
:10F6980000F0DB806F4922F4FF7323F001038B42F3
:10F6A8000ED06D4B22F0FF01994209D06B4822F42D
:10F6B8007F7323F00303834202D0694B994228D118
:10F6C800684B24F0FF0199420FD114F0FF000BD0D2
:10F6D800654B40F00070984240F0B98082EA04001F
:10F6E800FF288CBF00200120F8BD5B4B9942ECD06D
:10F6F800A3F588539942E8D024F4FF7323F001035B
:10F70800B3F1062FE1D056488142DED053498B42EF
:10F71800DBD004F0FE43B3F1A06F14D102F0FE4336
:10F72800B3F1A06F40F0938082EA040333F47E13B0
:10F7380040F08D8014F40040D6D0C4F30540C2F3E5
:10F7480005429042CDE7B3F1407F6AD102F0FE4313
:10F75800B3F1407F7BD182EA040535F47E1576D17A
:10F7680031462046FFF770FF002870D13F4B12F456
:10F778007C1703EA02031BD0B3F1607FC2F305478D
:10F788003FD13B49D3B243F000738B423DD003F1E4
:10F798007E43043B112B01D83649CD5C14F47C1F01
:10F7A800C4F3054333D1BD4214BF002001209BE7B9
:10F7B800B3F1607F0DD12E49D3B243F000738B4271
:10F7C8001DD003F17E43043B112BDAD82A49CF5CC4
:10F7D800D7E7B3F1707FE1D106F4E043B3F5005FFA
:10F7E80003D10127C6F302239F4006F4E043B3F593
:10F7F800005FD3D10125C6F302218D40CEE7102743
:10F80800BFE7B3F1707FC9D1EFE71025C6E712F45F
:10F818007C1F01D1AB4218D022047FF565AFBB42F3
:10F828005FE7B3F1106F12D124F01F6020F470204D
:10F8380068B902F0FE43B3F1106F7FF455AF0F487B
:10F84800104040F01060A042AEE701204CE70020D5
:10F858004AE700BF00020006001300060004000685
:10F868000009000600030006FF0000020000C07F38
:10F8780003000002CFCB0100CFCB01000000FFF650
:10F888002DE9F843884617461C4600F0CDFB05468F
:10F8980088BBD8F80060B6F8009009F4E043B3F5E7
:10F8A800804FB36808BF27F0010737EA03031AD16E
:10F8B8000CB3254B24F0FF029A421FD114F0FF032A
:10F8C80004D0224A43F00073934232D0224648467D
:10F8D800F168FFF7D9FE074668B9224648463169FC
:10F8E800FFF7D2FE70BB6FF0840500233046C8F8DE
:10F8F800003000F0CDFB2846BDE8F883144B9A424F
:10F90800DCD0A3F588539A42D8D024F4FF7323F0AF
:10F918000103B3F1062FD1D00E498A42CED00E4A48
:10F928009342CBD004F0FE43B3F1407F04D12304CB
:10F93800CCD56FF08605D8E7B3F1A06FF7D0034BAD
:10F948009C42C2E73D46D6E700030006FF000002DE
:10F9580000130006000900060004000670B5114BEC
:10F9680005461B6810480E469847044618B16FF0C4
:10F978008F04204670BD6B6933602B7F012B04BF59
:10F9880002232B77094B18BF30601B68064818BF45
:10F998006FF0960498470028EBD0002CE7D06FF062
:10F9A8009604E6E7D004002034020020CC040020AE
:10F9B80038B500F0FE43B3F1407F04460D4602D04F
:10F9C8006FF0860038BDFFF73FFE0028FAD114F427
:10F9D8007C1F12D0C4F30543032B137022D9284A85
:10F9E8002240B2F1607F3DD1264AE4B244F000746F
:10F9F80094422BD1102BE5D9E2E7214B2340B3F1F8
:10FA0800607F15D11F49E3B243F000738B4202D1E6
:10FA180010231370D6E703F17E43043B112B04D95E
:10FA2800002313706FF08500CCE71749CB5CD3E750
:10FA3800B3F1707FF4D101F4E043B3F5005FEFD187
:10FA48000123C1F302218B40DBB2C5E704F17E44F8
:10FA5800043C112CB4D80D4A125D9342B0D8202B27
:10FA6800B0D9DFE7B2F1707FAAD105F4E042B2F570
:10FA7800005FA5D10122C5F30225AA40EDE700BF2A
:10FA88000000C07F03000002CFCB0100CFCB0100F4
:10FA980000232DE9F34113604768D0F81480044629
:10FAA8000E463846114609F082F9054688B93846A7
:10FAB80009F07FF9054660B9FFB277B9B8F1000FD0
:10FAC80005D1A36823F0031323F47F4363B16FF0D8
:10FAD8008605284602B0BDE8F0810121606909F079
:10FAE80040F90028EDD1F2E74FF6F87362889A42A0
:10FAF80027D8154B15481B682779984710B16FF020
:10FB08008F05E6E707B901A8314600F045FA104B22
:10FB180005461B680D48984710B1002DD9D1EEE76E
:10FB2800002DD6D10FCCD6F800C066460FC694E893
:10FB3800070086E80700002FCBD1019BCCF81430D2
:10FB4800C7E76FF08505C4E7D00400203402002021
:10FB5800CC04002010B5044660B1074B07481B6869
:10FB68009847204609F03EF8BDE81040044B03488A
:10FB78001B68184710BD00BFD004002034020020C5
:10FB8800CC0400202DE9F04116461F46002288B01B
:10FB9800038805468846CDE9042207963A60002E78
:10FBA80062D0B6F1005F80F09E8023F0FF03B3F5CA
:10FBB800E24F02D0B3F5824F22D1284608F03DFF2C
:10FBC8000446002840F08380EB686BB16A885AB11C
:10FBD8002B8803F44F41B1F5824F05D1DBB2222BBC
:10FBE80037D02DD8122B39D04246002308EB060116
:10FBF80012F8010B914243EA0003F9D1002B33D0EC
:10FC0800284605AA04A9FFF743FF0446A0B9049BA8
:10FC18009B6A63B3049B41465A882846069206AA03
:10FC2800029203F1280201929A6A00925B6A3246B4
:10FC380009F0CEF8044678B30498FFF78BFF46E046
:10FC4800273BDBB21B2BCFD8284921FA03F3DB076C
:10FC5800CAD50732B6EBD20FC6D205E040F2092367
:10FC68009A42F6D1402EBFD86FF086042FE06B6819
:10FC78001B0A07D10799049808F074FF0446002866
:10FC8800C8D0D9E732464146284607AB09F09BF869
:10FC980004460028EED0CFE70499069B4A88D2B9DB
:10FCA8004B804FF6F873069A04989A4218D82B8816
:10FCB80013B102889A4210D16B8813B142889A42D4
:10FCC8000BD13946FFF74AFE04460028B4D1204636
:10FCD80008B0BDE8F0819A42E3D06FF08604ABE744
:10FCE8006FF08504A8E76FF08504F0E70102000CC7
:10FCF80038B504460D46FFF781FC30B12A46214647
:10FD0800BDE83840024809F0DCB86FF0880038BD1B
:10FD1800B421002070B51D4E1D4C33681D4898470E
:10FD28002378590744BF23F00403237023789A07E4
:10FD380005D500F017F9237823F002032370164D38
:10FD480014482B689847336814489847637813B168
:10FD5800134809F0C7F80023042111486370FFF71E
:10FD680041FC2B680D48984733680A489847237820
:10FD7800DB0705D509F026F8237823F00103237063
:10FD88002B680448BDE87040184700BFD004002025
:10FD9800B02100202C020020CC04002024020020E6
:10FDA800B42100202DE9F041FFF728FC18B1002408
:10FDB8002046BDE8F081364F36483B6898470446F0
:10FDC80020B16FF08F04FFF7A5FFF1E7324D2B78D4
:10FDD800D80706D408F0F4FF04462B7843F0010353
:10FDE8002B702E4E2B483368984710B1002CE8D062
:10FDF800E9E7002CE7D13B682648984704460028E5
:10FE0800DFD12B78990706D400F0A4F804462B78A4
:10FE180043F002032B7033681E4898470028E5D149
:10FE2800002CD0D13B681B4898470028C9D13368BB
:10FE3800184895F8008098470028C2D13B681848B0
:10FE4800984704460028BCD16B7843B918F0010FD5
:10FE580005D0144809F033F8022304466B70336860
:10FE68000F4898470028C1D1002CACD13B680948FD
:10FE780098470028A5D12B7806485A075CBF43F05D
:10FE880004032B7033689847002890D099E700BF87
:10FE9800D00400202C020020B0210020CC04002037
:10FEA80024020020B421002038B5074C074B204617
:10FEB8001B689847064B204693F88055054B1B68EE
:10FEC8009847284638BD00BF2C020020D0040020E7
:10FED800B8210020CC04002000F140421F2A38B588
:10FEE80004460D460CD82C21194B01FB02331A7F0E
:10FEF800022A02D15A69824218D06FF08B001FE0A3
:10FF0800012108F02EFFE0B1114A00201346117FAD
:10FF1800022902D15169A14205D00130202802F1FD
:10FF28002C02F4D1E9E72C2202FB00331A7F022AC3
:10FF38000AD11A6A511C07D0002001321A622B60BC
:10FF480038BD6FF08700FBE76FF09600F8E700BF59
:10FF5800B82100200122024B002083F88025704739
:10FF6800B82100202DE9F0410A4C002526464FF023
:10FF7800010803272046C4F820802777013508F0B8
:10FF880031FE202D04F12C04F4D1002386F88035AD
:10FF9800BDE8F081B8210020F8B506460F46FFF706
:10FFA80083FF002835D000241D4B22461D46197FAB
:10FFB800F9B13CB9022905D1196A19B91979002989
:10FFC80018BF1C460132202A03F12C03EFD114B9C3
:10FFD8006FF08C000BE0237F022B04D1236A5A1C9C
:10FFE8001CBF01332362204608F0FCFD10B1002439
:08FFF8000DE01C46237F7BB9DC
:020000040001F9
:100000000123237736B1094B651BAD105D4305F124
:100010008045356000203C60F8BD6FF08800EAE75D
:100020006FF09600E7E700BFB8210020A38B2EBA3F
:10003000002370B50B6004460D46FFF739FF08B387
:10004000124B13481B689847064618B16FF08F048F
:10005000204670BD20462946FFF742FF10F18C0F65
:1000600004460C4B07D01B68094898470028EFD07E
:10007000002CEDD1EAE72E601B68054898476FF029
:100080008704E5E76FF08804E2E700BFD0040020B2
:1000900034020020CC04002010B50B4B04461B6832
:1000A0000A48984718B16FF08F04204610BD2046CB
:1000B00008F06CFE064B04461B680448984700286D
:1000C000F3D0002CF1D1EEE7D00400203402002060
:1000D000CC040020074B10B59942044606D00830E6
:1000E00000F076F908B91C23236010BD6FF085007D
:1000F000FBE700BF05000002F7B5089E0D4FF5B203
:10010000044645F000754868BD424FEA10200AD009
:1001100060B9009604F1080000F0BEF808B91C238D
:10012000236003B0F0BD6FF08500FAE76FF0860042
:10013000F7E700BF05000002F7B5089E0D4FF5B2C6
:10014000044645F000754868BD424FEA10200AD0C9
:1001500060B9009604F1080008F0CAFF08B91C2332
:10016000236003B0F0BD6FF08500FAE76FF0860002
:10017000F7E700BF050000022DE9F743DEB2304B80
:1001800046F000769E4204460D46914624D006F184
:100190007E43043B112B23D82A4A0F2B12F80380ED
:1001A00020D8294AD75C4F451ED231462046FFF75A
:1001B00091FF70B94A462946204608F04AFE40B9E8
:1001C00004F5EA7542462946204601AB08F04AFE8E
:1001D00058B103B0BDE8F0834FF010084027E2E7C4
:1001E0004FF000080027DEE7C84631462046FFF7FB
:1001F00071FF0028EDD104F2D31205EB08018D4206
:1002000017D1A7EB080208F5EA70B84588BF0022AD
:100210003621204408F0E6FF3A46204604F5EA710C
:1002200008F017FE0028D4D1C4F8B06184F8147225
:10023000CFE715F8013B83F0360302F8013FDEE714
:1002400003000002F1CB0100E1CB01007FB50024E7
:10025000C0F848410F4C0546009408F0C8FD04461C
:1002600098B9102203AB05F59C76019328463346D6
:10027000009205F5947108F0CDFD044628B930468A
:1002800008F036FE204604B070BD284608F0CEFDCA
:10029000F8E700BF004440042DE9F041069E1D46EA
:1002A0001F4B04463340B3F1607F0F4690460FD199
:1002B0004FF40672002108F095FF012384F81832EC
:1002C0002A46334641462046BDE8F041FFF754BF79
:1002D000144B26F47E169E421BD10B88B3F5105F9B
:1002E00017D1A5F11002102A17D80F4BD340DB0706
:1002F00013D54FF4A672002108F074FF022384F88E
:10030000183242462B4639462046BDE8F041FFF7F9
:100310009DBF6FF08500BDE8F0816FF08600FAE7C1
:100320000000C07F0002C0030101010073B50C464C
:1003300011461A4623880546B3F5105F069E19D16B
:10034000A2F11004102C12D80C4BE340DB070ED5A1
:100350000B4B9E420ED100242346009402F0EEFD8A
:10036000204685F81C41C5F8186102B070BD6FF0D9
:100370008600FAE76FF08500F7E700BF0101010092
:10038000004440042DE9F04116461F46D0F81821DC
:100390000E4B05469A42884611D1314602F0EEFDD9
:1003A000069B044698420DD83346284642463946B5
:1003B00002F0F2FD0020079B1C60BDE8F0816FF0A9
:1003C0008500FAE76FF08900F7E700BF00444004BA
:1003D00038B50A4B054699420C4605D0013399427F
:1003E00008D06FF0850038BD03F046F90020C5F84D
:1003F000A041F8E702F070FFF8E700BF0800000234
:1004000010B5094CD0F8A031A34205D00134A34265
:1004100006D06FF0850010BD03F058F90020FAE710
:1004200002F084FFFAE700BF0800000270B51D4625
:10043000114ED0F8A0310446B34205D00136B34284
:1004400010D06FF0850070BD1B2A11D903F006FA99
:100450001C234FF4D472002120462B6008F0C2FE0A
:100460000020F0E71F2A03D903F036F82023F0E735
:100470006FF08900E7E700BF08000002014B1B682E
:10048000184700BFF4040020014B9B68184700BFC9
:10049000F4040020014BDB68184700BFF40400207F
:1004A00010B50C4C236813B10B4B1B682BB900F033
:1004B0005FFE30B90122084B1A600123236000203F
:1004C00010BD0138072801D9044810BD044B53F86A
:1004D000200010BD402700203C270020FE8FFFFF9A
:1004E00090A00100BFF34F8F0549064BCA6802F484
:1004F000E0621343CB60BFF34F8F00BFFDE700BF47
:1005000000ED00E00400FA0530B44FF0FE320025A3
:100510000B4B0C4C0C494968C3F80024C3F8042465
:10052000C3F80824C3F80C24C3F81024C3F8142417
:10053000C3F81824C3F81C24C4F8005530BC08477D
:100540000050845000408450D8040020024BD0E971
:100550000012C3E900127047D8040020144B2DE9A3
:10056000F043002814BF04461C46124F236883B092
:10057000BB4219D016460D4620464FF4E07104F1F7
:10058000040900F0EDF804F58E78484600F0D0FC40
:10059000404600F0F3FA2B464A464046064900968C
:1005A00000F002FB08B92760002003B0BDE8F0832B
:1005B00044270020A5BCC95AB50F010070B50D4CE9
:1005C0001D46002814BF064626460B4B306882B0F5
:1005D00098420DD106F58E700026334600961446DB
:1005E00000F032FB002818BF34462C6002B070BD0A
:1005F0000248FBE744270020A5BCC95AE88FFFFF4B
:1006000010B5044650B1636813F0685F05D0064A20
:10061000934202D000236260236010BD034B044864
:100620005B689847EFE700BF2C5F5CA9D804002007
:10063000B0A00100C8B143680D4A934213D013F033
:10064000685F0ED0012350E8002F194640E8001CD7
:100650009CF0000FF7D1012AF5D0BFF35F8F002087
:10066000704704487047044870476FF4E040704793
:100670002C5F5CA9E98FFFFFEA8FFFFF034680B183
:10068000426809498A420AD012F0685F05D0BFF378
:100690005F8F002210461A60704704487047044874
:1006A00070476FF4E04070472C5F5CA9E98FFFFF53
:1006B000EA8FFFFF10B5044620B10023034A2360F0
:1006C000626010BD0248FFF71FFFF6E73A00003AEC
:1006D000D8A0010070B5194CD0F804C00668C4F861
:1006E00004C0D0F808C0C068C4F808C0E060266044
:1006F0000868134B134D18604868D5F818215860E6
:10070000886812F0685F9860C8680969D8601961E4
:1007100012D000230C4A05F58A70C5F81431C5F8CB
:10072000B831C5F81821C5F8BC21B047236805F5D4
:10073000DC70BDE87040184770BD00BFF4040020B5
:10074000E0040020442700202C5F5CA938B131B1BF
:10075000002201440346013081421A70FAD17047E9
:1007600038B131B1002201440346013088421A7089
:10077000FAD170472DE9F04FB2F5C07FBDB000F25D
:10078000DA800C46DFF8B491154600214FF4D072A0
:1007900082460DF17C08484608F024FD404601F0F1
:1007A00047F930232146002409F118062A4689F822
:1007B000173030466BBAA9F81230A9F8104008F08B
:1007C000EAFC8022234672550DF12B0101F8013F0E
:1007D0000133202BFAD14FF4807240460BA901F06F
:1007E0003DF98346002840F0A38005F1190313ADBD
:1007F0002F4607AE0293CDF80CA001960495102267
:100800000021019808F0EEFCDFF834A1DDF808B013
:1008100005970A9B5AF8044C089F099A07995AF8B9
:10082000100C5AF80C6C5AF8085C5C40019B7E4036
:10083000554081EA00071A4601214046CDE9077676
:10084000CDE9095401F02CF9BBF1100F94BFABEBCB
:100850000B0BABF1100B0AF1100A002847D1BBF1CA
:10086000000FD6D1059F10223846019908F093FC5D
:1008700099F8033010370133474589F80330BED16A
:10088000049D4FF4807229464046DDF80CA0019E7D
:1008900001F0E4F8834678BB54460AF130071BABFD
:1008A0001A460121404601F0FBF8834620BB102286
:1008B00020461BA9144408F06EFCA742EFD1404625
:1008C00001F0C6F84FF4D0711C48FFF749FF2846E5
:1008D0003021FFF745FF0BA82021FFF741FF3046ED
:1008E0001021FFF73DFF58463DB0BDE8F08F83462D
:1008F000DDF80CA0019E049D404601F0A9F84FF4DC
:10090000D0710E48FFF72CFF28463021FFF728FF53
:1009100020210BA8FFF724FF10213046FFF720FF0E
:1009200030215046FFF71CFF58463DB0BDE8F08F20
:1009300013AD07AEE0E76FF0370BF5E714290020A1
:10094000242900202DE9F0418CB004460D463022C8
:10095000002168466F4608F045FC04F12006E27B62
:100960000132D2B2E273002A4DD1A27B0132D2B25F
:10097000A273002A47D1637B0133DBB26373002B80
:1009800041D1237B0133DBB22373002B3BD1E37ACC
:100990000133DBB2E372002B35D1A37A0133DBB232
:1009A000A372002B2FD1637A0133DBB2637253BB86
:1009B000237A0133DBB223722BBBE3790133DBB241
:1009C000E37103BBA3790133DBB2A371DBB96379B4
:1009D0000133DBB26371B3B923790133DBB2237125
:1009E0008BB9E3780133DBB2E37063B9A3780133E9
:1009F000DBB2A3703BB963780133DBB2637013B928
:100A00002378013323703B4622460121304601F012
:100A100047F88046002841D110370CAB9F429ED149
:100A2000029AAB680399534002933046EE68D5F8BA
:100A300020804E40039604992E69D5F828C04E4078
:100A400004966E6905990B9F4E4005960699AE690E
:100A5000009B4E400696EE6907994FF480724E4017
:100A60000796089ED5F824E088EA0608099E8EEAD3
:100A7000060E0A9E8CEA0601EE6A7E402F687B40D5
:100A800000936B68019D6B400193CDE9088ECDE921
:100A90000A16694600F0E2FF804638B16846302108
:100AA000FFF75EFE40460CB0BDE8F0811022204604
:100AB00008A908F070FBF1E72DE9F8431D468369AA
:100AC000B3F5C07F52D81646C3F5C072AA424DD3C3
:100AD000C5F5C072D31AB34248D30446DFF89890E4
:100AE0004FF4C0720F464846002108F07BFB494690
:100AF000D4F89430A269D4F898009847002838D1E7
:100B0000D4F818803DB1D4E925302A4609EB080114
:100B1000984770BBA84407B1C6B917494246084672
:100B2000FFF728FE054638B14FF4C0711248FFF7B1
:100B300017FE2846BDE8F88320460F49FFF702FF5D
:100B400005460028F0D101232361EDE739463246FE
:100B500009EB080008F01FFB0749B044424608466D
:100B6000FFF708FE05460028DED1E5E76FF0370500
:100B7000DFE76FF03305DCE7B42A002010B5A422CC
:100B80000021044608F02EFB4FF0FF314FF6F072C3
:100B9000044B2161E26104F19C001B68BDE8104038
:100BA000184700BFD40400202DE9F047054688B05F
:100BB0000F461646002120226846984608F012FB90
:100BC0001F4B05F19C0948461B689847044618B11D
:100BD000204608B0BDE8F08705F1200A504600F035
:100BE00027FFAA69C5E92576F2B920232E69AB61F2
:100BF000002E22DB694650464FF4807200F02EFF33
:100C0000044630B9334641462846109AFFF754FF50
:100C100004460C4B48461B689847002818BF0446FA
:100C2000204608B0BDE8F0872E69002EE2DA2F2AB0
:100C300096BF013226465608DCE71026DAE700BFE9
:100C4000D0040020CC0400202DE9F04FB2F5806FD5
:100C500091B01A9F00F2E380B7F5807F00F2DC804C
:100C6000044615460E463022002104A8984608F096
:100C7000B9FA6C4B04F19C0948461B6898478346B7
:100C8000002840F092802269E3699A4200F3918043
:100C90006369002B40F08D80002F40F0A980DFF8C1
:100CA00088A16F46002D00F098806F4604F120085F
:100CB0000EE0102DAB4628BF4FF0100B30463946E2
:100CC0005A4608F068FAB5EB0B055E4400F08580E3
:100CD000E37B0133DBB2E373002B4DD1A37B013304
:100CE000DBB2A373002B47D1637B0133DBB26373A9
:100CF000002B41D1237B0133DBB22373002B3BD18B
:100D0000E37A0133DBB2E372002B35D1A37A0133EE
:100D1000DBB2A372002B2FD1637A0133DBB2637293
:100D200053BB237A0133DBB223722BBBE37901334C
:100D3000DBB2E37103BBA3790133DBB2A371DBB98F
:100D400063790133DBB26371B3B923790133DBB269
:100D500023718BB9E3780133DBB2E37063B9A37815
:100D60000133DBB2A3703BB963780133DBB263704C
:100D700013B92378013323703B46224601214046B4
:100D800000F08EFE8346002893D0DAF80030484603
:100D900098470346302104A8002B18BF9B46FFF755
:100DA000DFFC10213846FFF7DBFC584611B0BDE8E8
:100DB000F08F3A46414600232046FFF77DFEDFF8DC
:100DC00068A000283FF46DAF4846DAF80030984735
:100DD000834600283FF465AFE7E7204604A9FFF704
:100DE000B1FD83460028D0D1236901332361CCE7CC
:100DF0003A46414604A8FFF7BDFC834618B16F464A
:100E0000DFF824A0C1E7204604A9FFF79BFD834635
:100E100000283FF444AFF2E76FF0370BC5E76FF0FF
:100E2000350BC2E7D0040020CC0400202DE9F043AC
:100E3000202B1D460646884691468BB026D8DBB24D
:100E400002AF8DF80480B04658F8041B8DF80530C9
:100E500021B9404600F066FE044640B90123022253
:100E60004046336001A900F071FE044638B13846AF
:100E70002021FFF775FC20460BB0BDE8F0832A4621
:100E80004946404600F062FE0446F0E702AF1946CC
:100E9000104600233A4600F0DFFF04460028E6D162
:100EA0002023B9461D46CCE72DE9F041D0F8F830B3
:100EB000A6B0002BD8BF02AE31DD05460027D0F822
:100EC0000C4102AEA4F101089022D5F8FC40314655
:100ED000D0F8000101AB0197B8FA88F8A0474FEAB3
:100EE0005818044620B9019B53B9B8F1000F16D029
:100EF00030469021FFF734FC204626B0BDE8F08153
:100F0000014632462846FFF791FF58B9D5F804311B
:100F1000019A1344C5F80431B8F1000FE8D16FF01D
:100F20003C04E5E70446204626B0BDE8F08100BF5A
:100F300070B500250446142204F588762946C0F8C9
:100F4000F850FC3008F04EF908222946304608F0E7
:100F500049F9144B30461B689847204640F8045B1B
:100F600000F0C6FD104B30461B689847C8B9D4F84E
:100F7000F830AB420FDC03EB830204EB820220214A
:100F8000C2F800010120C2E9421008490133C2F849
:100F9000FC10C4F8F830064B3046BDE870401B68C2
:100FA000184770BDD4040020D00400202D19010082
:100FB000CC0400202DE9F047202A88B07AD83F4B96
:100FC00000F5887904461B684846174688469847C6
:100FD0000546F8B940F20116D4F8F830002B65D078
:100FE0002046FFF761FF054638B9D4F8F830002BEA
:100FF00014DC013EF2D16FF03B056E4620213046F5
:10100000FFF7AEFB2E4B48461B689847002818BFD9
:101010006FF01D05284608B0BDE8F087D4E94132DD
:10102000934203D3D4F80C21012A02D0013ED7D138
:10103000E1E71F2BFAD96E4601462022304604F123
:10104000040A08F0CFF83146504600F0A9FD0546E5
:101050000028D3D1504600F05FFD504600F048FD17
:101060002946504600F05EFD05460028C6D1504690
:101070002022314600F06AFD05460028BED1034615
:1010800032462021304600F0E7FE05460028B5D163
:10109000D4F8F8303A46002BC8BF0023404631460A
:1010A000C8BFC4F8043108F076F8A7E76FF03F0531
:1010B0006E46A3E76FF03B05ACE700BFD00400200D
:1010C000CC040020002130B58DB0282202A8019167
:1010D00008F088F802A800F0E7FE044610B12046A8
:1010E0000DB030BD1B4D4FF0FF31286800F034F9D2
:1010F00060BB194BD3F8340E10F0010017D100F08B
:101100005BF9F8B9154A02A901A800F001FC0446F0
:10111000012000F051F988B9286800F025F900286D
:10112000DDD00F48FFF7F0F920460DB030BD28683C
:10113000052400F019F90028D1D0F2E70948FFF79B
:10114000E3F9E9E70848FFF7DFF9DBE70748FFF7CE
:10115000DBF9CEE72805002000608450342C002005
:1011600054A1010034A1010014A10100FCA0010060
:1011700030B583B000F036F878B900F055F890B982
:10118000144BC3F80C0AFFF79DFF0446F8B9124D43
:101190002B6863B1204603B030BD032400F072F821
:1011A000204603B030BD0424204603B030BD0246C3
:1011B0000146FFF7D3F950B96822084901ABFFF7A0
:1011C000FDF920B92046064B2B6003B030BD052445
:1011D000E0E700BF00508450542E0020582E00201D
:1011E0005AEA5A5A00207047430504D54FF0FF329F
:1011F000034BC3F80821024BC3F8080A704700BF2D
:1012000000508450014BC3F8040A704700508450CA
:1012100008B100F071B84FF47500704708B100F0E4
:101220004FB84FF47500704710B5114800F080F8C2
:1012300000B110BD0F4800F07BF80028F9D10E4C2A
:10124000204600F075F80028F3D10C4B0C481C60C8
:1012500000F06EF801460028EBD100F02DF80446AE
:1012600008B1204610BD00F089F82046FAE700BF1B
:101270003805002034050020300500202805002016
:101280002C05002008B5084800F05CF8074800F07D
:1012900059F8074800F056F8064800F053F8BDE842
:1012A000084000F00BB800BF3805002034050020CE
:1012B000300500202C05002000207047704700BF3B
:1012C00010B402460B4C01E0134207D1D4F8003AA7
:1012D00013F48070F8D0012042F4807229B1054BDC
:1012E000D3F804410C60C3F80841024BC3F8082A44
:1012F00010BC7047005084500246084901E01A4271
:1013000007D1D1F8003A13F48070F8D0012042F4EC
:101310008072024BC3F8082A704700BF0050845007
:1013200007F046BF07F05EBF0A46002107F05ABF2C
:1013300008B5034B02681B6810689847002008BD79
:10134000F404002008B5034B02685B6810689847F6
:10135000002008BDF4040020024B02689B6810685E
:10136000184700BFF404002008B5034B0268DB688F
:1013700010689847002008BDF404002070B5094C9F
:10138000094D2069AB68984718B1084B08485B685D
:1013900098470021074AEB6811602069BDE870405A
:1013A000184700BFE0040020F4040020D804002007
:1013B0006CA10100C02E0020F8B51A4D1A4E04464B
:1013C000B26828699047E8B9184F3B684CB1A3B19F
:1013D000012B19D0013B3B602869F3689847002036
:1013E000F8BD43B90121124AC2F800151149D1F8DC
:1013F0001029002AFBD101333B60F3682869984724
:101400000020F8BD0C48F8BD0A4AD2F81039002B6C
:10141000FBD1074A6FF07E40C2F80035FFF7F2FEBD
:101420003B68D7E7E0040020F4040020C02E002031
:101430000040845000508450E98FFFFF2DE9F041B7
:10144000002873D00C46002970D01D46002B6DD0AB
:1014500007461AB1012200232A6003602B68002B83
:101460005FD02946204600F0D9FD804600285AD199
:101470002146286800F0B8FD8046002853D128682E
:10148000082867D0042867D0A0F10200B0FA80F0E5
:1014900040090121314EC6F8C411C6F84011C6F802
:1014A000C411636AC6F83031D6F830219342F6D1C0
:1014B0000023C6F82C314FF0FF33C6F808316FF027
:1014C0001B03C6F80031C6F80C01D6F8040A40F434
:1014D0008060FFF797FE0A23C6F83831069B012B80
:1014E00029D023691E4AA2FB03231B09626A4046D6
:1014F00002FB03F303EB4303184ADB039B09C2F827
:10150000D8310123C2F82C313B682A6823F07F438D
:1015100043EA02633B602A6843EA02233B60BDE87A
:10152000F081DFF840804046BDE8F081DFF8388088
:101530004046BDE8F0814FF47F03D3F80C2C013214
:1015400006D0D3F80C3C064AA2FB03231B09CDE7C7
:101550001623CBE703209CE702209AE70050845033
:10156000ABAAAAAA310CF100350CF10058B34B1EFE
:10157000B3F5047F27D230B54FF0000ECD0074468E
:1015800071464B0901F01F0C50F82330BCF11F0FBE
:1015900023FA0CF306D003F0010319B901211C460C
:1015A0008E46EEE79C4201F1010106D01C464FF049
:1015B000010EA942E5D1002030BD0EF1010E964585
:1015C000F7D1024830BD0148704700BF360CF1002A
:1015D000C0B32DE9F0434C1EB4F5047F1DD2E3B136
:1015E000DAB100252E46A8462C46CF0003F1FF397C
:1015F0004FEA541C04F01F0E50F82C10BEF11F0FC0
:1016000021FA0EFC0CD00CF0010C4CB90126E0467E
:1016100034463546ECE7964216D90C48BDE8F083CF
:10162000AB420BD0C44508BF0136A945F3D0013504
:101630000134BC42DCD10020BDE8F0830125E04646
:101640002E46F5E7014870471D46F1E7370CF100DB
:101650002DE9F04F8FB08246DDE919460D46002E88
:101660006ED1096904911C60002318990B60002A4F
:1016700000F02881994B6A6AD3F83811D3F83031D9
:101680009A4269D10A2967D19AF80330069304F186
:10169000080305930423049A0393914B8F4CA3FBF7
:1016A000023B4FEA9B0B0BEB4B0BA2EB4B0B189B3C
:1016B000049E1E60002E00F0E580002700F0BEFCB6
:1016C0000797BAF1000F00F0D0804FF00109DDF864
:1016D0001480002D00F0C980069B002B3ED02846C8
:1016E00006A900F09BFC00283AD07E4B984220D0FF
:1016F000069B082B00F0E08000225B000693294641
:1017000006AB50460092FFF799FE774B984200F0E7
:10171000CF8070B9DAF80020130A03F47F03134373
:1017200023F07F43CAF80030039B013B0393BED1F3
:101730000020039000F082FC03980FB0BDE8F08F0A
:101740004FF47F01D1F80C0C01300CBF4FF4047141
:10175000D1F80C1C049186E76448EAE76248C4E7C4
:101760002946069800F040FC0028BED1069B082BB5
:1017700000F0A480042B00F0A380A3F10203B3FACD
:1017800083F35B09C4F8C491C4F84091C4F8C491D0
:101790006A6AC4F83021D4F830118A42F6D10022A6
:1017A000C4F82C214FF0FF32C4F808216FF01B025F
:1017B000C4F80021C4F80C31D4F8040A40F4806065
:1017C000FFF720FD0A23C4F838312B69444AA2FBF5
:1017D0000313696A1B0901FB03F303EB4303DB03F8
:1017E0009B09C4F8D831C4F82C910698DAF8003077
:1017F00023F07F41030243EA00630B43CAF8003041
:1018000007A800F0E1FB079B354A03F01A030343E6
:101810007FF46EAFA2FB0632D4F81431B7EB920F0F
:101820000893D4F818310993D4F81C310A93D4F8EA
:1018300020310B93D4F824310C93D4F828310D9334
:1018400002D1BBF1000F12D14046182208A9183E60
:10185000FFF766FD08F1180801379EB100F0EEFBB6
:1018600000230793002D7FF437AF21483DE7404622
:101870005A4608A9A6EB0B06FFF752FDD8440137DC
:10188000002EEBD1049F059E6A6939463046FFF76A
:101890006DFEAA6940B94FF4806339463046FFF7C0
:1018A00097FE00283FF444AF0023189A13601CE70A
:1018B0002B6A002B3FF43DAF0E483AE7032361E764
:1018C00002235FE7012229465046009606ABFFF748
:1018D000B5FD00283FF4DBAE2BE700BF005084507D
:1018E000ABAAAAAA020CF100310CF100300CF100F5
:1018F000350CF100320CF10010B4DDE90134019433
:101900000024DDF80CC0CDE902C410BCFFF7A0BE76
:1019100030B51546012487B005AB00930022CDE910
:10192000015404ABFFF794FE07B030BDF0B587B0AB
:10193000002967D01E46002B64D01446002A61D0CF
:10194000324F0D4638684FF0FF31FFF705FD002894
:101950003DD12F4BD3F8340E10F0010015D04FF0CD
:10196000FF354FF408712B48FEF7F0FE04212A489A
:10197000FEF7ECFE29482821FEF7E8FE3868FFF75D
:10198000F3FC40BB284607B0F0BDFFF715FD00286B
:1019900034D1224800F088FA70B91E4A03460292F8
:1019A00005AA019204AA039000921C4902461A4813
:1019B000FFF7A2FF0346A0B14FF0FF350120FFF76C
:1019C000FBFC0028CDD01648FEF79EFDC9E7154860
:1019D000FEF79AFDBDE71448FEF796FD284607B0CE
:1019E000F0BD28461D46059B22469C4228BF1A464C
:1019F000049932600831FFF793FCDFE70B48FEF7EC
:101A000083FDC6E74FF0FF35BCE700BF2805002087
:101A100000608450F02E0020C42E0020C82E00202C
:101A200034A10100FCA001008CA1010014A101005F
:101A300010B5044630B1002201236265A265E3655A
:101A4000236610BD0148FEF75FFDF4E7A4A1010085
:101A500018B174220021FFF765BC7047C8B1D9B135
:101A600008B50023C02A836380F83C300FD0B2F55C
:101A7000807F04D0802A03D06FF01F0008BD0223AE
:101A80000363D2081030FFF74BFC002008BD012390
:101A9000F6E76FF0210070476FF01F00704700BF3E
:101AA00070B5044686B0F8B11046EAB1E3B1012939
:101AB0001AD8A26B16D0012A16D1102500210DEBE1
:101AC0000506019602AA61632946009500F0C8FA4E
:101AD00050B92B463246204602A900F073FD18B9D2
:101AE00006B070BD002AE8D06FF02100F8E700BF13
:101AF00010B5044628B12046BDE81040F421FFF798
:101B000013BC0448FEF700FD2046BDE81040F42158
:101B1000FFF70ABCB8A1010010B1F421FEF716BE10
:101B2000704700BF08B521B1012908D06FF0360019
:101B300008BD012100F058F80028F7D108BD0221A6
:101B400000F052F80028F9D0F0E700BF30B50546A4
:101B50008818B0F5801F0B461446A1B001D8802A22
:101B60000CD9B3F5801F17D922461946284600F034
:101B70007DF8044684B9204621B030BD6846FFF7A1
:101B8000CFFB22466946284600F070F880210446C3
:101B90006846FFF7C9FBEDE76FF03604EBE700BFDF
:101BA00070B5E8B10E46D9B1044600F031F80546EB
:101BB000B0B92368012B0BD0022B01D0284670BD91
:101BC0001C22304604F10801FFF7AAFB284670BD2D
:101BD0002022304604F10801FFF7A2FB284670BD21
:101BE0006FF03605EAE700BF78B138B50D46F02151
:101BF0000446FFF799FB402320462560E36500F08B
:101C000061FA003818BF012038BD0120704700BFBD
:101C1000F0B5056EA5B0044604AEE5B90023012772
:101C2000019330466760294602AA009300F018FA33
:101C300010B1012025B0F0BD2A46204602A900F0CF
:101C400069FA0028F5D1204600F06CFB0028F0D19D
:101C5000206625B0F0BD802D2A46304628BF802260
:101C600004F16401FFF75CFB256ED7E7002800F064
:101C7000AE802DE9F04F1446A5B0002A3DD00F46A6
:101C8000002949D0B2F5803F0546006E20D34FF6BB
:101C9000FF7805F1640AEB6D1A1AB2FBF3F103FB4E
:101CA0001122002A65D18342B9464FF6FF7672D0E1
:101CB000B6FBF3FB03FB0BFBBBF1000F30D1002E97
:101CC00045D1A4F57F44FF3CB4F5803F4744E2D2C0
:101CD000EA6D161AB6FBF2F302FB1366A64228BFA2
:101CE0002646002E75D1824200F08D80B4FBF2F6BC
:101CF00002FB06F62EB9002C79D1002025B0BDE8F4
:101D0000F08F002331463846CDE9003302AA00F0B7
:101D1000A7F9002800F09580012025B0BDE8F08FDC
:101D2000002359464846CDE9003302AA00F098F94D
:101D30000028F1D15A46284602A900F0EBF9002804
:101D4000EAD1A6EB0B06286ED944002EB9D0193083
:101D50004946324605EB8000FFF7E2FAA4F57F44DE
:101D6000286EFF3C3044B4F5803F4744286692D249
:101D7000AEE7424528BF4246164639465044FFF773
:101D8000CFFA286EEB6D3044834207EB06092866D4
:101D9000A8EB06068CD1802B28BF802351461A461B
:101DA00004A8FFF7BDFA0023E96D02AACDE90033CC
:101DB00004A800F055F90028AED12846EA6D02A922
:101DC00000F0A8F90028A7D1EB6D286670E7012084
:101DD000704705F16403394632461844FFF7A0FA0C
:101DE000286EEA6D3044A41B374428667BE72B6ECF
:101DF0002246193305EB83003946FFF791FA2B6E23
:101E000023442B6679E7802A28BF802205F16401EC
:101E100004A8FFF785FA0023E96D04A8CDE9003393
:101E200002AA00F01DF900287FF476AF2846EA6D7B
:101E300002A900F06FF900287FF46EAFEA6D286602
:101E400054E73246284602A900F064F900287FF4DE
:101E500063AF3744A41B4EE7F8B51C46054611484E
:101E600016460F46FFF744FE21460E48FFF75AFE7E
:101E7000044620B10B48FFF74FFE2046F8BD3A4616
:101E800029460848FFF762FE04460028F2D1314691
:101E90000448FFF785FE04460248FFF73DFE204652
:101EA000F8BD00BF103100201C2370B582B001A91D
:101EB0000546019300F032F8044638B9019B1C2B0B
:101EC00007D0144C1C212846FFF72EFA204602B0FA
:101ED00070BDD5E90112131E18BF0123003918BFC8
:101EE0000121012628689B00EA6843EA4103002893
:101EF00018BF43F00103EE612AB9C5E90834002B8D
:101F0000E4D1054CDEE7204643F00803C5E9083478
:101F100002B070BD370CF0000E0CF000034618B193
:101F200011B10A681C2A01D0012070474FF47F02CA
:101F3000D2F8101C01310CBF40F2DC51D2F8101C59
:101F40004FF47F020160D2F8141C01310CBF40F243
:101F5000DC51D2F8141C4FF47F024160D2F8181CF7
:101F600001310CBF40F63401D2F8181C4FF47F0247
:101F70008160D2F81C1C01310CBF40F63401D2F84C
:101F80001C1C4FF47F02C160D2F8001C01310CBF51
:101F90009021D2F8001C4FF47F020161D2F8041C9A
:101FA00001310CBF5121D2F8041C4FF47F02416172
:101FB000D2F8081C002001310CBF40F23732D2F8B1
:101FC000082C9A61704700BF014608B54FF4806045
:101FD000FFF724F90022034BC3F8C821C3F82C21D2
:101FE00008BD00BF005084500138072805D8DFE83D
:101FF00000F0100E040A0404040607487047CB687A
:1020000000204B6270478B6800204B6270474B6822
:10201000F6E70B68F4E700BF310CF1000B6802E053
:10202000082B0B6006D8026A13424FEA4303F7D02D
:102030000020704700487047310CF100002310B5B4
:10204000064C4FF48060C4F82C31C4F8C431FFF75B
:10205000CBF84FF0FF33C4F8083110BD0050845066
:102060002DE9F041002482B015461E4601220DF1F3
:1020700007030746DDF824808DF8074000F05AFF7B
:10208000D0B99DF8073004462F602B71B8F1000FCE
:102090000ED04EB10246089930460DF1070300F00C
:1020A00049FF48B99DF80730C8F8006088F8043047
:1020B000204602B0BDE8F0814FF47504204602B01E
:1020C000BDE8F081D8B108B50368012B04D0022B1C
:1020D0000FD043B10B4808BD20220B490830FFF751
:1020E0001FF9002008BD142208490830FFF718F92D
:1020F000F7E7202206490830FFF712F9F1E74FF41D
:10210000730070470100F300C8A1010008A201009C
:10211000E8A101002DE9F047002900F0EB8004461A
:10212000002800F0EB80036888469146002B00F001
:10213000B580013B012B00F2C9804FF0FF3171489F
:102140004FF0020AFFF708F9002840F0B1800020A4
:10215000FFF732F90746002840F0B4806A4DD5F801
:102160001069002EFBD14FF0FF30FFF73DF8D5F896
:10217000040A20F40060FFF745F801230722C5F8A0
:102180001838C5F82038C5F80029C5F8C437C5F88F
:10219000A466A36CC5F8CC37E36CC5F8D037C5F896
:1021A000C0A723685BB1013B012B18D8636AC5F84F
:1021B0005C36236AC5F85836E369C5F85436A26917
:1021C000514BC3F850266269C3F84C262269C3F804
:1021D0004826E268C3F84426A268C3F84026B9F14D
:1021E000000F56D063684FF40060012B04BF464ACD
:1021F000C2F8843698F80430D8F80010424A5B00E0
:1022000003F00203C2F80C3BC2F8281CC2F82C9C55
:10221000FEF7FEFF0746236863B1013B012B19D887
:10222000394BD3F85C266262D3F858262262D3F881
:102230005436E361344BD3F85026A261D3F84C26D0
:102240006261D3F848262261D3F84426E260D3F8CD
:102250004036A360002201212B4BD3F8CC07A064A9
:10226000D3F8D007E064C3F8C417C3F88426C3F8D2
:10227000C827C3F81828C3F82028AFBB0120FFF7F0
:102280009BF868BB1F48FFF76FF818BB3846BDE8DE
:10229000F08704221C4BC3F8C827BCE74FF0FF317E
:1022A00018484FF0010AFFF757F800283FF44FAFE6
:1022B0001648FEF729F90020FFF77EF807460028A8
:1022C0003FF44CAF1248FEF71FF947E7114F38466D
:1022D000BDE8F0871048FEF717F93846BDE8F087EB
:1022E0000E48FEF711F9CDE7102104F10800FFF7C1
:1022F0001BF8C3E70A4F3846BDE8F0874FF4730771
:10230000C4E700BF3805002000508450FCA0010045
:1023100014A101000100F30054A1010034A1010047
:102320000300F300A0B3034670B4D0E90240D3E940
:10233000041226BA05BA0CBA10BAC3E90440D3E9AC
:102340000612986A09BAC3E9026512BA996100BA1D
:10235000D3E9084125BA0CBAC3E90725D3E90B1222
:10236000C3E9094009BAD86B12BAD962D3E90D4161
:1023700025BAC3E90C250CBA00BAD3E9101209BA80
:1023800012BAC3E90E40196400205A6470BC704749
:102390004FF47300704700BF70B500284DD0436BF9
:1023A0000446032B3CDD063B012B3BD8A36B012BE2
:1023B0003BD8E36D012B3DD8236E012B41D8224E33
:1023C000D6F81059002DFBD14FF0FF30FEF70CFF6F
:1023D000D6F8040A20F40060FEF714FF0123C6F8C3
:1023E0000039C6F8BC54636B23F00402032A18BFFB
:1023F000A16B226B0CBF294601F00101022A17D8FC
:102400009B0003F01C0343EA02330F4A0B43C2F85C
:10241000C034636B072B06D10123C2F87C3402E081
:10242000002BC3DA094D284670BD094D284670BD02
:10243000084DF8E7084D284670BD4FF47105284651
:1024400070BD064DEFE700BF005084500100F10061
:102450000200F1000600F1000300F1000400F100A9
:1024600000287DD038B590F83C300446002B55D07C
:10247000022B23D03C483D4D2A683D4B1268C3F8DF
:1024800000242A685268C3F804242A689268C3F8B2
:1024900008242A68D268C3F80C242A681269C3F891
:1024A00010242A685269C3F814242A689269C3F870
:1024B00018242A68D269C3F81C2438BD016B006C4B
:1024C00000F032FB294D0028D6D12A68284B12682B
:1024D000C3F800242A685268C3F804242A68926862
:1024E000C3F808242A68D268C3F80C242A68126941
:1024F000C3F810242A685269C3F814242A68926920
:10250000C3F818242A68D269C3F81C24216B206CF4
:1025100000F020FB0028AFD1002038BD0269144B29
:10252000C3F800244269C3F804248269C3F808246C
:10253000C269C3F80C24026B013A012AECD8026A82
:10254000C3F81024426AC3F81424026B022AE3D1B0
:10255000826AC3F81824C26A0020C3F81C24DCE78E
:102560004FF47100704700BF0900F10024050020FE
:1025700000508450114A124B11680968C3F80014C6
:1025800011684968C3F8041411688968C3F808140D
:102590001168C968C3F80C1411680969C3F81014EC
:1025A00011684969C3F8141411688969C3F81814CB
:1025B0001268D269C3F81C24704700BF24050020AC
:1025C000005084502DE9F04F85B0002958D01746AF
:1025D000002A55D00446002800F0DC809846C36DE0
:1025E0000E46002B42D1B8F5805F44D294F83C30BF
:1025F000042B00F0C7804FF0000A4FF0FF31B548C0
:10260000FEF7AAFE002840F0B9800020FEF7D4FEB5
:10261000002840F0AF804FF00109DFF8BCB220463F
:10262000CBF81098CBF82098FFF7B6FE054620B9F6
:102630002046FFF715FF054638B3BAF1000F40F00A
:1026400085800022A44B0120C3F81028C3F820285D
:10265000FEF7B2FE002840F089809E48FEF784FE17
:1026600000287CD1284605B0BDE8F08F012BBDD1F4
:10267000B8F5803FBAD3994D284605B0BDE8F08F34
:10268000974D284605B0BDE8F08F636B072B00F22D
:10269000CA8009FA03F919F08A0F40F0D38019F0C3
:1026A000440F40F0C28019F0010F00F0BC80337974
:1026B0003A795B0002F0010203F002031343864AF9
:1026C00031683868C2F80C3B636B23F00403032BBA
:1026D0000AD0236E012B0BBFC2F8280DC2F8300DB3
:1026E000C2F82C8DC2F8348DE36D4FF40060012BDD
:1026F000794B0BBFC3F8281CC3F8301CC3F82C8CD3
:10270000C3F8348CFEF784FD0546002895D1626B32
:10271000072A15D80123934013F08A0F40F09F80B9
:1027200013F0440F0CD06C4BD3F860242260D3F824
:1027300064246260D3F86824A260D3F86C34E36048
:102740000123A365BAF1000F3FF47BAF04232021DE
:1027500004F1100084F83C30FEF7E6FD71E76148B3
:10276000FDF7D2FE284605B0BDE8F08F5E48FDF7C4
:10277000CBFE72E75D48FDF7C7FE4CE75C48FDF70E
:10278000C3FE42E7216B206C00F0B8F928B14FF08E
:10279000010A32E74FF4710564E7DFF858914E4DB6
:1027A000D9F800301B68C5F80034D9F800305B68F0
:1027B000C5F80434D9F800309B68C5F80834D9F856
:1027C0000030DB68C5F80C34D9F800301B69C5F857
:1027D0001034D9F800305B69C5F81434D9F80030EA
:1027E0009B69C5F81834D9F80030DB69C5F81C348A
:1027F000216B0229CBD8236D4FEAC10A0193E36C08
:102800000AF1100A04F1100B0093CDF80CA0CDF8DA
:1028100008B0206CD4E9112300F09CFA68BB0023B7
:1028200084F83C30B3E7344D07E72368CBF86034D5
:102830006368CBF86434A368CBF86834E368CBF8FA
:102840006C3434E72368CBF840346368CBF8443405
:10285000A368CBF84834E368CBF84C3427E71E4B29
:10286000D3F840242260D3F844246260D3F848248B
:10287000A260D3F84C34E36062E7D9F800305146E7
:102880001B685846C5F80034D9F800305B68C5F8B5
:102890000434D9F800309B68C5F80834D9F8003002
:1028A000DB68C5F80C34D9F800301B69C5F8103462
:1028B000D9F800305B69C5F81434D9F800309B6949
:1028C000C5F81834D9F80030DB69C5F81C34FEF7B8
:1028D0002BFDA4E738050020005084500500F100CE
:1028E0000B00F10054A1010034A1010014A101006A
:1028F000FCA00100240500200100F1002DE9F047B3
:1029000001B3FAB10446002854D01D46436B0E466D
:10291000072B1BD05DB9032B10D1836D73B94566AE
:102920008566C5660567102500F164030B602B46BC
:1029300031462046BDE8F047FFF744BE2F463846F3
:10294000BDE8F087644F3846BDE8F087C36DA3BB90
:10295000B5F5805F36D20DB9A36D9BBB4FF0FF314B
:102960005E48FEF7F9FC00284CD10020FEF724FD5C
:10297000002843D14FF00108DFF864912046C9F8E0
:102980001088C9F82088FFF707FD0746E0B100224C
:10299000534B0120C3F81028C3F82028FEF70CFD84
:1029A00040BB4E48FEF7E0FC0028C8D04D48FDF77C
:1029B000ABFDC4E74FF47107C1E7012BCBD1B5F5EF
:1029C000803FC8D3484FBAE72046FFF749FD074686
:1029D0000028DCD1636B072B0AD808FA03F818F03B
:1029E0008A0F13D118F0440F5AD118F0010F19D1E2
:1029F0003E4FCCE73E48FDF787FDD2E73D48FDF767
:102A000083FDB7E73C48FDF77FFDAEE72368C9F8D3
:102A100040346368C9F84434A368C9F84834E368AB
:102A2000C9F84C3401212E4AC2F87C14C2F8BC54B7
:102A3000337930688B4003F00203C2F80C3BE5B9F0
:102A4000A36D0BB9C2F82415626B072A9FD8012326
:102A5000934013F08A0F30D113F0440F97D0204BDE
:102A6000D3F860242260D3F864246260D3F8682429
:102A7000A260D3F86C34E36089E7E36D012B0BBFF0
:102A8000C2F8280CC2F8300CC2F82C5CC2F8345CD6
:102A90004FF40060FEF7BCFB0028D5D0074676E770
:102AA0002368C9F860346368C9F86434A368C9F856
:102AB0006834E368C9F86C34B4E7094BD3F84024B0
:102AC0002260D3F844246260D3F84824A260D3F88B
:102AD0004C34E3605BE700BF0B00F10038050020D9
:102AE0000050845054A101000500F1000100F100E4
:102AF00034A1010014A10100FCA001007F2809D825
:102B000051B10139022909D805497F280CBF08466F
:102B100000207047024870470846704701487047D8
:102B20000100F7000300F7007F2809D851B10139EF
:102B3000022909D805497F280CBF084600207047A4
:102B40000248704708467047014870470100F70087
:102B50000300F7000129F0B407D0022900F08980B2
:102B600000295AD07248F0BC70470022714C724B59
:102B70004FEAC00CC4F80015451C0CF57F04C3F8DF
:102B8000082104F50444C3F80021C3F80421C3F864
:102B900000556A4E2468B44240F0B380196002E0E8
:102BA000002940F0B580D3F80021D3F80841D3F8CC
:102BB00004112243F4D0002C40F0B180002940F0F1
:102BC000A78001245B4AC3F800150230C2F8004513
:102BD0005B4AC3F80811C3F80011C3F80411C3F825
:102BE000000552F80C00574A904240F08E80524A3D
:102BF0001C6002E0002840F08B80D2F80031D2F84F
:102C00000811D2F804010B43F4D0002940F08C8065
:102C100000287DD1C2F8000528E00124464BC200FF
:102C2000444E204402F57F02C6F8004502F50442F6
:102C3000C3F80811C3F80011C3F80411C3F8000564
:102C40003E4D1268AA4260D11C6001E000285FD1AD
:102C5000D3F80021D3F80811D3F804010A43F5D0C2
:102C600000295CD1002853D1C3F800050020F0BC36
:102C7000704701250022304B2E4F4FEAC00C4419FB
:102C80000CF57F01C7F8005501F50441C3F8082190
:102C9000C3F80021C3F80421C3F80045274E096892
:102CA000B1422ED11D6000E091BBD3F80021D3F8D2
:102CB0000841D3F804112243F6D084BB41BB012460
:102CC0001C4AC3F800150230C2F800451C4AC3F87C
:102CD0000811C3F80011C3F80411C3F8000552F835
:102CE0000C00184A904210D1134A1C6000E078B9D9
:102CF000D2F80031D2F80811D2F804010B43F6D013
:102D000083E7C3F8002510482DE7C3F80015FAE75C
:102D10000022094B0D48C3F80025F0BC7047002283
:102D2000C3F800250A481EE70023C2F80035F9E77A
:102D30000C00F10000408450009003500054845077
:102D40000884FF00105484500600F7000200F700CA
:102D50000100F7002DE9F0470024CCB082468946F7
:102D60001646214674220EA81F46579DDDF858814D
:102D700006F038FA802221462CA82B9406F032FA6D
:102D80008423B5F57F6FCDE90A440D940C94059327
:102D900064D8FFF7EFFB05AB30462BAE0193394605
:102DA000DDE954230295009600F064F8002850D124
:102DB000022307228DF813309DF813301B928DF8F3
:102DC000743000220123012410211C900EA8CDE9AB
:102DD0002423CDF86890CDF878A02694FEF7A4FAC5
:102DE00010220DF120090092304605990AABCDF86A
:102DF000049006AAFFF734F9074688B11EE0102DAB
:102E00002E4628BF10260EA93246FEF789FA102159
:102E10000EA8FEF789FA0134AD1B3744E4B222D084
:102E2000059B4A4606A90EA88DF8AC40FFF766FD43
:102E3000034608EB0700002BE1D01F460EA87422C2
:102E40000021FEF76FFAFFF795FB38464CB0BDE85E
:102E5000F087064F38464CB0BDE8F087044F38463F
:102E60004CB0BDE8F0872F46E8E700BF0E00F10048
:102E70000F00F1002DE9F041002482B00A9D019479
:102E8000B5F57F6F40D8ED00B5F5807F1E4634BFA5
:102E90000323042301F1FF3CBCF13F0F0C460093D8
:102EA00032D888B3174666BB089A6AB3099A116884
:102EB00051B3A2191344994226D3089B01462246D6
:102EC000581CFEF72DFA089B04F102081C4400234D
:102ED000637026BB089BFF2D009503EB080017D9F4
:102EE0002B029BB243EA1523022201A90193FEF7AC
:102EF00017FA08F102030020099A136002B0BDE836
:102F0000F0810AB1402ECFD9094802B0BDE8F08166
:102F100001226946FEF704FA08F10103EBE7089B7A
:102F2000324603EB08003946FEF7FAF9B044D1E720
:102F30000600008000201870704700BFF8B5069F9B
:102F400004461D4661B11646AFB9EDF759FC0023A2
:102F500084F8116184F8127184F8103184F8133107
:102F600045B11022294604F1F00006F014F90123BE
:102F700084F81331F8BDEDF741FAE8E751B190F864
:102F8000103190F812210B4402F001029B1A23F039
:102F90000F007047084670472DE9F04F1E4690F825
:102FA000123187B090F810910093002E52D09246C3
:102FB00003F00108C9F1100208EB0203B342044612
:102FC00000F5807700F2C3800D46002A40F0B28001
:102FD000009B002B69D194F8133104F1F009C84625
:102FE000002B40F0C08022463946484694F8113103
:102FF000EDF7B2FA0F2E40F2CD80D046A6F11003C5
:1030000023F00F031033019305EB030B94F81331F6
:103010001BB3102341464A4638469844EDF754FC0A
:1030200010224946284606F0B6F8103522463946A1
:10303000484694F81131EDF78FFA5D45E6D116F068
:103040000F0623D184F81061C84610224146584625
:1030500006F0A1F807B0BDE8F08F414610223846CF
:1030600006F099F810224946284606F094F81035E3
:1030700022463946484694F81131EDF76DFAAB45D2
:1030800008F11008C2D116F00F06DBD0019B9A445C
:1030900051463846324606F07EF8009B84F81061AF
:1030A000002B7DD00DF10808CFE794F811312246AE
:1030B000394602A8EDF750F894F81331002B5BD194
:1030C000B8F1000F0CBF4FF010094FF011094E4539
:1030D00029D304F1F00801E04E4524D310225146D3
:1030E0003846924406F057F81022284602A906F006
:1030F00052F894F811312246394602A8EDF72CF81F
:1031000094F81331103E1035002BE5D002A9084683
:1031100042461023EDF7D8FB10223946404606F010
:103120003AF84E45DAD22EBBAB460DF1080884F8CA
:1031300010618AE7514607EB0900924406F02BF82C
:10314000009B103E4E44002B3FF445AFADE707EB2C
:1031500009005146324606F01EF8B14484F8109139
:1031600007B0BDE8F08F10234A4639463846EDF7E0
:10317000ABFB38E7AB468BE702A904F1F0094A46FE
:1031800008461023EDF7A0FB48461022394606F00A
:1031900002F895E7002EEDD1AB4684F8106154E7B4
:1031A00004F1F00950E700BF3F2A2DE9F0419046B5
:1031B00052D905460C46A2F1400626F03F0640369D
:1031C000274F0E44236840341BBA2B6454F83C3C10
:1031D00039461BBA6B6454F8383C28461BBAAB64BA
:1031E00054F8343C1BBAEB6454F8303C1BBA2B65E2
:1031F00054F82C3C1BBA6B6554F8283C1BBAAB65E1
:1032000054F8243C1BBAEB6554F8203C1BBA2B66DF
:1032100054F81C3C1BBA6B6654F8183C1BBAAB66DE
:1032200054F8143C1BBAEB6654F8103C1BBA2B67DD
:1032300054F80C3C1BBA6B6754F8083C1BBAAB67DC
:1032400054F8043C1BBAEB67EDF74AFBB442B9D122
:1032500008F03F00BDE8F0811046BDE8F08100BFF6
:103260001CA201000A4610B514681A4924BA046465
:10327000546824BA4464946824BA8464D46824BA30
:10328000C464146924BA0465546924BA4465946911
:1032900024BA8465D46924BAC465146A24BA04665D
:1032A000546A24BA4466946A24BA8466D46A24BAF6
:1032B000C466146B24BA0467546B24BA4467946BD5
:1032C00024BA8467D26B12BAC267EDF709FB0020FB
:1032D00010BD00BF1CA201000023F0B50B490C4C2F
:1032E0000C4ADFF834E0DFF834C00D4F0D4E0E4DC0
:1032F000C0E903ECC0E90576C0E90041C561826020
:10330000C0F8C030C0F8C430F0BD00BF85AE67BBA8
:1033100067E6096A72F36E3C3AF54FA57F520E518B
:103320008C68059BABD9831F19CDE05B2DE9F0417B
:10333000D0E930531344074614460E46C0F8C43053
:10334000E5B13F2D00F2C280CAB105F17F01C5F1A0
:10335000400833460144B04400E0ACB3013313F8F5
:10336000010C9A1B434501F8010F04F1FF342A4474
:10337000F3D1402A00F09880154646461CB9C7F89C
:10338000C050BDE8F081224631463846FFF70CFFB9
:10339000221A0546B3180028F1D0411E052906D986
:1033A0000132324407F180018A1A022A13D82644D6
:1033B00007F17F0213F8011B9E4202F8011FF9D1A9
:1033C000C7F8C050BDE8F081402A78D01546C7F84C
:1033D000C050BDE8F08119688208012AC7F8801042
:1033E00077D05968022AC7F8841043D09968032A15
:1033F000C7F888103ED0D968042AC7F88C1039D095
:103400001969052AC7F8901034D05969062AC7F8F7
:1034100094102FD09969072AC7F898102AD0D96933
:10342000082AC7F89C1025D0196A092AC7F8A010E5
:1034300020D0596A0A2AC7F8A4101BD0996A0B2A0F
:10344000C7F8A81016D0D96A0C2AC7F8AC1011D04A
:10345000196B0D2AC7F8B0100CD0596B0E2AC7F89B
:10346000B41007D0996B0F2AC7F8B81002D0DA6BE6
:10347000C7F8BC20AA0782D025F0030213441878AD
:10348000B91881F88000511C8D427FF678AF5878CA
:1034900002323944954281F880007FF670AF9B7804
:1034A0003A4482F880306AE7384607F18001FFF736
:1034B000D9FE46460546002C3FF461AF63E7384627
:1034C00007F18001FFF7CEFE054658E72A468846F9
:1034D0004FE704221344D2E7F8B580260446D0F81B
:1034E000C0300D46C218581C382882F88060264427
:1034F00032D93F282AD8002220443E2B80F8802051
:1035000003F1020122D021443D2B81F8802003F1F8
:1035100003011BD021443C2B81F8802003F10401DE
:1035200014D021443B2B81F8802003F105010DD0FC
:1035300021443A2B81F8802003F1060106D0214472
:10354000382B81F8802001D184F8BF2031462046F5
:10355000FFF788FE3A285BD8421C3B2AC0F13A01AB
:10356000C0F13B0388BF0123022941D900219A08F9
:1035700000F1800E012A04EB0E0C44F80E1031D03D
:10358000022ACCF804102DD0032ACCF8081029D038
:10359000042ACCF80C1025D0052ACCF8101021D024
:1035A000062ACCF814101DD0072ACCF8181019D010
:1035B000082ACCF81C1015D0092ACCF8201011D0FC
:1035C0000A2ACCF824100DD00B2ACCF8281009D0E8
:1035D0000C2ACCF82C1005D00E2ACCF8301008BFDD
:1035E000CCF8341023F003029B07104410D0421C87
:1035F000002321183B2A81F8803009D02244392841
:1036000082F8803000F1020202D0224482F8803039
:103610000022D4F8C43031465F0F4FEA535E67F39F
:1036200007024FEA533C6EF30F225E096CF3174218
:10363000DB0066F31F6284F8BF302046C4F8BB206D
:10364000FFF710FE23681BBA2B6063681BBA6B6020
:10365000A3681BBAAB60E3681BBAEB6023691BBAB3
:103660002B6163691BBA6B61A3691BBAAB61E36928
:103670001BBAEB61F8BD00BF0023F0B50B490C4C41
:103680000C4ADFF834E0DFF834C00D4F0D4E0E4D1C
:10369000C0E903ECC0E90576C0E90041C56182607C
:1036A000C0F8C030C0F8C430F0BD00BF07D57C36CC
:1036B000D89E05C117DD703039590EF7310BC0FFA8
:1036C00011155868A78FF964A44FFABEF8B51446CF
:1036D000D0E93023234405460F46C0F8C430CAB1B0
:1036E0003F2A14D8BCB102F17F0CC2F140060B4650
:1036F00084443744511A00E084B31A780133BB4242
:103700000CF8012F04F1FF3403EB0102F4D1402A3D
:1037100000F0968014B9C5F8C020F8BD224639469D
:103720002846FFF741FD211A02467B180028F2D0F7
:103730000138052806D90131394405F18000411AC4
:10374000022914D8274405F17F0113F8010B9F4289
:1037500001F8010FF9D1C5F8C020F8BD402ADAD12F
:10376000284605F18001FFF77DFD0246D3E7186882
:1037700091080129C5F880006CD058680229C5F865
:10378000840043D098680329C5F888003ED0D868E3
:103790000429C5F88C0039D018690529C5F89000AE
:1037A00034D058690629C5F894002FD098690729A4
:1037B000C5F898002AD0D8690829C5F89C0025D0FA
:1037C000186A0929C5F8A00020D0586A0A29C5F846
:1037D000A4001BD0986A0B29C5F8A80016D0D86A97
:1037E0000C29C5F8AC0011D0186B0D29C5F8B00034
:1037F0000CD0586B0E29C5F8B40007D0986B0F2970
:10380000C5F8B80002D0D96BC5F8BC10910782D0BA
:1038100022F003010B441C78681880F88040481C93
:1038200082427FF678AF5C78023128448A4280F881
:1038300080407FF670AF9B78294481F880306AE73A
:10384000284605F18001FFF70DFD0246002C3FF4EC
:1038500062AF63E704210B44DDE700BFF8B58026C3
:103860000446D0F8C0300D46C218581C382882F8DB
:103870008060264432D93F282AD8002220443E2B9B
:1038800080F8802003F1020122D021443D2B81F8F1
:10389000802003F103011BD021443C2B81F88020C0
:1038A00003F1040114D021443B2B81F8802003F163
:1038B00005010DD021443A2B81F8802003F1060147
:1038C00006D02144382B81F8802001D184F8BF2014
:1038D00031462046FFF7C6FC3A285BD8421C3B2AFB
:1038E000C0F13A01C0F13B0388BF0123022941D94D
:1038F00000219A0800F1800E012A04EB0E0C44F816
:103900000E1031D0022ACCF804102DD0032ACCF8A6
:10391000081029D0042ACCF80C1025D0052ACCF8A0
:10392000101021D0062ACCF814101DD0072ACCF88C
:10393000181019D0082ACCF81C1015D0092ACCF878
:10394000201011D00A2ACCF824100DD00B2ACCF864
:10395000281009D00C2ACCF82C1005D00E2ACCF84F
:10396000301008BFCCF8341023F003029B0710443A
:1039700010D0421C002321183B2A81F8803009D046
:103980002244392882F8803000F1020202D0224419
:1039900082F880300022D4F8C43031465F0F4FEAFD
:1039A000535E67F307024FEA533C6EF30F225E0942
:1039B0006CF31742DB0066F31F6284F8BF302046C9
:1039C000C4F8BB20FFF74EFC23681BBA2B6063686A
:1039D0001BBA6B60A3681BBAAB60E3681BBAEB60F1
:1039E00023691BBA2B6163691BBA6B61A3691BBA9C
:1039F000AB61F8BD08B5054B044613B10021AFF328
:103A0000008000F0ABFA2046F0F79CFB00000000BD
:103A1000F8B50E4B06461D68AB789B0712D56F684C
:103A200016F8014B29462CB90A20B847002805DBB7
:103A3000204609E02046B8470028F1DAAB7843F089
:103A40000403AB704FF0FF30F8BD00BF689B01006E
:103A50000CB430B589B005460C461C22002101A8E3
:103A600005F0C0FB022305958DF806300D4B02933F
:103A700023462CB1B4F1004F28BF4FF00043013B67
:103A80001D440DAA0C9901A80695009200F00CF8AF
:103A900014B1059B00221A7009B0BDE8304002B095
:103AA000704700BF1D9301002DE9F04F43688DB0B2
:103AB00015468046029383789A0740F10D810024D1
:103AC0000E78002E00F00A81252E0BD04B1C03939C
:103AD000013441463046029B98470028C0F2F680E8
:103AE0000399EDE74E788B1C252E0393F0D0002729
:103AF000B946BB46BBF11F0F38D8A6F12003102BE7
:103B00000AD8DFE803F02A0909300909092109095F
:103B10000928092D09091F00A6F13003092B33D903
:103B20002A2E37D11BF0400F55F8043B40F082801D
:103B3000002BA7BF4BF0200B9946C3F100094BF0B7
:103B4000280B01E04BF0010B039B13F8016B03936F
:103B5000002ECFD130E04BF0020B4BF0040BF3E71B
:103B60004BF0080BF0E74BF0100BEDE7BBF17F0FCC
:103B700019D8A6F13003092BD2D81BF0400F03D07F
:103B80000A2101FB0737DFE70A214BF0200B01FB7D
:103B90000939D9E72E2E06D11BF0400F40F09E8048
:103BA0004BF0400BD0E76C2E31D02BD8682E36D09E
:103BB0006A2E3CD04C2E3AD0002F46F02003B8BFDE
:103BC0002BF04002A3F16501BCBF00271FFA82FB66
:103BD000022901D9612B2FD107350727DFF8ACA2C5
:103BE00025F0070508351BF0080F66D00AEB070B18
:103BF00056465E4563D1A4EB0A0AA9EB070906EB1A
:103C00000A026FE1742E9FD07A2E9DD0D4E71BF06C
:103C1000800F18BF4BF4007B4BF0800B94E71BF434
:103C2000807F18BF4BF4007B4BF4807B8CE74BF418
:103C3000207B89E71F4687E7A6F16301122900F27E
:103C4000F080DFE811F013004F00EE00EE00EE0010
:103C5000EE004F00EE00EE00EE00EE00EE00FE0083
:103C6000E900EE00EE001B00EE00AF0055F8043B4B
:103C700001270DF1180A8DF81830B4E755F804AB98
:103C8000834BBAF1000F08BF9A461BF0400F504615
:103C900014BF39464FF0FF3105F0DEFA0746A2E7C0
:103CA00041462020029B984700280FDB013EB74287
:103CB000F6D34C44B146A41B98E74E46F7E741467D
:103CC00016F8010B029B9847002892DA98F8023008
:103CD00043F0040388F802304FF0FF3420460DB063
:103CE000BDE8F08F1BF0800F34D01BF4007F2CD088
:103CF000073525F00705AA4669685AF8080B2BF026
:103D000010050029ADB237DA404245F4806561EB19
:103D100041010DF1180B0A235A4605F0A9FAA0EB50
:103D20000B0301936B0662D5019B25F001019F42B5
:103D300089B240F3A180002E00F0998015F01002A6
:103D400040F09C80BB460D4623E0AA465AF8040B7F
:103D5000C117D4E7AA461BF4807F5AF8041B01D18F
:103D60000846F5E71BF4007F19BF48B241F3C011C4
:103D700008B241F3C031C2E750EA0103C9D11BF0D8
:103D8000400FC6D0002FC4D12BF01102BB460197C3
:103D900095B240F2064115EA01021CBF0BF1010B7E
:103DA00000222CE02BF010020A231FFA82FB1BF0EA
:103DB000800C49D01BF4007115BF0735AA4625F0C9
:103DC00007055AF8040B1EBFAA4669685AF8080B83
:103DD00050EA010545D12BF016051BF0400FADB29E
:103DE00042D0002F40D12BF01702019795B215F069
:103DF000100248D0019B002E42D103F1010B29078C
:103E00005AD4EB0706D5D9456FDDA9EB0B03019911
:103E1000CB465F185B4649E04BF0100B1023782629
:103E2000C5E7782B04D1C6F1780343F01003BEE751
:103E300041462520029B98470028FFF647AF0234F1
:103E400047E608230026B2E7AA461BF480715AF819
:103E5000040BBDD01BF400711ABFC0B2614680B222
:103E6000B6E72BF0060295B20DF1180B54E725F0DA
:103E70001105BB46ADB28CE70D46B8E73B460D4693
:103E800003F1020BBBE7DDF804B082E70ACC0100C6
:103E900003CC0100CDE9043241462020029B984723
:103EA0000028FFF613AF049B059A01339945F1DC16
:103EB000A4EB0B019B46CC180AB341463020029B71
:103EC00098470028FFF602AF8EB901342744391B0A
:103ED000019B994224DC1D4655BB019AA9EB0B09B5
:103EE000554622441446914433E0019F92E7023440
:103EF00041463046029B98470028E7DAE6E640F262
:103F000006410D42E2D015F0020F04F101044146D2
:103F100014BF2B20202015F4806F18BF2D20E9E757
:103F200041463020029B013498470028CFDACDE685
:103F300006AB013D4146585D029B98470028CBDA0D
:103F4000C4E641462020029B013498470028FFF632
:103F5000BDAEA9EB0403002BF3DCC1E538B5074D7A
:103F6000074C641BA41024B9064B0BB1AFF30080BF
:103F700038BD013C55F824309847F4E700000000B4
:103F80000000000000000000704701F034B9034653
:103F90000A46F0B41979DB8800681343DC028768AD
:103FA000066906D513F4402F03D0DA0748BF83F41F
:103FB0004023012534688D4023F48012DB074CBF79
:103FC0002C43AC4334603B68F0BC184704F0C5BBDD
:103FD000836800EBC101B3F5004F2CBF51F82200FC
:103FE00031F81200704700EBC1018068B0F5004F56
:103FF0002CBF41F8223021F812307047012208B559
:10400000FFF7E6FFD04008BD836800EBC101B3F5C0
:10401000004F08D34B681AB143F001034B6070475F
:1040200023F00103FAE74B881AB143F001034B80F8
:10403000704723F00103FAE753000122FFF7D3BFD3
:104040008368B3F5004F34BF04230823C91A081A44
:10405000C0087047B0F5004F34BF04230823481C44
:104060000833A0EBD300B0FA80F0C0F11F00704716
:104070002DE9F041174603220E460446FFF7A8FF3C
:104080008642054607F104080AD10122E368BA40D6
:1040900023EA0203E360002344F82830BDE8F081FE
:1040A000314602222046FFF793FF06462B46014683
:1040B0000322204644F82850FFF795FF334629464F
:1040C0002046BDE8F0410222FFF78DBF70B50D46D6
:1040D00086680446FFF792FFB6F5004F014601D30C
:1040E000012809D03046FFF7B5FF29460246204691
:1040F000BDE87040FFF7BCBF70BD2DE9F047054635
:104100008068FFF7A7FF05EB800ADAF81090884671
:104110000646B9F1000F1BD00327DAF810402846F5
:104120002146FFF76BFF404507D33246214628461C
:10413000FFF79EFF2046BDE8F08703222146284670
:10414000FFF746FF013FCAF8100001D08145E4D1D6
:104150004FF0FF34EB680136B4401C40EAD094FACB
:10416000A4F2B2FA82F2131D55F82340DEE72DE9DE
:10417000F04114460E460546FFF740FFA4EB060843
:10418000371B0744424631462846FFF755FF3A465B
:1041900021462846FFF750FF434600222146284685
:1041A000FFF721FF21462846FFF728FF3B4621184D
:1041B00000222846BDE8F041FFF715BF2DE9F04188
:1041C000164604460F46FFF719FF314605462046BE
:1041D000FFF714FF05442A4639462046FFF72CFF17
:1041E00031462046FFF70AFF2B46311800222046B1
:1041F000BDE8F041FFF7F7BE2DE9F0410D468668B6
:104200000446FFF7FBFEB6F5004F014601D3012837
:1042100032D03046FFF71EFF04EB80010E6996B9DD
:104220000122E36882401343E36002220D612B46C2
:1042300029462046FFF7D7FE032229462046BDE83F
:10424000F041FFF7D0BE022231462046FFF7C0FE04
:104250000746034629462046FFF7C5FE032233469C
:1042600029462046FFF7BFFE39462B462046FFF77A
:10427000BAFE02223146E1E7BDE8F081F8B50C460E
:104280000546FFF7BBFE2618012231462846FFF7F8
:104290009FFEC3070CD431462846FFF717FF21467F
:1042A0002846FFF7ABFE214622182846FFF786FF77
:1042B000002221462846FFF78BFE271A01223946A5
:1042C0002846FFF785FE10EA020613D13946284634
:1042D000FFF7FCFE214632462846FFF779FE2246CC
:1042E000211A2846FFF76AFF214632462846FFF783
:1042F0006FFE241A21462846BDE8F840FFF77CBF30
:1043000038B571B1056800222846FFF799FE0446CA
:1043100001462846FFF778FE2146BDE83840FFF702
:10432000ADBF38BD70B5066809B9002070BDB3686F
:10433000B3EBD10FF9D9B3F5004F34BF04230823F1
:10434000CC1D1C44E40821463046FFF7D6FE054646
:104350000028EAD001463046FFF750FEA04209D9B6
:104360002C44294630462246FFF701FF21463046BD
:10437000FFF742FF304601222946FFF745FEB368AA
:10438000B3F5004F34BF0423082303EBC5031844DF
:10439000CCE72DE9F84306681446B26801F1FF390D
:1043A000B2F5004F34BF0423082319EA01090F4670
:1043B0000BD0494239408B424F4628BF0B468946B5
:1043C00054B900252846BDE8F8839942F8D821461B
:1043D000BDE8F843FFF7A6BFB2EBD40FF1D9B2F5B1
:1043E000004F34BF04220822E11D3944C91A114488
:1043F0003046C908FFF781FE80460028E1D0B36847
:1044000009EBC005B3F5004F34BF042308231D4456
:1044100035447B1E1D44B5FBF7F57D43A5EB09052F
:1044200029463046FFF70CFE2C44073424F00704DD
:10443000A41B804507464FEAE40408D202464146E1
:104440003046FFF794FE41463046FFF7D5FE394629
:104450003046FFF7D3FD3844844208D2394630460F
:104460002246FFF784FE21463046FFF7C5FE0122B3
:1044700039463046FFF7C8FDA4E7B2F5802F2CBFC0
:10448000082304232DE9F0410026D21A8C18CD1DF3
:1044900025F0070524F00704641BE40805602146A5
:1044A0002046AC60EE60FFF7D5FD421D9200013062
:1044B00002F107074FEAD7073146A2F1100205F1D2
:1044C0001000B8BF324604F08DFE3A463146284609
:1044D000FFF7B2FD3346324631462846FFF783FDEB
:1044E000A4EB0708284631460122FFF78DFD42461E
:1044F0003946FFF7A1FD3B46324639462846FFF7CD
:1045000072FD21462846FFF797FD43463246214675
:104510002846FFF768FD214628460122FFF774FD73
:104520003946BDE8F041FFF767BE2DE9F047064682
:104530000D46174698462BB34FF0000A98F80040F6
:1045400093F80190DB78A40004EB430498F8023060
:104550001C444444CA4509D339463046AC46D8F8D1
:10456000042008F10803BDE8F047604714F8013B58
:104570000AF1010A204648F82340ECF7C7FB013056
:104580000444E7E76FF01500BDE8F08770B500253B
:1045900002462846144614F8013B0BB9184609E0B8
:1045A00098B18D4207D1702B04D0A3F140023A2A72
:1045B0000BD8002070BDA3F140063A2E05D85378E1
:1045C0000135941C002BE9D00020252B224608BF82
:1045D00080F00100DEE70020704700F093BD0FB4CB
:1045E00007B504A951F8040B019100F08BFD03B04D
:1045F0005DF804EB04B070470FB407B504A951F897
:10460000040B0191FFF7E9FF03B05DF804EB04B080
:10461000704710B50369024613F0080009D113680A
:10462000D4689C429BBF0120126AE31AD31A0B6024
:1046300010BD00231846FAE713B501A90446FFF799
:10464000E8FF20B1019BE268013B13440193206A1B
:10465000019BC01A013802B010BD10B504465018B5
:104660002269236AD20702D5013B184010BD984247
:1046700028BFC01AFAE710B504460A46C168FFF71A
:10468000ECFF2369E06023F00803236110BD38B517
:104690000D46C2698B00016843F00203044642F8EC
:1046A000213001682A46FFF7D8FFE3686168984225
:1046B00008BF2369206008BF43F008032A4620464C
:1046C00008BF2361FFF7C9FF606038BD2DE9F74FD0
:1046D000C768C6699B4616F82730044603F00303F3
:1046E000022B884691464FF0000306EB870A09D05B
:1046F0001360CBF800302369990710D4002003B071
:10470000BDE8F08F56F8271013608908CBF8003009
:10471000F1D0FFF7B0FFE368A3600120EFE7A369E2
:104720005046984716F827300546DA07E6D513F0C5
:1047300002031DD0B8F1000F03D041462046FFF719
:10474000A6FF61682A462046FFF787FFD4E90231B9
:104750009942606004D12A462046FFF77EFFA060A0
:10476000A3682360E360236943F008032361D4E76F
:10477000014620460193FFF77EFFE268A260B8F190
:10478000000F04D02168E269019B42F8213005EB5B
:104790000802CBF8002021682046FFF75EFF23695E
:1047A000206043F00803236116F827306FF30003FD
:1047B00006F82730C9F800A0AFE770B504461546E3
:1047C000FFF74BFF2368834205D12369216023F063
:1047D0000803236170BDE269AB0043F0020342F8B5
:1047E000213061682A462046FFF737FF6060F1E715
:1047F00038B5036904465B0706D5456AFFF71CFF19
:1048000085422CBF6562606238BD38B50D460446EE
:104810001C22002104F0E6FC0022EB68A361AB68D7
:1048200063612B68E3616B68626223622A6923B16A
:10483000591E194208BF42F001022261012204F10F
:1048400028000021BDE8384003F0B4BD2DE9F04F49
:10485000002587B00093036A04468B420E469246B9
:10486000A9460395059539D3EFF3118B202383F3E4
:104870001288BFF36F8F059AD8462AB12946204681
:10488000FFF79BFF0023059304A92046FFF7C1FE15
:1048900004990746B1422AD32268E369204613F8F7
:1048A000221003EB820921F0030103F82210216892
:1048B0003246FFF7D2FEE3682060984212D000270C
:1048C00088F31188BFF36F8F039929B162690AB128
:1048D0002046904700230393002FC5D1484607B0D8
:1048E000BDE8F08F236943F008032361E7E718B1BF
:1048F0002046FFF7CCFEE3E7009B5AEA03021CD0F8
:10490000019103F076FE0199B8B9BBF1000F14D103
:1049100087F31188BFF36F8F5246009B04F1280084
:10492000F9F772FBEFF31188202383F31288BFF3AA
:104930006F8FB0FA80F77F09C2E7204605AB03AA64
:104940002568FFF7C3FE0746BAE770B504468369DA
:1049500008460D4698470246EFF31186202383F35D
:104960001288BFF36F8F2B78204643F001032B7022
:104970006168FFF772FE60602046FFF739FF86F33B
:104980001188BFF36F8F70BD2DE9F04104462027D9
:10499000EFF3118687F31288BFF36F8F236913F04B
:1049A000080FA36802D16268934200D9226AD21A22
:1049B000E16932B986F31188BFF36F8F4FF00008B9
:1049C00033E011F8232001EB830812F00300F1D04B
:1049D000022803D151F82350AD0805D1D00712D4D5
:1049E0004046A36998470546A1682A462046FFF736
:1049F00034FE2946A0602046FFF73DFE86F311886D
:104A0000BFF36F8FC4E742F0020201F82320A369CD
:104A10004046A5689847294602462046FFF71DFEF6
:104A2000A06086F31188BFF36F8F4046BDE8F08128
:104A3000F8B50446836908460D4698470646EFF3E5
:104A40001187202383F31288BFF36F8F2B786FF3C6
:104A500000032B7023699B0705D5E268E36903EB2C
:104A600082039D421AD12B786FF341032B70D4E956
:104A70000231994204D132462046FFF7EEFDA06094
:104A800031462046FFF7F7FD87F31188BFF36F8F9C
:104A900004F12800BDE8F840F9F782BA2B6860F30A
:104AA0009F032B60F0E7EFF31181202383F312883B
:104AB000BFF36F8F036913F0080F836802D1426858
:104AC000934200D9026AD31A81F31188BFF36F8F22
:104AD000181E18BF01207047038B13F0070305D180
:104AE0000368002B0CBF002003207047022B05D168
:104AF000408BB0FA80F0400980007047012B05D14F
:104B00000368002B0CBF0020052070470020704771
:104B100010B50C4600B111B96FF0150010BD081D9D
:104B200000F0B7F80028F9D1A368032BF6D9F3E712
:104B30002DE9F0410D4607461946281D90461E46B0
:104B400000F0BBF8044638B13346424629463846A1
:104B5000A446BDE8F0416047BDE8F08110B4EFF332
:104B60001182202484F31288BFF36F8F416110BC3F
:104B70000121EDF705B938B50C46054658B151B1DC
:104B80000B6843B14B6833B11C22002104F02AFBAF
:104B900000202C6138BD6FF01500FBE770B50546AD
:104BA0000E46FFF7B5FF041E14DBEFF3118220233E
:104BB00083F31288BFF36F8F4FF6FF716B8B2C8BD3
:104BC0008B4204F0070407D182F31188BFF36F8F83
:104BD0006FF00A04204670BD022C0CD101336B83A8
:104BE00082F31188BFF36F8F002322463146284697
:104BF000FFF79EFFEEE7062C14D8DFE804F004135D
:104C00001313041A0400002333606B683BB9C5E931
:104C10000066ACB902212846EDF7B2F8DAE71E606B
:104C20006E60F6E782F31188BFF36F8F6FF00404B4
:104C3000D0E782F31188BFF36F8F6FF08504C9E767
:104C400082F31188BFF36F8FC4E710B5EFF31182C1
:104C5000202383F31288BFF36F8F048B04F00704C3
:104C6000022C0AD0012C0CBF6FF004006FF08500FD
:104C700082F31188BFF36F8F08E0438B013B9BB237
:104C8000438323B92146EDF77BF8204610BD20462B
:104C9000EEE7034640B1426802F00302022A06D062
:104CA000032A04D0012A05D06FF0150070471A6856
:104CB000002AF9D000209860704710B5426803467A
:104CC00002F00302022A4FF00004816007D0032A99
:104CD00002D05C60002001E018685C6010BD1868BC
:104CE0005C600028F6D0FAF77BFAF3E770470A46D3
:104CF000012100F080BA0369D3F8B00370476FF068
:104D000085007047084608B5114618B102F055FEF7
:104D1000002008BD6FF00100FBE7084608B511460A
:104D200018B102F041FE002008BD6FF00100FBE762
:104D300013B504460846216901F56B71D1E8AF1F30
:104D4000022909D15BB168B100931346D0E9091279
:104D5000F8F78CFB02B010BD6FF00F00FAE76FF0B0
:104D60004C00F7E76FF00100F4E72DE9F8431C462B
:104D7000DDE90853164698460F46006939B34AB331
:104D800044B36A1C43F10003022A73F1000324D2E6
:104D9000226842B1D0F8B0339A4204D96FF00B00C8
:104DA0002360BDE8F88305EA080909F101035A42C6
:104DB0005A412146384602F009FE88B9B8F1FF3F52
:104DC00008BFB5F1FF3FF0D06FF06800E9E76FF082
:104DD0000100E6E76FF01500E3E76FF08500E0E71C
:104DE00030600020DDE702F056BE38B50D460446BF
:104DF00000F148012846EBF777FF30B1284604F16F
:104E0000C001EBF771FF20B90120782303FB0040BC
:104E100038BD0020FCE702F5307102F5347003F074
:104E200068BBD0F8E830A0F53070003B18BF012314
:104E300000EB8300D0F8AC0202F057BDC86828B17F
:104E4000096983681B680BB1002218477047F9F79E
:104E500025B8D0E8EF3FC0E8E21F002AF9D170473B
:104E600010B5436804691B68C4F8A83304F5EC70F6
:104E700003F0EFF9002104F56B70FFF7EAFF084635
:104E800010BD2DE9F74317460D4691B30B7883B358
:104E9000D0F8C440A4F5E27914344FF0FF324FF05B
:104EA000FF332046F8F782FF2A46484601A9EDF76E
:104EB0005DF9019E80462EB9204603B0BDE8F0435F
:104EC000FFF7C5BF58B12046FFF7C1FF3B462A4652
:104ED0003146484603B0BDE8F043EDF725B91F223F
:104EE000294606F1480004F0A7F986F86780B766FE
:104EF000E2E703B0BDE8F083030103EB40030933AD
:104F000023F0030303EBC00348430330083320F0CE
:104F100003001844400070472DE9F84306464FF05F
:104F200001090569D0F8048005F56B77D7E8EF3FF4
:104F3000022B03D1C7E8E29F002AF7D141D195F8AF
:104F40006C30002B40D195F8E430002B3CD1284642
:104F5000D5F8A81300F054F8044680BB736836698E
:104F6000D3E9050183681B693BB322469847044691
:104F700028BB06F5347649463046F9F759FA3046EB
:104F800005F5F876EEF792FD3046D8F8001000F0FF
:104F900072F8044698B90146D022304604F022F94E
:104FA00021464FF4F672284604F01CF92146384693
:104FB000FFF74FFF2046BDE8F8836FF0570402214A
:104FC000F5E76FF07704F5E76FF00F04F2E710B53F
:104FD0000846029B114652B993F86C202AB9012267
:104FE000184683F86C20EDF7B9F9002010BD1A6F50
:104FF0005468002CF9D05A6FA047F6E702F04BBD79
:1050000038B50D46044660B1F03002F0E3FF0DB153
:10501000002038BDC4F8C451C4F8C851C4F8CC51FC
:10502000F6E76FF01500F4E70268D2F8C83013B164
:10503000D2F8C41018477047704783690BB9C36B27
:1050400019707047012070478369012B03D1C36B2E
:105050001878C0B270470420704738B5C41DE4000A
:10506000204603F0DDFC054618B12246002104F07D
:10507000B9F8284638BD38B504463822002104F076
:10508000B1F81822002104F1A40004F0ABF81822B2
:10509000002104F18C0004F0A5F8D4F8C000F8F762
:1050A00097F9D4F8BC00F8F793F9D4F8803004F1FC
:1050B00054050BB12846984738220021284604F0B1
:1050C00091F8F8F7E9F8002038BD03785B075FBF77
:1050D00003684288C3F34A2303EB12105DBF173005
:1050E00020F007008008002070470020704701F082
:1050F000D2BF0346D3E8EF0F421CC3E8E12F0029DB
:10510000F8D170471FB50023CDE902011A461946B0
:105110001846CDE90033EDF7FDFD05B05DF804FB61
:105120000120EDF7ADBB0020704770B5D2E9013624
:105130009B1B8B420C4615460AD313680A46014650
:10514000981904F028F82046AB682344AB6070BD82
:105150006FF01B00FBE770B50E4615461946044676
:1051600018B9BDE87040EDF78BBB33B1C2F34A23E9
:105170001030120D184404F00EF8C4E90056204611
:10518000BDE87040EDF70EBD2DE9F3415F1C4FEA1D
:105190008708064608F1170020F0070080080C4633
:1051A0001546EDF7D9FB00238DF80470ADF80530F6
:1051B0008DF8073068B10346019AA8F1040143F85D
:1051C000102F2A46294452F8045B8A4243F8045FB0
:1051D000F9D100233146A20102F4E07242EA4822EA
:1051E00022F07F4222F4700222F03F0202B0BDE8BA
:1051F000F041FFF7B0BF07B50123019201AAFFF705
:10520000C3FF03B05DF804FB07B5CDE9002302231B
:105210006A46FFF7B9FF03B05DF804FB1FB5CDE99F
:105220000123069B01AA03930323FFF7ADFF05B0FB
:105230005DF804FBF8B506460D4614461F4604B952
:10524000F8BD214628463A46B047241A0544F6E7F9
:1052500010B542680446D2E9002381680068FFF770
:10526000E9FF002263681A6010BD38B54B68054637
:105270001A68CB680C469A4202D10846FFF7E8FF4D
:105280006368D3E8EF2F511CC3E8E01F0028F8D172
:10529000A36800209D5438BD0A2838B504460D4641
:1052A00002D10D20FFF7E1FF29462046FFF7DDFF81
:1052B000002038BD2DE9F043054687B008460E882A
:1052C00091F800900C46D1F808801746EDF772FD72
:1052D000011EC6F38216C9F3C2091EDB4846EDF76C
:1052E00073FC0346214651F8102B6088C2F34A2212
:1052F000002A01EB020408BF00210022C0F30B10BA
:10530000CDE90407CDE902142846414601960092F2
:10531000EDF77CFD07B0BDE8F0830023E2E74368CA
:1053200000201B685B689961704743681B681A68B6
:1053300052685360704701212DE9F04143681B68B2
:105340005A6811771D682F68D5E90136D3E90048FE
:105350001CB96B681C60BDE8F081214630464246AE
:10536000B847241A0644F3E743681B681868EDF74A
:10537000B7BE70B543680C461D686B689869EDF759
:105380005BFA214603460F222868BDE870401847A3
:10539000FEE701460068EEF759B808B5EEF7B2F837
:1053A000BDE80840EEF7D2B80A460121FFF723BF57
:1053B00000210120EEF74AB8D0F8983083F30B882B
:1053C000704761B662B680F31188BFF36F8F704784
:1053D00008B572B6002383F31188BFF36F8FEFF720
:1053E0003BF850B1BFF34F8F30BF00BF00BF00BFCD
:1053F00000BF00BF00BF00BF00BF62B6BFF36F8F2A
:1054000008BD10B5044672B6002383F31188BFF3BC
:105410006F8FEFF721F850B1BFF34F8F20BF00BF60
:1054200000BF00BF00BF00BF00BF00BF00BF84F3CC
:105430001188BFF36F8F62B610BD40E800F313F41C
:10544000803FD8B208BF6FF01500704730B50C68C8
:105450004B6885B00A894D890094013B24F01F04F4
:10546000234402F01F0242EA451223F01F0369465B
:105470008DF808200393EEF771FC05B030BD08B538
:10548000D1E904319847002008BD08B5EEF762FE67
:10549000002008BD7047002303824369C360704742
:1054A000416A8968EEF7C2BEEFF31182202383F3CD
:1054B0001288BFF36F8F00230B60436833B9C0E9D4
:1054C000001182F31188BFF36F8F7047196041603C
:1054D000F7E7034610B5EFF31181202282F312881B
:1054E000BFF36F8F006828B15C680268A0421A6041
:1054F00008BF5A6081F31188BFF36F8F10BD027A25
:10550000013202727047034618465B68002BFBD1DC
:105510007047426810B52AB10B461C465B68002BE9
:10552000FBD16260416010BD10B5044620B9084649
:105530000B7A01330B7210BD034618465B68002BD3
:10554000FBD1FFF7E6FF2046F5E783680B440360D5
:10555000704703680B6043684B6083688B607047DB
:105560008388026819448180D018704730B48488D9
:105570000568A3188380281930BC03F00CBE10B551
:10558000838802685C1C8480D154D01810BD034607
:1055900000689A88401A1144186099807047026820
:1055A000531E036083880133838002F8011C704717
:1055B00003468288521A8280006808441860704747
:1055C000034600689A88521A01449A80196070470D
:1055D00010B5036802211C88FFF7EAFF204610BDC2
:1055E00002688068101A70478388C2888168D21A5E
:1055F00003685B1AD01A70470B464FF05022012106
:10560000C2F814160021184710B50C46017822780C
:105610008AB08A420FD06946EFF748F8204605A9BC
:10562000EFF744F810220DF115010DF1010003F020
:10563000E1FD0AB010BD012A06D0022A07D072B9D6
:1056400040886388C01AF4E740686368FAE710226C
:10565000611C01300AB0BDE8104003F0CBBD6FF013
:105660001500E6E7042A0AD0102A0DD0022A4FF0CE
:10567000000315D103700B8843800120704701237C
:1056800003700B684360F8E7022300F8013B01F167
:10569000100351F8042B994240F8042BF9D1ECE7A0
:1056A00018467047012310B50621044600F8013B57
:1056B000F1F74CFA18B9A37963F03F03A37110BD59
:1056C0000B6803608B8883808B798371037823F068
:1056D0000203037070470078C0F34000704708B5BC
:1056E000EFF77AFEBDE808400820EFF71BB838B5A1
:1056F0000446807AEEF770FD6169054649B1637A28
:10570000DB0704D4436A20461B689B689847002344
:10571000636121462846BDE8384002F03DBE08B529
:10572000FFF7E5FFBDE808400220EEF7FBBF2DE9DB
:10573000F04101F10C080C46054600F10C01404611
:1057400017461E46FFF705FF4046FFF749FF0123B6
:1057500010FA87F068826B72394640462F82FFF755
:1057600027FFE368284673600023628AE360728142
:1057700063823460BDE8F08138B50C46D1E900326F
:105780000546DA600B684A895A820868EEF7CCFD54
:1057900020461022002103F025FD2846BDE83840B0
:1057A000FFF7A5BF438A23B9C068B0FA80F040096B
:1057B0007047002070470F2807D80D280BD8052800
:1057C00008BF032018BF02207047132803D01A28EF
:1057D00008BF0120F6E701207047FFF70CBDFFF777
:1057E00013BD034610B5D3E8EF0F40EA0102C3E84A
:1057F000E42F002CF7D110BD0023EDF707BAD0E855
:10580000EF3F0B40C0E8E23F002AF8D1704738B5BF
:1058100004460D46EFF718F95F3005D129462046BA
:10582000BDE83840EFF782B838BD8176704710B5D3
:1058300003884288934219D8052B17D9B2F5486FCF
:1058400014D88388B3F5FA7F10D240F67644C08826
:10585000A0F10A0189B2A14208D801339BB2534397
:10586000B3EB800F34BF0120002010BD0020FCE707
:10587000002070470020704770B506460D4642F282
:1058800021000321EFF7A4FB044618B9BDE87040DE
:10589000EFF742B803210C30FFF762FE06808570F7
:1058A0002146BDE8704042F22100EFF717BD70B508
:1058B00006460D4640F206400321EFF789FB0446F9
:1058C00068B103210C30FFF74BFE0680857021463E
:1058D000BDE87040002240F20640EFF795BE6FF041
:1058E000680070BDC368187808B1EFF76DB8184646
:1058F000F0F768BA38B50221054642F21600EFF714
:1059000067FB044668B102210C30FFF729FE2B88A3
:10591000214603800022BDE8384042F21600EFF72E
:1059200073BE6FF0680038BD2DE9F04781468846A8
:1059300042F23200072117461E469DF820A0EFF7DD
:1059400047FB0546A0B107210C30FFF709FEB9F867
:10595000003080F802800380C7700671A0F805A0AF
:105960002946BDE8F047002242F23200EFF74CBE74
:105970006FF06800BDE8F08708B500200021EFF760
:10598000D7FD18B1BDE80840EFF7A2BCBDE808405C
:10599000F1F710BD072208B503F02CFCB0FA80F037
:1059A000400908BDFFF727BC00280CBF08460020AF
:1059B000704718B111B10846F0F786BB6FF01500BB
:1059C000704713B5044680B106216846F1F7BEF86A
:1059D00048B99DF80530694603F03F0320468DF82D
:1059E0000530FFF7E6FF02B010BD6FF01500FAE7D3
:1059F000003818BF01207047034610F4004F0CBF59
:105A000007200620DA0348BF00F005009B0348BFCB
:105A100000F0FB007047D0E8AF0F7047034610B5A9
:105A2000D3E8EF0F00EA0102C3E8E42F002CF7D11E
:105A300010BD012310B403FA01F1044642B1D4E8C9
:105A4000EF3F0B43C4E8E23F002AF8D110BC704797
:105A5000C94310BCFFF7E2BF2DE9F04F87B09DF8B6
:105A6000486005460C4690460021102202A81F46B9
:105A7000DDF840909DF844A003F0B4FBCEB9CDE929
:105A80000248012242F2080002A9F0F737FD04465D
:105A900058B9BAF1000F3AD11035D5E8EF3F43F0CD
:105AA0000403C5E8E23F002AF7D1204607B0BDE86D
:105AB000F08FEFF709FC8346E4B937BB5846EBF7A4
:105AC00025F90923012ECDE901B48DF800308DF8B8
:105AD0000100CDF80C80D4D10222CDF810D005966B
:105AE000D0E714F83320083A012A24D90133984525
:105AF000F7D1E2E70023FAE717F83320083A012A42
:105B000019D901339945F7D1D8E70023FAE70122E3
:105B1000022E08BF059242F2090008BF324602A9D0
:105B200008BFCDF810D0CDE90279F0F7E7FC0028E6
:105B3000B2D00446B9E76FF01504B6E7436813F036
:105B400008000AD05A0307D403F4C063B3F5806F8A
:105B500014BF0220012070470120704770B506462F
:105B60000D4642F20A00012186B0EFF731FA0446F1
:105B7000B0B10C3095B10121FFF701FD204606F1CF
:105B8000100203A907230095EFF710FA002221461F
:105B900042F20A00EFF738FD06B070BD2946EBE788
:105BA0006FF06800F8E7183002F0E0BCD0F8B00001
:105BB000003818BF01207047084689691830116005
:105BC000426800211A6010F80D2C03F00BBBD0E8DE
:105BD000AF0F704773B504460D46CDE9003222B9C8
:105BE0006B46D0F8A86001AAB0472846EEF79CFBA8
:105BF000019B23B16FF06D0220460099984702B0D7
:105C000070BD2438F1F740B8002203680BB918467C
:105C100070478B4210D10B6842B9426803609142D1
:105C200000D14360002301200B607047136043687C
:105C3000994208BF4260F5E71A461B68E6E7837A97
:105C4000072B01D1F1F750B8704710B50446006931
:105C500018B1EEF769FB0023236110BD034610B5B0
:105C600000F1C8021046FFF7B2FF60B1411CD2E854
:105C7000EF4F844204D1C2E8EC1FBCF1000FF6D113
:105C8000F0D1184610BD0346FBE72DE9F84307465F
:105C90000E46904600244FF0D009B44203D10023B1
:105CA0001846BDE8F88309FB0470FFF7D7FF0346E9
:105CB00058B1857A012D02D0073D012D03D81A88ED
:105CC0004245EDD01846F1F7DBF90134E5E710B5B0
:105CD000837A0446023B062B16D8DFE803F009045A
:105CE0001515150B0900417200212046F1F7EEF958
:105CF000002010BD0088FFF7DAFD0028F9D1A37A53
:105D0000072BF5D10821F0E76FF07F00F1E738B5F8
:105D1000037A04468B42154615D100F17001072223
:105D2000284603F067FA80B1E378072243B904F10B
:105D30007E01284603F05EFAB0FA80F0400938BDD3
:105D400004F17701F5E70020F9E70120F7E770306B
:105D50007047F8B507460D4642F213000E21EFF7E3
:105D600037F90646D0B10E210C30FFF7F9FB044697
:105D70000E22002103F036FA3B88314623802B881F
:105D8000002263806B8842F21300A380AB88E3801B
:105D9000EB882381BDE8F840EFF736BC6FF0680070
:105DA000F8BD70477047012210B400F14C03D3E8EE
:105DB000EF1FC3E8E42F002CF9D141B9034653F893
:105DC000482B8164D2F8B41029B9C2E92C33006899
:105DD00010BCF1F7B3B80B60C2F8B430F7E710B5F8
:105DE0000368D3F8B02042B1D3F8B4401168A2429E
:105DF000C3F8B01008BFC3F8B41000234C30D0E88B
:105E0000EF2FC0E8E13F0029F9D110BD70B504467D
:105E1000D0E900352BB30021D3F8B02048306AB167
:105E2000904230D1A26C31BBD3F8B410C3F8B0208B
:105E3000884201D1C3F8B4200023A364002204F1F6
:105E40004C03D3E8EF1FC3E8E02F0028F9D104F199
:105E50003006236BD3B96B680BB1204698470023FB
:105E60002360E3680BB1204698472B6AB3B1204604
:105E7000BDE8704018470A60D3F8B420904208BFCC
:105E8000C3F8B410D8E711461268C8E7002200230F
:105E90003046F8F753F8EEF747FADAE770BD38B551
:105EA000406B30B150F8084904B1083CFFF7AEFF31
:105EB00004B938BDA5682DB12046083DFFF7A6FFFF
:105EC0002C46F7E72046BDE83840FFF79FBFF8B5FE
:105ED0000F4600210546164600234FF4803208463F
:105EE000F1F718FE044620B92846BDE8F840F1F75E
:105EF00091BD04210C30FFF733FB057047704680DD
:105F00002046F8BD406B28B1838B08388B4201D006
:105F10008068F8E7704710B54AB989B2FFF7F2FF19
:105F200028B143689B6913B1BDE81040184710BD04
:105F300038B50D460521FFF7E5FF002329461A462F
:105F4000F1F700FE044610B12846EEF7EDF92046C1
:105F500038BD406B28B1838908388B4201D08068F6
:105F6000F8E7704770470346006828B1596802682F
:105F700088421A6008BF5A6070470346002003B980
:105F800070471A8A5B681044F9E710B5D46802318B
:105F9000237813B92170012010BD8B42FBD0038AF6
:105FA000023B038200201061F6E706207047FFF7EE
:105FB00022B973B51446014605464FF49572206820
:105FC00000F094FD207500BB237A2068ABB1A3F1EB
:105FD0001802534253419B000193638A2946009360
:105FE000AE68238AE268B047002808DB238A98421B
:105FF0000ED100230120237508E00223ECE710F105
:10600000FF0F05D34042C0B22075002002B070BD22
:106010000E20F9E71FB5CDE9012300231A460093AE
:10602000F3F7F8F905B05DF804FBF8B59368054699
:106030000F461446166863B9506801210C30FFF70B
:106040008FFAA0602B681B78002B14BF022301235A
:106050000370A3681B78012B03D0022B1FD00020F4
:106060001CE02B681B78002BF9D1606804210C30F0
:10607000FFF776FAE06007802A68E36852885A8062
:106080006168728D738B088A9A4294BFC0EB0200DC
:10609000C0EB0300042894BF00200120F8BD2B684A
:1060A0001B78022BDBD1606812210C30FFF758FA05
:1060B000E06007802B68E268591C0232113351F806
:1060C000040B994242F8040BF9D16168728D738B0D
:1060D000088A9A4294BFC0EB0200C0EB030012286A
:1060E000D9E770B405686A6A52B3136803B1A83B74
:1060F000A2F1A8040022114600E0A83B844207D088
:10610000668D648BB14238BF3146A24238BF224609
:106110001C462BB1D3F8A830002BEED18442EFD12E
:10612000438D408B8B4201D890420BD9824238BFBD
:1061300002469942286838BF194670BCF3F71ABE68
:106140001146EDE770BC7047D0680431037813B98D
:106150000170012070478B42FBD0002091680B8AB0
:10616000043B0B82106170472DE9F04F044685B067
:10617000104690469946FFF700FF638B628D8B4671
:10618000934228BF1346834240F29380636840469F
:106190000393FFF7B8F94FF0000A06464046FFF7B1
:1061A000ECFE628B638D06F10C079A4294BFC0EB44
:1061B0000205C0EB03053846FFF716FA854217D2F1
:1061C0004046FFF7DAFE628B638D9A4294BFC0EBC4
:1061D0000205C0EB03058DBB98F80A00EDF7FCFF44
:1061E00000220023FFF75CF9064630B9574636E037
:1061F0003846FFF7F9F90546EDE701464046FFF757
:1062000093F94046FFF7B9FE628D638B06F10C07E8
:106210009A4294BFC0EB0205C0EB03053846FFF776
:10622000E3F985421FD24046FFF7A7FE628D638BDC
:106230009A4294BFC0EB0205C0EB0305F168328AB5
:10624000CDF80090DBF804700A4403985946ABB2CD
:10625000B847071E0CDABAF1000F18BF5746384688
:1062600005B0BDE8F08F3846FFF7BEF90546E5E713
:106270000E9BB3B9394606F10C00FFF771F94046A1
:10628000FFF77BFE638D628BB944934228BF1346B0
:106290008342BA441FFA89F9A8D9AF423FF47EAFCE
:1062A000A4E7394630460F9A0E9B98470028E1D163
:1062B0009CE70027D3E70022036803B970478B42AD
:1062C0000FD10B683AB942680360914200D1436034
:1062D00000230B60704713604368994208BF426017
:1062E000F6E71A461B68E8E706207047D0E8EF3F5C
:1062F00043F00802C0E8E12F0029F7D1C3F3C00042
:10630000704773B500230546166814467068294621
:106310001373952200F0EAFB207380B9CDE90000E9
:1063200029463046A388A268FFF71EFF002809DA35
:1063300010F1FF0F32BF0E204042C0B22073002088
:1063400002B070BD0120FBE72DE9F34100230746B1
:1063500016681446706839461373952200F0C6FB20
:106360000546207308BBA068718D728B038A914229
:1063700094BFC3EB0103C3EB0203012B15DD022124
:106380000C30FFF7EDF8CDE900558046A38839467B
:106390003046A268FFF7E8FE031E0ADA13F1FF0F8A
:1063A00032BF0E235B42DBB22373002002B0BDE894
:1063B000F0810120A8F80030F8E72DE9F04104460B
:1063C0008868FFF7DAFD638D628B0D46934228BF24
:1063D000134683421DD30027E165D1F808808F6002
:1063E000F8F7DCFA41462046F1F7B8FF064638B127
:1063F000C5F80880E765F8F7E5FA3046BDE8F081B2
:10640000618D638B2846994228BF194600F0C8FB6E
:10641000F1E76FF07906F0E738B50546D1E8AF3F10
:10642000DB0717D550F8040CA0B1AB6D93B904305D
:10643000FFF799FD044668B10146281FFFF7BDFF2D
:10644000002807DA55F8043C5A6822609A685C60B4
:1064500002B99C6038BD2DE9F041446A07463CB35F
:1064600054F8A86906B1A83E002307F104081D46A8
:1064700001E034461646E26D9AB905B98BB940463B
:10648000FFF771FD054658B101462046FFF795FF1D
:1064900000280DDA7B682B60BB687D6003B9BD60A6
:1064A00023462EB1D6F8A820002AE2D0A83AE0E789
:1064B000BDE8F08170B504460E4600220023084670
:1064C000F7F73CFD054658B101462046F1F746FF77
:1064D000044618B12946304601F05EFF204670BDE3
:1064E0006FF00104FAE7F8B5054650F8044C071FB1
:1064F00000F15403D3E8EF1F21F00401C3E8E21FC9
:10650000002AF7D104B3AB6D8BB963687BB1201D52
:10651000FFF729FD014606463846FFF74EFF0028E3
:1065200012DA63683360A368666003B9A660384610
:1065300005F15C01FFF7BEFF30B1384604F10C01F4
:10654000BDE8F840FFF7B6BFF8BD38B504460D46C4
:10655000F1F704FF30B1294604F16000BDE838408E
:1065600001F00FBF38BD2DE9F041884617460121E3
:10657000042205461E46F1F7E3FD044670B10421EE
:106580000C30FEF7EDFF80F80080A0F80170C670B7
:1065900021462846BDE8F041FFF7D7BFBDE8F081AE
:1065A00037B50C46054601F10C00FFF711F8228AB9
:1065B00003460192E2681221009228461322F2F764
:1065C00027F803B030BD37B50C46054601F10C0085
:1065D000FEF7FEFF228A03460192E26828460092F7
:1065E00000221146F2F714F803B030BD07B5CA68AF
:1065F0000C211388528800920D22F2F705FA03B09D
:106600005DF804FB07B50022CB680A211B880092C5
:106610000B22F2F7F9F903B05DF804FB2DE9F04124
:10662000CB6805461F88BBB2162B1BD90321F2F796
:10663000A7F80646C0B102210C30FEF791FF0024F6
:106640004FF01708314680F8008044702846FFF765
:106650007CFF2846A5F81A806F85FFF742FD20468B
:10666000BDE8F0810420FBE70E20F9E7F2F766BEF3
:106670000A8A0023C968F2F767BB70B50E46F2F7C5
:1066800027F8044628B93046EDF74EFE6FF07F003C
:1066900070BD00F10C052846314601F072FE606ABB
:1066A00038B150F8A84904B1A83C2946FFF702FFC9
:1066B00020B90020ECE71C466FF00100002CF8D058
:1066C000D4F8A83023B90230F5D020461C46ECE7B8
:1066D000A83BF8E738B505460C46F8F75FF92846B9
:1066E000F1F7F6FF20B9F8F76DF96FF07F0038BDCC
:1066F0000023236083683BB9C0E90144FFF7ABFE88
:10670000F8F760F90020F2E71C608460F6E70120EA
:10671000704708B5F1F7DCFF78B1436A6BB1A83B6D
:1067200003F15802D2E8EF0F20F00800C2E8E10FB1
:106730000029F7D1D3F8A830F0E708BD08B5042147
:10674000FFF707FC20B15430D0E8AF0FC0F3C00012
:1067500008BD10600020704710B5029CA36833B1DB
:10676000B1F5807F28BF0E21CAB221469847A37D8C
:10677000E268013BDBB2A37522B11BB92046BDE83C
:106780001040104710BD1060918000207047F0B598
:10679000076806463D78144689B0E5B97B88B3F5AD
:1067A000245F04D011D8A3F52053032B13D8ADF8E0
:1067B0000A10022220460DF10A01F2F7E9FB70B13E
:1067C0006FF01502C4F82C2206E003F55643FF33A0
:1067D0009BB2042B1DD90125284609B0F0BD7B884A
:1067E000022220460DF10A01ADF80A30F2F7D0FB83
:1067F0000028E5D1009003AA132331467768B847F3
:10680000021EDFDB03A92046F2F7C2FB0028E2D01C
:10681000D6E7ADF80A10022220460DF10A01F2F780
:10682000B7FB0028CCD17B880222ADF80A300DF1ED
:106830000A01E8E7072208B502F0DCFCB0FA80F0B4
:10684000400908BD034610B5D3E8EF0F40EA010246
:10685000C3E8E42F002CF7D110BDFEF7CCBC0B68C9
:1068600003608B8883808B798371704770B50D4688
:10687000064611F8010BF0F77BFF044610B12C8996
:10688000F0F7FEFB6B89A34207D0EB686C8123B164
:1068900021463046BDE87040184770BD38B5BDF898
:1068A00010401546944211D374B123B92046BDE877
:1068B0003840F2F75FBCA21A8A42A8BF0A4694B2D7
:1068C0002246591902F067FC204638BD6FF00600D9
:1068D000FBE730B585B0C96814461D46F2F794FB56
:1068E00000B100890223ADF80E000093294620462E
:1068F000BDF820200DF10E03FFF7D0FF05B030BD2D
:106900001FB50C461946E36810461C78BDF81820E0
:106910003CB110240133069404B0BDE81040FFF7E9
:10692000BDBF5B88ADF80E30022300930DF10E035E
:10693000FFF7B4FF04B010BD30B51D46002385B08D
:1069400014468DF80C30F2F735FB10B1037A8DF850
:106950000C300123294600932046BDF8202003ABCC
:10696000FFF79CFF05B030BD2DE9F04114461D46F0
:10697000BDF81870EEF7A8FC0646EAF7C7F980B232
:10698000069033463A4629462046BDE8F041FFF7D7
:1069900085BF30B585B014461D46FEF769FF02235A
:1069A000ADF80E00009329462046BDF820200DF1D9
:1069B0000E03FFF773FF05B030BD70B500F1700630
:1069C00005463146007AFEF755FF04463146287ADF
:1069D0003CB1F2F707FB18B100230360436083600A
:1069E00070BDF2F7FFFA0028FAD0046044608460BA
:1069F000F6E7022A10B508D1002300F170011A460B
:106A0000007AF2F787FB022010BDFFF7D6FFFAE706
:106A100001210C30FFF716BF38B504461546FFF7C5
:106A200076FE40B12046F2F7C5FA20B1037ADB07C3
:106A300001D5FFF7EDFF35B9207A04F17001F2F7C7
:106A4000D1FA00B1856038BD13B5044610B90020F5
:106A500002B010BD00238DF8043042F60303006835
:106A600001A9ADF80630FEF7CFFD0028EFD1E368AD
:106A700098880028ECD12046F2F79CFC013080B2C7
:106A8000E6E770B5CC681E46A37988B008468DF855
:106A90000C301546FFF7D8FFADF80D0024682378B9
:106AA0006BB96388ADF80F30052300933146284653
:106AB000BDF8302003ABFFF7F1FE08B070BD631CDA
:106AC0000DF10F02113453F8041BA34242F8041BCA
:106AD000F9D11323E9E71FB5CDE9012300231A46B5
:106AE0000093F2F797FC05B05DF804FB4B8A12F0B7
:106AF000010FC3F30E0304D013F0950F10D04868B4
:106B000070B112F0020F04D013F4957F0AD0896897
:106B100041B1134013F4DE7F14BF052000207047FD
:106B200002207047032070472DE9F0410546884652
:106B3000F2F740FA0446E0B1037ADA0719D500F11A
:106B40000C06D6E8AF7F17F0010712D1B8F1000F9D
:106B500010D0D6E8EF3F23F00202C6E8E12F00296B
:106B6000F7D19B07284608D5FFF7D3FD2046FFF74E
:106B70004FFF01273846BDE8F081FFF7C8FD002828
:106B8000F8D02846FFF7DAFD0028F3D0D6E8EF3F2B
:106B900023F00203C6E8E23F002AF7D12846E3E7E4
:106BA00070470021F8B54FF0FF324FF0FF33054634
:106BB0000846F0F7AFFF00F10C0704460121384604
:106BC000FEF7CEFC0526012106703846FEF7C8FC0C
:106BD000002306701A4621462846F0F7B3FF10B18D
:106BE0002046EDF7A1FB0020F8BD6FF0850070474F
:106BF0000020704700692430F7F7D2B913460A46DF
:106C00000121FEF701BB08B50020EDF7A7FC00202D
:106C100008BD0C220369C9B201FB0233986F00F072
:106C20000700704770B5C9B20369EFF311852024DE
:106C300084F31288BFF36F8F0C2606FB0134A46F18
:106C400014F0C00408D0A24206D085F31188BFF327
:106C50006F8F4FF0FF3070BD012271430B449A6774
:106C600085F31188BFF36F8F43680B445B689847C7
:106C70000020F0E78022FFF7D5BFF8B5069F046932
:106C8000C9B2EFF31186202585F31288BFF36F8F09
:106C90000C2569430C44A56F05F0070CBCF1010FEE
:106CA0000BD1A76786F31188BFF36F8FC4E91C234C
:106CB00043685B5898470020F8BD05F0C005AF4217
:106CC00086F31188BFF36F8F0CBF6FF077004FF022
:106CD000FF30F1E713B580240094FFF7CEFF02B038
:106CE00010BD10B41C240069CBB203FB04000021CA
:106CF00010BC10470320F5F709B90220F5F706B9D3
:106D00000020F5F703B9032000F0FCB9022000F0E1
:106D1000F9B9002000F0F6B91046F7F741B90020A4
:106D2000704708461146EFF721B8F7B50F461646EB
:106D30004FF480650024A64203D816D0162003B075
:106D4000F0BD331BB3F5806F38BF1D4600202A46C7
:106D500001AB3919F9F732FC20B9019BAB4201D1E3
:106D60002C44E8E76FF01500E9E70020E7E7002290
:106D700008B511461046F9F7F1FB002818BF6FF06F
:106D8000150008BD436800205B681B690B607047F5
:106D9000436802EA01005B6821EA02019860002072
:106DA000D9607047436800205B689960704743680A
:106DB00000205B68D960704743685A68536821EACD
:106DC00003000B4090600020D360704710B503694A
:106DD0005868F8B1884219D19C680868A142586087
:106DE00000D19860002008602AB15A680A609A6849
:106DF000596002B99960002010E0814206D108680C
:106E0000206098688142EDD19C60EBE70446006801
:106E10000028F2D1002AE8D16FF0150010BD10B59E
:106E200000690F299FBF00EB810440F821202364F3
:106E3000002088BF6FF0150010BD002070471020A3
:106E4000704730B543681360057A446804EBC504A5
:106E5000A34202D36FF0010030BD5C798C4201D0B7
:106E60000833F0E70020F7E7704743680020DB6B4A
:106E7000C2E90030704743681B68D3F88004C3F848
:106E80008004704742681368D3F8100150B10020A5
:106E9000126A12780A70C3F81001D3F81021012287
:106EA0001A6070474FF0FF30704702680346D2F80F
:106EB000580140B95B68DB0706D4D2F820010038DE
:106EC00018BF012070470120704743681B68D3F842
:106ED0000423D20517D5D3F82021A2B1EFF31182F4
:106EE000202181F31288BFF36F8FD3F8201131B1C5
:106EF0000021C3F82011D3F820110121D96082F3B9
:106F00001188BFF36F8FD3F858317047FEF773B90C
:106F1000002201210920ECF757BE10B50B6813B908
:106F20001846136005E003685C681CB114600368D0
:106F3000186810BD083303600B68013B0B60EDE778
:106F400013B5002101AA0446FFF77BFF002805DBEB
:106F5000019B226819791868F3F760FD02B010BD33
:106F600003460A4619790123006803FA01F103690F
:106F70001B68194218BF82F0010212B18368DB68F6
:106F8000184783681B69FBE710B504460068D0B159
:106F90008368C3B149B101210830FFF7E1FF2368DD
:106FA0001869BDE8104001F047B812B98388DB04C6
:106FB00009D4006901F040F820680021BDE81040C4
:106FC0000830FFF7CDBF10BD10B5012200210446E7
:106FD000FFF7DAFFA36933B9636004F11000BDE87D
:106FE0001040F6F7DDBF10BD10B5006903688B4295
:106FF00006D190F86C4034B9FFF7E6FF204610BD8B
:107000006FF01500FBE76FF00F00F8E738B5056982
:107010000446296405F12800F6F7C2FF002285F82E
:107020006C2020691146BDE83840FFF7ADBFF8B5C8
:107030000C46054600F0F9F800222146064628468F
:10704000F5F7CCFA03212046F4F724FB00F023F8EF
:1070500007462B689B5953B100262146284600F06D
:10706000E2F820460121F4F715FB3046F8BD00F0A8
:1070700012F8C01B0628ECD96FF07306EDE700226A
:1070800000F150039B009BB203F1502303F58033C2
:107090001A601B68704708B5F4F7B6FB08BD08B561
:1070A000F4F74EFD002008BD08B5F8F77FFE48B1A3
:1070B000002383F31188BFF36F8F0423184602DF88
:1070C0006FF0040008BDF9F7EBB908B5ECF7C0F8AC
:1070D000ECF7A6F9BDE80840F9F7E2B9004700F07F
:1070E000ABBF40F00040C1F88000704740F0004066
:1070F000C1F88000704740F00040C1F88000C2F83D
:1071000080007047F4F760BEF7B51646DDE9084722
:10711000019001A81D46F4F7A1FF019BB6F1000CF8
:1071200018BF4FF0010C00EB83000B1E18BF0123AA
:10713000002D43EA4C0314BF4FF00C0C4FF0000C31
:10714000002C43EA0C0314BF4FF4706C4FF0000C9A
:10715000002F43EA0C0314BF4FF4403C4FF0000CE7
:10716000D0F8002243EA0C0322EA030301B10978B4
:107170000EB13678760019430DB12D78AD0031434C
:107180000CB12478240229430FB13F783F040C430B
:107190003C43C0F8004203B0F0BD1FB50DF10F0332
:1071A000019300238DF80F101A4619460093FFF73C
:1071B000ABFF05B05DF804FB08B50146F4F7A2FF8C
:1071C00040B10846F4F786FF00B2800000F58070F9
:1071D00080B208BD4FF4BE70FBE738B505460846DF
:1071E0000C46F4F78FFFB0B10846F4F77FFF90B973
:1071F0000846F4F76FFF01232A688340C2F808337A
:107200002A6803B202EB8303D3F8102522F00302AD
:10721000C3F8102538BD2046BDE838400021FFF7EF
:10722000BCBFF4F7F3BFFFF7D8BF0846FFF7C4BFF2
:1072300030B5022401250C72CA600468C4F80055F8
:10724000096879B112F0040F0CBF82219221150751
:1072500048BF41F02001D406046848BF21F08001F6
:10726000C4F80013016812F0800008BF01224FEA41
:10727000830303F108030CBFCA50C81830BD30B5F2
:107280000124A2F58075AD08AC400C4207D08158AE
:1072900029B10021815082581A6822431A6030BDFA
:1072A000002313B50C4601934FF4887201ABFFF72E
:1072B000E6FF21464FF48A72FFF7E1FF21464FF4C3
:1072C0008E72FFF7DCFF21464FF48272FFF7D7FF83
:1072D00021464FF48472FFF7D2FF21464FF48672A5
:1072E000FFF7CDFF4FF48C722146FFF7C8FF0198DE
:1072F00002B010BDF5F71EBB70B50126A2F5807473
:10730000A40806FA04F4054614EA010008D0A858B7
:1073100030B100213046A950AA581A6822431A6099
:1073200070BD00232DE9F34104460D4601939046BC
:1073300001AB4FF4A672FFF7DFFF4FF482722946CC
:107340002046FFF7D9FF4FF48C72074629462046A6
:10735000FFF7D2FF064630B1B8F1000F1DD017B1CC
:107360003E46D4F83C354FF488722946204601AB9E
:10737000FFF7C2FF30B1B8F1000F03D016B90FB15B
:10738000D4F83C354FF490722946204601ABFFF704
:10739000B3FF019802B0BDE8F0814646E3E707B5C8
:1073A000019001A8F5F714FC0123019A9340836032
:1073B00003B05DF804FB07B5019001A8F5F708FCE0
:1073C0000123019A9340C36003B05DF804FB0123DD
:1073D00070B504460D466426436100220221204612
:1073E000FFF79FFF20B90120FFF779FE013EF4D19E
:1073F00000236B77C4F8003570BD2DE9F04389B0E8
:10740000109E0446894690460021202268461F4669
:10741000129D01F0E7FE1F2E97BF01234FF0FF33AF
:10742000B34003F1FF332361119BC4E90098C4E921
:1074300002766361183445B10FCD0FC495E80F0093
:1074400084E80F0009B0BDE8F0836D46F4E773B53A
:107450000468661C31D08568A9422ED264182CD0ED
:107460005E18AE4288BF6B1A056A35B100930523DA
:10747000A8470346184602B070BDBFF35B8F19469C
:10748000A41A101919B140EA0205AD070AD103295F
:107490000DDC013811448A42ECD010F8014F02F89B
:1074A000014BF8E70078013902F8010BE9E750F8E1
:1074B000044B043942F8044BE9E76FF02103D9E7A4
:1074C00073B50468651C32D08568A9422FD2641850
:1074D0002DD05E18AE4288BF6B1A456ACDB10093BD
:1074E0000523A84702B070BD12F8015B0139057091
:1074F0001546A01819B140EA0206B607F4D10329CF
:107500000ADC013D014488420CD1BFF35B8F184671
:10751000E8E71946A41AEBE755F8042B043940F8BC
:10752000042BECE715F8012F00F8012BEBE76FF0C7
:107530002100D7E773B51C46036815465A1C29D0AD
:107540008268914226D25B1824D066189642866AD9
:1075500088BF541A36B105232A460094B047204606
:1075600002B070BD184622464AB9294601F03AFEDB
:10757000BFF35B8FF3E700F8015B013AF4E78307A1
:10758000F9D14FF001336B43032AEEDD40F8043BA1
:10759000043AF9E76FF02100E2E70020704710B4E9
:1075A000046B02460B4684B9C1681F2998BF23FAB1
:1075B00001F4416861B18068834209D210691840C2
:1075C00051F82430184410BC7047234610BC1847AB
:1075D0004FF0FF30F7E730B5059CC4E90002039A8D
:1075E00021811989E260049A618121856261D3E970
:1075F000002502EB0113C4E906128A1C236203EB87
:1076000042036A1C13446D422B406362836953B981
:107610000139E2698B4202EB031206DB002393730C
:107620006FF07F03D373002030BD0133D381F0E7C7
:107630002DE9F04FB0F830A004465546002685B03D
:1076400002EB030891460E9A00EBCA031FFA88FB6F
:107650009A63A3F83CB008F1FF32C3690F1D019291
:10766000B0451ADC238D2586A3EB0B032385236A03
:1076700061895A8801390A4003EB4203A3F804A048
:10768000BFF35B8F0020226A538801335380638DE0
:107690000133638505B0BDE8F08FE06A2A0157F831
:1076A000041C03EB0515029303680392C91A83684F
:1076B0000837994228BF4FF0FF31FFF770FFDDE92F
:1076C0000232985000226A6057F8082CAA60019A8A
:1076D0009642ACBF00220122B145D8BF42F002025F
:1076E000AA810136ED89BBE7F0B550B3456A448EF7
:1076F0006B88A34230D0631C43864389BFF35B8F02
:10770000013B1C4005EBC4056B689EB209B1AD6836
:107710000D60D0F81CC09BB20CEB031100EBC3034F
:107720009D8F078D2F44013D07859D878D896F07AC
:107730000ED5058ECD8100210686986B996302B126
:107740001480F0BD9D8FC989013D0CEB01119D870F
:107750008D89ED07F6D4ECE70020F2E7C36903EB6F
:1077600001139868704770B5C369C56A09015E580E
:107770006B6BE3B92C69621C09BF6B6834401C68F1
:10778000341B21462846FFF70AFF864207D02B69A3
:1077900001331C44AB689C42F3D34FF0FF3428689C
:1077A000431C09D0AB68A34206D9204470BD3146C2
:1077B000284698470446F2E70020F7E770B5BFF384
:1077C0005B8F0D46016A1646838E4A8804469A42AC
:1077D00012D05A1C82864289013A134001EB4301C0
:1077E0008988298089B2FFF7BEFF2A88E36903EB05
:1077F00002139B68336070BD0020FCE710B502687F
:1078000093691269920017D543B9438E026A816960
:107810004489013B1B1B02EB4102938003689B6977
:10782000012B08D1838E426A81694089013B1B1A72
:1078300002EBC102938010BD23B9026A138843F0A2
:107840000103138003689B69012B01BF426A1388FF
:1078500043F001031380EEE710B5BFF35B8F0368BD
:1078600004461A699B6912F0005F1AD07BB9036A5B
:10787000426A5B888169013B02EBC10292889B1AD4
:10788000628D9BB29A4214D80023638510BD012BF0
:10789000FAD1436A026A5B888169013B02EB4102CB
:1078A000ECE763B9436A1B88DB4303F00103002B59
:1078B000EAD06369002BE7D020469847E4E7012B24
:1078C000E2D1036AEFE7036A828E598891420AD0B7
:1078D000418901390A4003EB42039A88C36903EBEB
:1078E00002139868704700207047BFF35B8FC3682E
:1078F00003B1184770474FF0FF324FF0FF33F6F7F0
:1079000083BB10B1C36A0133C362704738B1C26A26
:10791000013AC2621AB9026B02B1104702627047A3
:1079200070B50446056A05F164063046FFF7E3FFCB
:10793000636AA3F580637F2B0BD801225909503568
:1079400003F01F039A4055F8213023EA020345F85B
:107950002130D4E90F124A60E16B04F13C0311605D
:107960002046C4E90F33FFF7D1FF3046BDE8704031
:10797000F6F716BB10B5436A8CB00A932023044671
:1079800002460B9102A8194600F037FB282301227A
:10799000CDE9003220463522616A02ABF5F750FD91
:1079A00000EAE0700CB010BD30B1006A20B119B12E
:1079B000D0F8883003B11847704730B1006A20B161
:1079C00019B1D0F88C3003B11847704730B1006A54
:1079D00020B119B1D0F8903003B11847002070479A
:1079E0002DE9F84306468846174699460468A6429C
:1079F00001D1002520E07A1CA4F13C0502D06B6A7D
:107A0000BB4219D0B8F1000F22D0202241462846AF
:107A100001F000FCE0B9B9F1FF3F02D0AB6A4B4581
:107A20000AD07B1C0BD02468B442E2D054F8183C36
:107A3000A4F13C059F42E8D12846BDE8F883AB6A33
:107A40000133F9D02468B442D3D0A4F13C05D9E77E
:107A50002468CCE770B505460C461E46CAB1202303
:107A60002046194600F0C9FA0123E362049B6662CE
:107A7000A362059B25626363069BA363079B636404
:107A80006A6804F13C03C4E90F526B60226C136016
:107A900070BD0A70E8E710B5044690B1036A83B17F
:107AA00002784AB193F8A43033B1436AB3F5806FDA
:107AB00002D30121FFF75EFF2046BDE81040FFF72B
:107AC0002FBF10BD20B1036A13B15B6803B1184723
:107AD000704708B530B1036A3BB1DB682BB19847FA
:107AE000002008BD6FF01500FBE76FF00500F8E718
:107AF0007047F6F755BA4FF0FF324FF0FF33F6F705
:107B000083BAF8B50C4600F164070546A4F11006E7
:107B10003846FFF7F0FF3046F5F748FD80B154F8DE
:107B2000083C24F8083CD5F8CC3044F80C3C05F16E
:107B3000C80344F8103CC5F8CC6054F80C3C1E60F7
:107B40003846FFF7D6FF0020F8BD38B50D4600F1E6
:107B500064042046FFF7CFFF55F8083C204603F5A4
:107B6000803345F8083CBDE83840FFF7C2BF2DE937
:107B7000F04188B00E9C282A8846D4F8C0006ED107
:107B800001688568A8EB0101A94228BF4FF0FF31C9
:107B900020236A46FFF75BFC04F16406D8F82070E6
:107BA0003046FFF7A8FF3B464FF0FF3269462046BC
:107BB000FFF716FFD8F824300546E0B1D0F8308042
:107BC00003F00103B8F1000F02D0DBB9AF6230E07F
:107BD000002BFBD04FF0FF3383623046FFF789FF65
:107BE000AB6B83BBD4F88030002B38D03A46694663
:107BF0002046984733E0DB071FD43046FFF779FF74
:107C0000E36FF1E74FF0FF338362FFF77AFE304610
:107C1000FFF76FFFAB6BA3B9D4F880301BB13A46C6
:107C20006946204698473046FFF765FF2846FFF72C
:107C30006DFE3046FFF75DFF11E03046FFF759FF5C
:107C4000D0E74FF0010828469847D4F880301BB1A0
:107C50003A46694620469847B8F1000FE3D1002024
:107C600008B0BDE8F081F0B504468E680D46B6B2A6
:107C70003146D0F8B80085B0FFF770FDD4F8B430C5
:107C800007469A6942B90095CDE902500123D4F81C
:107C9000B80002A9FFF7CCFCD4F8B4309B69012BE3
:107CA00008D13A463146D4F8B80005B0BDE8F040F6
:107CB000F5F7AABB05B0F0BD70B500F16406A1F1FF
:107CC000100504463046FFF716FF2846F5F76EFC10
:107CD00038B120462946FFF7C6FFD4F8B800FFF7B1
:107CE000BBFD3046BDE87040FFF703BF2DE9FF4103
:107CF00003689E6A06F164084046FFF7FCFED6F86A
:107D0000B4309B693BB1012B12D04046FFF7F1FE26
:107D100004B0BDE8F081D6F8B8000DF10A0203A95D
:107D2000FFF7E2FCD6F8B43004469B69012B07D17B
:107D3000D6F8B80003AA0DF10A01FFF73FFD04468B
:107D4000002CE2D0BDF80A3000216268A360304602
:107D50004FF0FF33FFF744FE0546FFF7D2FDA3685F
:107D6000404603F58033A360FFF7C3FE75B1AB6AED
:107D7000696C013308BF2368284608BFAB622368DB
:107D8000A28900916F6B04F11001B8474046FFF7DC
:107D9000B2FE2846FFF7BAFD2046F5F707FC38B1DA
:107DA00030462146FFF75FFFD6F8B800FFF754FDD5
:107DB0004046FFF79EFE9FE72DE9F041A3F1100634
:107DC00053F8085C002388B00693ADF81E300446D3
:107DD0001023CDE904120E9FD0F8C000ADF81C703E
:107DE0000168D0F808C0711A0DEB0302614528BF85
:107DF0004FF0FF3104F16408FFF762FB4046FFF7E4
:107E00007AFED4F8B430ADB29B69CBB9D4F8A820CF
:107E1000D4F8B430D4F8BC009B69C3B9CDE9026290
:107E20000096012202A9FFF703FCD4F8BC00FFF77B
:107E300013FD4046FFF75DFE384608B0BDE8F0810F
:107E40002946D4F8BC00FFF789FC0246E0E7012B85
:107E5000EBD12946F5F7D8FAE7E710B548B149B1B3
:107E600043688B4206D382680468D21A5B1A436067
:107E7000A01810BD0020FCE72DE9F3470546D0F817
:107E8000B4000E46904618B9002002B0BDE8F08755
:107E9000036A002BF8D09B68002BF5D09847430766
:107EA000F2D543F69823B8F1000F18BF984605F1B4
:107EB000640705F1C8093846FFF71DFED5F8C8402C
:107EC0004C452BD054B3D4E90023536022681A6088
:107ED000C4E90044D5F8B43021899B69ADF8061097
:107EE0007BB1012B14D03846FFF703FEBDF80630F6
:107EF00004F1100003F58033A3603368103B336056
:107F0000C3E7D5F8A8303360D5F8B4309B69E8E70B
:107F1000D5F8BC00FFF722FC3060E4E7D5F8B430B8
:107F2000D3F818A0BAF1000F36D13146D5F8BC000D
:107F30000DF10602FFF7D8FB04460028D3D1D5F88F
:107F4000BC301B8DB3B93846FFF7D3FDB8F1000F35
:107F50009AD0D5E92D32182112891B6B01FB02330F
:107F6000D5F8D02022BB2120002100F0F6FB08F13B
:107F7000FF38A0E7D5F8A810D5F8C400FFF76DFFCB
:107F80000446D5F8A830ADF806A033603846FFF7B0
:107F9000B0FD002CDAD0A9E7BAF1010FD3D13246F7
:107FA000D5F8BC000DF10601FFF708FC0446EDE72B
:107FB0001969284690476FF4FB639842D3D0002894
:107FC0003FF479AF60E720B119B112B1C0E90122E5
:107FD0000160704710B5044618B910BD3C38FFF772
:107FE0005AFD20688442F9D10023C4E92E33D4F825
:107FF000B400BDE81040FFF765BD70B505461C46EE
:1080000099B18B4228BF0C46661C013E05D012F880
:10801000013B00F8013B002BF7D1A14207D9091B16
:108020008A19002101F0DEF8A11B084670BD00236B
:108030000D4405F8013CF7E708B1ECF73FBA70478B
:10804000704740B1C368587810F001001EBF18781F
:10805000B0FA80F040097047EFF31183202383F3D7
:108060001288BFF36F8FFEE710B5D0E9003433B943
:108070000020E268537843F00103537010BD20469E
:1080800098470028F4D00028B8BF4042FF28A8BF76
:10809000FF20E3681870ECE701F0A4B801F07BB8AA
:1080A000704710B400F10C04C0E9034410BCFCF7A5
:1080B000E4B92DE9F04F054689B0DDE91267914634
:1080C0003B46324606A8059105F1140A00F0C1FBB3
:1080D000DDE90634CDE90234EFF311844FF02008D6
:1080E00088F31288BFF36F8F05F10C0B4A462846C0
:1080F0000599FCF74EF930B184F31188BFF36F8F07
:1081000009B0BDE8F08F3E43F6D0DDE9022306A8B2
:1081100000F0C3FBDDE906675A4621465046CDE92B
:108120000067F6F79BFBEFF3118488F31288BFF327
:108130006F8FDBE738B50446EFF31185202383F317
:108140001288BFF36F8FFCF7DBF804F10C0000F02E
:10815000F1FA30B1294604F11400BDE83840F6F7D1
:10816000F7BB85F31188BFF36F8F38BD4169836812
:1081700043EA010212F003020FD1C2600269013A20
:1081800001FB023382689A4201D900207047C2681D
:108190001A604269C3609B1AF4E76FF015007047DC
:1081A00010B5C0E904320023816083610446FFF703
:1081B000DDFF0028A8BFC4E9004410BD2DE9F0414F
:1081C00005460F46EFF31188202383F31288BFF38F
:1081D0006F8FC668FEB90468A0421CD0DCB1D4E938
:1081E000003213605A60637BC4E9006623F0020327
:1081F0006373A66004F1180000F004FB2046C4F885
:10820000B060676100F037FA414605F10800BDE84B
:10821000F041F6F79DBB3E60AB69EF60013BAB619F
:1082200088F31188BFF36F8FBDE8F081202408B573
:10823000EFF3118384F31288BFF36F8FFDF7C8F853
:10824000F6E790F90E308B4201D0F6F733BB0020F1
:10825000704703460020C3E90033C3E902007047BA
:10826000D0E9003213605A600023427BC0E900333A
:1082700022F002024273836070472DE9F843914671
:1082800004460D469DF8202000F10807EFF3118801
:10829000202181F31288BFF36F8F02B14568A66871
:1082A000B74215D0A6B13046FFF7DAFF06F1180045
:1082B00000F0A8FA00233046C6F8B030C6F8149093
:1082C00000F0D9F938464146F6F742FB00200BE0B2
:1082D000E3B108210020F6F7B9FF38B988F3118817
:1082E000BFF36F8F6FF00B00BDE8F8830122C0F879
:1082F00004900260016801F003015DB922680A433D
:108300000260626820606AB960600BE04846C9F8A4
:108310000030EFE72A68032A10D80160616839B994
:10832000C4E90000042104F1100000F045FBC9E796
:108330000A6802F0030202430A60E5E722F0030242
:108340000A4302602A6802F0030240EA02032B603B
:10835000E8E710B5044630B10268930703D04468DB
:1083600009B100F056FB204610BD0023C0E90033E0
:1083700000F10803C0E9023300F11003C0E904333F
:108380007047012307B5009300230A461946FFF7FB
:1083900074FF03B05DF804FB002307B50A460093A1
:1083A0001946FFF76AFF03B05DF804FB002100687F
:1083B000FFF7CFBF5AB18A4209D300F11003C0E9D9
:1083C0000212C0E90000C0E90433002070476FF0DA
:1083D00015007047012302688B4022EA0303036003
:1083E00022FA01F000F001007047704710B5032138
:1083F00004460C30FFF7EEFF30B104F1100000F03E
:1084000001FAB0FA80F0400910BD20B10022C0305E
:10841000114600F0BBB9704770B5C3680446C3F39A
:1084200040069B0716D4856802210C30FFF7D2FF67
:1084300080B1D5F8B8206AB194421DD122689EB9A6
:10844000D5F8BC30C5F8B8209C4201D1C5F8BC2095
:1084500000232360E36813F01F001EBF43F00203F4
:10846000E36040F0020070BD3260D5F8BC20944259
:1084700008BFC5F8BC60EBE716461268DBE773B5CA
:108480000446EFF31185202383F31288BFF36F8F27
:108490000023A0F11006032104380193FFF79AFF8F
:1084A00028B1A369304601A90193F5F7E7FE85F3EA
:1084B0001188BFF36F8F02B070BD38B504460D460A
:1084C0001022002100F08EFE656038BD13B50190CA
:1084D0000846EFF31184202383F31288BFF36F8FD4
:1084E00001A9F5F7CBFE84F31188BFF36F8F02B0BB
:1084F00010BD10B5FFF7EAFF041E08DDEFF3118091
:10850000202383F31288BFF36F8FF6F733FA2046E8
:1085100010BD70B50D46EFF31186202383F312884A
:10852000BFF36F8FF5F704FF044686F31188BFF39E
:108530006F8F38B14FF0FF324FF0FF3305F110006D
:10854000F5F762FD204670BD08B5D822002100F085
:1085500049FE08BD38B530220D460021044600F022
:1085600041FE4FF480736560E36038BD38B5044662
:10857000EFF31185202383F31288BFF36F8FFFF78A
:1085800035FF2046FFF748FF85F31188BFF36F8F53
:1085900038BDF8B504460D46EFF31186202383F36A
:1085A0001288BFF36F8FC36803F01F03002B14BF43
:1085B0000127002705D186F31188BFF36F8F384656
:1085C000F8BDFFF713FF2046FFF726FF2946204698
:1085D000F5F736FE86F31188BFF36F8F0028EED0D3
:1085E0004FF0FF324FF0FF3305F10800F5F70CFDB7
:1085F000E5E7EFF30580003818BF012070477830B9
:108600007047D0E9003213605A600023C0E900339C
:10861000704708B5FFF7F5FF437B23F00203437370
:108620000023836008BD38B504460D46F6F7A4F86C
:10863000637B43F002036373E5B1A5602B689D4241
:1086400009D16B68C4E900531C606C6012E06A6871
:108650009A42F6D01B68002BF3D094F90E2093F9C0
:108660000E108A42F3D09142F1DD5A68C4E900321B
:1086700014605C6038BD10B5EFF31184202383F3E0
:108680001288BFF36F8FF6F72FF884F31188BFF3CA
:108690006F8F10BD08B5EFF31181202282F312888D
:1086A000BFF36F8F83680BB1FFF7B3FF81F31188BE
:1086B000BFF36F8F08BD014610B5EFF3118420237F
:1086C00083F31288BFF36F8F437B13F0280F0AD117
:1086D00083680BB1FFF79DFF4B7B084623F0040333
:1086E0004B73F6F701F884F31188BFF36F8F10BD59
:1086F00001211838FFF7DFBF08B50346EFF31181FA
:10870000202282F31288BFF36F8F0068834207D064
:1087100008B1FFF77EFF81F31188BFF36F8F08BDAB
:108720000020F8E710B5FFF7B5FFBDE8104018309E
:1087300000F068B838B5054604680020AC4200D1A6
:1087400038BD002CFCD02046FFF7ECFF2046FFF799
:1087500092FF2C680120A542F1E738B50C4605468A
:10876000F6F7B0F9B4F1FF3F08BFB5F1FF3F1FBF07
:1087700047F6FF7300224FF47A71C0FB013216BF37
:10878000D80B4FF0FF3040EA424038BD38B5EFF328
:108790001185202383F31288BFF36F8F0468A042F2
:1087A00013D0A4B1C4F8B01062612046FFF731FFC6
:1087B00004F1180000F026F82046F5F795FF012097
:1087C00085F31188BFF36F8F38BD0020F8E720468E
:1087D000F6E710B5F6F740FB0446F6F745FB74B133
:1087E000D4E904321B1A62EBE072B3F1004F72F16C
:1087F000000104DA002AACBF1846002010BD6FF05B
:108800000040FBE7024638B5EFF31185202383F3E0
:108810001288BFF36F8F036893B1F6F71DFB044610
:108820001046F6F72BFB844204D1FFF7D2FF00215C
:10883000F3F74EF9002085F31188BFF36F8F38BD31
:108840006FF01500F7E708B5F6F708FC08BDF6F776
:1088500005BCB3F1FF3F08BFB2F1FF3F70B504465E
:108860001D46164613D01A4315D06FF001024FF083
:10887000FF33921B63EB0501002904DAF6F7EEFBE8
:10888000821941EB0501C4E90021204670BD4FF07B
:10889000FF321146F7E70022FBE7B3F1FF3F08BFC5
:1088A000B2F1FF3FF8B5074616461C4610D054EA11
:1088B000020311D0F6F7D2FBB0420A46A1410346AB
:1088C0000AD2F31A64EB0204C7E900343846F8BD53
:1088D0004FF0FF331C46F7E70023FBE70023C0E916
:1088E000081200F11802C0E90622C0E90033036350
:1088F0004363704710B50446FFF784FFA8B9636A65
:108900000BB12046984704F11800FFF7F5FE60B15F
:10891000FFF7B1FEEFF31180202383F31288BFF33A
:108920006F8FBDE81040F6F725B810BD2DE9F04176
:10893000846805460E46ECB16378012B25D114F806
:10894000533C9A0714D5A4F160073846FFF7EAFEB6
:10895000082E0CBF6FF003030023236514F8533C6B
:10896000DB0605D154F8483C13B93846FFF783FEBF
:10897000002323700020EB68A860C3F386321643FF
:1089800066F39433EB60BDE8F081022BF0D12378DD
:10899000002BEDD054F8048CB8F1000FE8D004F1AE
:1089A0001400FFF72FFF0023A4F1140739464046B7
:1089B000E362FFF78BFDDBE7034610B5EFF31184AD
:1089C000202282F31288BFF36F8F0068834208D0A1
:1089D000D0E9003213605A600023C0E90033FFF78A
:1089E000A5FF84F31188BFF36F8F10BD0432D3B598
:1089F000044608D20026002741F00401CDE90067B3
:108A0000FFF757FB10B9002002B0D0BD40F8044B6F
:108A1000FAE720B1011F50F8040CFFF78BBB704739
:108A200001460420F6F704BC00207047704710B5DB
:108A3000044608B1F6F7DAFD2046BDE81040F6F727
:108A4000C5BD0346C068E0B15888D0B11B8803F4A7
:108A50004F42B2F5824F09D1DBB2272B2AD008D87A
:108A6000172B0FD0222B34D0122B16D06FF085008D
:108A70007047302B2FD0413B012BF7D8FF2839D13D
:108A800000207047C028FBD0E128F9D0B0F5807FE6
:108A90000CBF00206FF08600704720F02003C02B31
:108AA000EED020F08003B3F5807FE9D040F20923B7
:108AB0009842EDE7E928E3D0EF28E1D040F21B131C
:108AC0009842DDD040F299139842D9D040F23B232E
:108AD000EEE7E928F1E720F02003C02BD0D020F00A
:108AE0004003B3F5807FCBD0B0F5C07FC8D0B0F5E0
:108AF000007FCDE7B0F5E07FCAE73AB1002918BFA3
:108B000000232121D21A184400F06CBB704741F2B7
:108B1000062398421AD8B0F5905F09D241F20103BA
:108B200098420CD0B0F5885F09D06FF0850070478F
:108B30006923A0F5905080B2C340DB07F5D511F052
:108B4000070F0CBF00206FF086007047B0F5105F74
:108B5000EBD121F04003802B06D0B1F5807F0CBF14
:108B600000206FF0860070470020704770B5446A9F
:108B700005460E463CB90120F6F722FD686228B191
:108B80002046AE6270BD6FF08A00FBE76FF08C008C
:108B9000F8E7F8B51E460F4615460388C2B103F440
:108BA000E043B3F5805F02D0B3F5005F10D1089BBE
:108BB000E90019600088FFF7AAFF044630B92A4689
:108BC0003946304600F0E7FA079B1D602046F8BDA5
:108BD0006FF08504FAE710B50446406A10B1A16A47
:108BE000FFF725FF0020C4E9090010BD38B5054690
:108BF000FFF7F1FF2B7F0446012B0ED0023B012B28
:108C00000ED82B6A012B18BF6FF096042C2200217E
:108C1000284600F0E7FA204638BD2B6A002BF2E721
:108C20006FF09604F2E710B50368044653B100F004
:108C300042F900232360A38823F4FF7323F0010388
:108C4000A38010BD1846FCE72DE9FF410546984674
:108C5000002303932B68084617467BBBB8F1000F2F
:108C6000134603A914BF4FF480624FF40062F6F775
:108C70000BFE044620BB039E384631882A1DF6F7BA
:108C80009BFE0446E0B96B79314668F300036B71D3
:108C900000972846D6E90923B8F1000F0BD0F7F763
:108CA0002BFA044660B90398F7F7F6F90446204614
:108CB00004B0BDE8F081F7F73FFAF2E76FF08804FF
:108CC0002846FFF7B0FF0398F7F7E6F9EFE701232F
:108CD000FFF7BABF38B50468054664B112B900247D
:108CE000204638BD00F0D2F804460028F7D02846C8
:108CF000FFF799FFF4E76FF08804F1E72DE9F04101
:108D00001746026805460E46984682B14279D20758
:108D10000DD502795AB1BA4216D800F0C0F804460F
:108D200038B9A6B92846BDE8F041FFF77CBF6FF01F
:108D300088040023C8F800702B7146B92846FFF755
:108D400072FF2046BDE8F0816FF08904F1E721460B
:108D50003A463046D8F80030FFF7CFFE2846FFF7F6
:108D600062FF002C08BF0446EBE703466FF0404269
:108D70000846591E914207D338B103F1404393424C
:108D80008CBF00200120704701207047034668B166
:108D9000017F8A1E012A0BD80329026A03D1012A06
:108DA00001D1FFF723BF1AB1013A1A6200207047C0
:108DB0006FF09600704700207047C0B2002814BFC3
:108DC0006FF0850000207047002070477047002238
:108DD0006FF086001A60704710B44468240A02D10C
:108DE00010BCFFF7D6BE6FF0860010BC704713B5FD
:108DF00004464868000A0AD10498009004F108006B
:108E0000F7F794FA08B91C23236002B010BD6FF085
:108E10008600FAE710B404681C2C03D110BC08309B
:108E2000F7F7B0BA6FF0860010BC704738B503682A
:108E30001C2B0CD100F10804204600F08FF94FF4F0
:108E4000907105462046F6F7D1FB284638BD00252F
:108E5000FBE703681C2B02D10830F7F7D1BA6FF09B
:108E60008800704710B404681C2C03D110BC083073
:108E7000F7F7DCBA6FF0880010BC704703681C2B52
:108E800002D1083000F072B90020704703681C2B33
:108E900002D1083000F02EB96FF08600704710B490
:108EA00004681C2C03D110BC083000F030B96FF0FE
:108EB000860010BC704703681C2B02D1083000F0FC
:108EC00037B9002070470020704713B5002001AB70
:108ED0001446F7F773FB30B9019BA34218BF6FF03C
:108EE000930002B010BD6FF09200FAE700207047C7
:108EF000024612F8103BDB0903EBC303C3EB031379
:108F000012F8011D83EA4103904213704FEA1323C4
:108F1000F6D170472DE9FF4705468846144622B32F
:108F2000D0F8486100F5947786B94FF01009A04455
:108F30000DF10C0A102CA8EB040237D82346394651
:108F4000384600F01BF9C5F848410EE0C6F110099B
:108F50004A450FD8B91913460846424600F00EF9A3
:108F6000D5F848312344C5F848310026304604B0CE
:108F7000BDE8F087B9F1000F08D0B91942464B4659
:108F8000084600F0FBF8103EC8443444102203ABFE
:108F9000019339463B4628460092FFF73BFF0646C1
:108FA0000028C2D02846FFF741FFDFE710233946EB
:108FB000384600F0E3F83B46102239462846CDE912
:108FC000009AFFF727FF06460028EBD1103CB1E7D7
:108FD0002DE9F0439846D0F848311746102B044647
:108FE000894685B000F59C7200F594751CD1294620
:108FF000284600F0C3F8102203AB019329462B4604
:1090000020460092FFF706FF064630B93A46294649
:10901000484600F0C0F8C8F800702046FFF706FF89
:10902000304605B0BDE8F083C618104696F82831E2
:1090300083F0800386F82831FFF75AFF1023024699
:10904000D5E72DE9F74300F5DA79884616461F463D
:109050002022494601AB0546FFF704FF04460028DD
:1090600042D16FF4E97095F8141205F2D313401B46
:10907000C218914224D82846D5F8B011F7F72AF83B
:10908000044688BB284695F8142205F5EA71FFF7D7
:10909000E0FE044640BB49462846019AFFF7D9FE48
:1090A000044608BB019BB34210D13B4632464146C1
:1090B0002846FFF7D7FE0446204603B0BDE8F083FC
:1090C00013F8012F82F06A021A70D1E72022494674
:1090D000284601ABFFF7C6FE044628B9324649468A
:1090E000404600F058F83E602846FFF7C7FEE3E729
:1090F000F7F7D2B890F81832012B04D0022B04D025
:109100006FF088007047FFF7A4BEFFF703BF10B4ED
:1091100090F81842012C05D0022C06D06FF0880080
:1091200010BC704710BCFFF78CBF10BCFFF750BFDE
:1091300010B590F818320446012B03D0022B0AD048
:10914000002010BDFFF79AFE4FF408720021204660
:1091500000F048F8F4E7FFF769FEF5E708B54FF4CB
:109160009072002100F03EF8002008BD08B54FF4D1
:10917000D472002100F036F8002008BD30B50B4451
:1091800011F8014B12F8015B994284EA050400F8DA
:10919000014BF5D130BD0A44431E914200D17047C6
:1091A00010B511F8014B914203F8014FF9D110BDF0
:1091B000884210B501EB020402D98442234607D845
:1091C000431EA14208D011F8012B03F8012FF8E744
:1091D000024401468A4200D110BD13F8014D02F845
:1091E000014DF7E702440346934200D1704703F86C
:1091F000011BF9E70139024410B5904201D100206A
:1092000005E0037811F8014FA34201D0181B10BDEF
:109210000130F2E710B56AB10139841810F8012B5A
:1092200011F8013F9A4203D1A04201D0002AF5D1A2
:10923000D01A10BD1046FCE710B50139044632B112
:1092400011F8013F013A00F8013B002BF7D1002152
:10925000FFF7C8FF204610BD0246014410B58A4200
:10926000134603D01C780132002CF8D1181A10BD17
:10927000F0B5C3F13707044603F01F031046FFB2F1
:10928000082BE6B232D0102B3DD06508A40845EA81
:10929000C17544EA81748A082D1942EB51022909EB
:1092A00041EA02716D1842EB1212290A41EA026189
:1092B0006D1842EB1222290C41EA02416D1842EB73
:1092C0001242AD1842F10002EC0844EA4274D1089F
:1092D00004EB8402A6EB4205EDB2092D0CD9013452
:1092E000A5F10A0541F10001EDB212E0E40806F033
:1092F000070544EA4174C908303554EA010200F810
:10930000015BBDD1F0BD240906F00F0544EA0174EC
:109310000909092D84BFED19EDB2EDE7D1E9043259
:1093200093421EBF5A1C0A611870704701480068BA
:1093300070470000201D0020B079FE7F0100000072
:109340009D43000000000000E14400000000000018
:10935000152100000000000029A200002094010057
:1093600009DD0000000000002DDD0000000000000D
:1093700009A600003494010009A6000048940100E9
:10938000C7700100000000001F6D01005C94010027
:109390006F6D010070940100C9AE0000849401005B
:1093A000B9A400000000000071B900000000000036
:1093B000914500000000000041270000000000006F
:1093C000F9430000000000007D41000000000000A3
:1093D00025A8000098940100CB7001000000000057
:1093E000C1E0000000000000614E0100AC940100EB
:1093F00000000000C0940100C5AB0000D49401003F
:10940000E9AF0000E8940100694600000000000098
:109410009F70010000000000A97001000000000022
:10942000C6C50100D09E01008097010041050020C3
:10943000841F00201FC60100089F01002C97010017
:1094400047050020282000202BC60100209F010096
:109450002C970100490500203420002000C601009F
:1094600000000000249701004305002000000000D8
:109470000FC6010000000000009F0100450500200C
:1094800000000000DBC70100909F01009C970100D5
:109490004F050020D020002013C701006C030020DE
:1094A000509701004B0500204020002093C501008B
:1094B000C4010020B89901003D05002038080020B3
:1094C0008CC5010000000000749701003F050020DA
:1094D0002C030020A9C70100389F010064970100F8
:1094E0004D050020C8200020B1C90100D89F01000F
:1094F0006C9701005105002074030020000000005B
:10950000B153010000000000B15301000000000051
:10951000B153010000000000B15301000000000041
:10952000B1530100DDBF0000DD700100000000004C
:10953000B153010000000000B15301008494010008
:10954000CB6E0100E5D00000DD70010000000000DE
:10955000B153010000000000B15301000000000001
:10956000B153010089C60000DD7001000000000059
:10957000B153010000000000B153010000000000E1
:10958000B153010000000000B153010000000000D1
:10959000B153010000000000B153010000000000C1
:1095A000B15301000000000001BA000000000000FB
:1095B000B153010000000000B153010000000000A1
:1095C000B153010000000000B15301000000000091
:1095D000B153010000000000B15301000000000081
:1095E000B153010000000000B15301000000000071
:1095F000B153010000000000B15301000000000061
:10960000B153010059CB0000DD70010000000000E3
:10961000B153010000000000B15301000000000040
:10962000B153010000000000B15301000000000030
:10963000B153010000000000B15301000000000020
:10964000B153010000000000B1530100D1C8000077
:10965000DD70010000000000B153010000000000B7
:10966000B153010000000000B153010000000000F0
:10967000B153010000000000B153010000000000E0
:10968000B153010000000000B153010000000000D0
:10969000B153010000000000B153010000000000C0
:1096A000B153010000000000B153010000000000B0
:1096B000B153010000000000B153010000000000A0
:1096C000B153010000000000B15301000000000090
:1096D000B153010000000000B15301000000000080
:1096E000B153010000000000B15301000000000070
:1096F000B153010000000000B15301000000000060
:10970000B153010000000000B1530100000000004F
:10971000B153010000000000B1530100000000003F
:10972000B1530100236D0100000000009DA6000060
:10973000856D0100916D0100A56D0100AF6D010007
:10974000B96D010009A50000CD6D01000000000009
:1097500055A900001F6E01003B6E01003F6E010025
:10976000C1A80000A9AC00006B6E01009DB2000012
:10977000E96F01009DA0000019A10000319E0000CA
:109780008DA20000756C0100D56C01000000000086
:10979000136C01000000000000000000856E010055
:1097A00015AE0000776E010005000000617A000030
:1097B0000000000006000000159E000000000000F0
:1097C00004000000757F000000000000709D010093
:1097D00008000000109E010007000000909A0100A0
:1097E00006000000AAB901000300000091C00100BA
:1097F00003000000F9AE010003000000F0BC01000E
:109800000300000000AF010003000000B4C201002B
:1098100003000000CBB7010003000000A3C5010056
:1098200003000000B1C5010003000000EDB9010014
:10983000030000001BB901000300000073BE01001B
:10984000030000005CA9010003000000E1C2010068
:1098500003000000C0A6010003000000F2C50100E3
:109860000300000010A601000300000056A701003D
:109870000300000076A70100030000007AA70100A2
:10988000030000009BA80100030000001EC70100A8
:1098900003000000CCAD01000300000050AE010049
:1098A0000300000058AE010003000000C3CB01001C
:1098B00003000000B3C701000300000067AE010011
:1098C00003000000BAC9010003000000E5C7010061
:1098D00003000000749A0100F40100208AA801002E
:1098E00001000000040000000F0000000100000063
:1098F0000800000020000000640000007400000068
:109900000D0000000C0000000E00000050000000E0
:1099100078000000AC000000FFFFFFFFFFFFFFFF2B
:08992000FFFFFFFFFFFFFFFF47
:10993000D9D2000006000000D0B60100D5B6010063
:10994000D9B60100DDB60100E1B60100E5B60100BF
:10995000E9B60100EDB60100F1B60100F5B601006F
:10996000F9B60100FDB6010001B7010005B701001D
:1099700009B7010000020000000200000000000022
:10998000C6CB010000010000200000000000000024
:109990000338FDD870470000349401000A0001002C
:1099A000349401000B000100010100003C0500207F
:1099B000090A000005A6010095210000194F0100C9
:1099C0008D230000D9230000C5240000F74C0100BE
:1099D0006B4D0100FF4C0100314D01001B4D01009A
:1099E000054D01000000000000000000495001008A
:1099F0003B500100455001003950010000000000BB
:109A000000000000000000000000000029500100DC
:109A1000A80C00200001000021510100CB500100E2
:109A200002000000B552010000000000000000002C
:109A300000000000000000006AA8010072A80100F8
:109A40000000000000000000000000007AA80100F3
:109A50007EA8010082A8010086A80100649A010086
:109A6000CC17002065310000EC17002022320020C6
:109A700001000000735301006953010037530100D6
:109A80002B530100000000001F53010000000000E4
:109A900028A3010001690100000000004BA901009A
:109AA0000000010024A30100836A010000000000FF
:109AB0001C0200200000010029A901000000000094
:109AC00000000000000000000000010020A30100D1
:109AD000D368010031900000040200200000030060
:109AE0001CA30100836A010000000000FC010020AB
:109AF0000000010007A9010000000000C5310000BE
:109B0000000000000000030000000000915301006D
:109B1000540200204C0200204402002000000000FB
:109B20003C0200208D3300005D320000B1320000A5
:109B300025330000000000200000000006000100A6
:109B400002000000489B0100000000003CAE010044
:109B500006000000E0FF0F000000002044AE0100FE
:109B600021000000E0FF06205C0200200942000006
:109B70000000000095540100F1440000F955010077
:109B8000000000006C9B0100909B0100470000005A
:109B9000886D00206C9B0100A09B0100200000004C
:109BA000687100206C9B0100B09B01002E0000003A
:109BB000E87100206C9B0100C09B010002010000C5
:109BC000C87200200DB701002BB7010046B7010095
:109BD00056B7010063B701006CB7010073B701000D
:109BE0007AB7010081B7010089B7010063B70100AE
:109BF00091B70100A3B70100B8B701000E03000040
:109C0000216000000F040000ED5F00001A01000059
:109C1000B147000005040000C9470000130100001F
:109C20008D4D0000FF010000ED4B00003E010000E3
:109C3000CD4B000005040000154800001001000095
:109C40008D48000001120000715F00000A1E000034
:109C5000E558010003090000794E0000040B0000E4
:109C600075490000060A0000715400000C05000050
:109C7000594800006C9B0100809C010047000000D7
:109C8000E87300206FBC01007CBC01009CBC01009B
:109C900090BC0100A7BC0100BEBC0100CEBC01000D
:109CA000F0BF0100E2BC01006C9B0100B49C01000C
:109CB00000000000C87700206C9B0100C49C0100DC
:109CC00020000000F0770020A35D0100A55D0100E9
:109CD000000000000000000000000000397D0000CE
:109CE0000000000000000000000000000000000074
:109CF000020201001D660100040401006D8C0000D9
:109D000006060100AD8B000008040100998A0000DE
:109D10000A020100056601000C040100ED65010066
:109D20000E0401006D89000020040100D1880000AC
:109D300010040100E187000012020100A16501008A
:109D400016040100AB5F010018010100E962010087
:109D50001E0004007166010052020000C765010088
:109D60006C9B01006C9D010022000000C87800205F
:109D700058A30100016901000000000054A3010084
:109D80000000010050A30100836A010000000000F0
:109D9000F40200200000010048A3010000000000C0
:109DA00000000000000000000000000044A30100CB
:109DB000D368010031900000FC0200200000030085
:109DC00040A30100836A010000000000EC020020B3
:109DD0000000010038A30100396901005992000018
:109DE000000000000000030034A30100836A0100AA
:109DF00000000000E4020020000001002CA301008C
:109E00009D9500000000000000000000000001001F
:109E100084A30100016901000000000080A301008B
:109E2000000001007CA30100836A01000000000023
:109E3000240300200000010074A3010069690100EF
:109E400000000000000000000000010070A30100FD
:109E5000836A0100000000001C03002000000100D4
:109E600068A30100936901000000000000000000E9
:109E70000000010064A30100836A010000000000EB
:109E800014030020000001005CA301009191000078
:109E900000000000000000000000010000000000C1
:109EA00000000000000000000000000000000000B2
:109EB000A36B010000000000000000000000000093
:109EC00000000000B1A1000081A10000000000001E
:109ED00015A30000F5A10000D1C50100016D01002E
:109EE000136D0100D7C50100FB6C01000D6D010071
:109EF000DDC50100F56C0100076D0100E7C501003B
:109F00002B6D010000000000FFFF000000288450BE
:109F1000000000000100000000D000500000000020
:109F2000FFFFFFFF0025845000000000000000003C
:109F300000D000500000000000100250000000009F
:109F40000000000000000000000000000000000011
:109F50000000000000040000E8030201010100000D
:109F60001832002004000000000000000000000083
:109F7000789F01000024F40000100250849F01002B
:109F8000010000008C9F0100010000002400001669
:109F9000008000500100000000000000B49F01009C
:109FA0000000D6010000000000000000C8320020C0
:109FB000C732002000800050C09F01000100000057
:109FC000C89F0100040000001400000013000002FC
:109FD0001606000115060003009000500000000066
:109FE00000127A00000000000000000000000000E5
:109FF000FFFFFFFF0000FF00000000000000000165
:10A0000001000000116F0100FFFF00001CA0010013
:10A01000FFFFFFFF00000000000000000090005064
:10A0200028A001000100000030A001000300000092
:10A030002F0000042D0000052E00000634940100BE
:10A040000C00010007CA01001ACA01002DCA010054
:10A0500040CA010053CA010066CA010079CA010062
:10A060008CCA01006FCB01007DCB010091CB0100B8
:10A07000A0CB0100ACCB0100409301004093010054
:10A08000A8930100B89301002094010020940100DE
:10A09000FF8FFFFFFF8FFFFFFE8FFFFFFE8FFFFF92
:10A0A000FD8FFFFFFC8FFFFFFC8FFFFFFB8FFFFF8C
:10A0B0006D757465785F667265652063616C6C654B
:10A0C000642077697468204E554C4C207061726131
:10A0D0006D6574657200000043616E277420696EBF
:10A0E000697469616C697A65206D757465782C2076
:10A0F000776173204E554C4C0D0A00004661696C27
:10A1000020746F2061637175697265206D75746567
:10A11000780A00004661696C20746F20696E637272
:10A120006561736520504D20636F756E7465720AAA
:10A13000000000004661696C20746F2064656372E2
:10A140006561736520504D20636F756E7465720A8A
:10A15000000000004661696C20746F2072656C65B8
:10A16000617365206D757465780A0000436F756CC6
:10A1700064206E6F74206C6F636B20706F776572F4
:10A180002073617665206D75746578004661696C31
:10A1900020746F20756E6C6F636B206D75746578BD
:10A1A0000A0000006374782063616E6E6F74206231
:10A1B00065204E554C4C00000A637478206973206A
:10A1C0004E554C4C0A00000067E6096A85AE67BB35
:10A1D00072F36E3C3AF54FA57F520E518C68059B89
:10A1E000ABD9831F19CDE05BD89E05C107D57C365E
:10A1F00017DD703039590EF7310BC0FF1115586853
:10A20000A78FF964A44FFABE0123456789ABCDEF50
:10A21000FEDCBA9876543210F0E1D2C3982F8A420D
:10A2200091443771CFFBC0B5A5DBB5E95BC25639A8
:10A23000F111F159A4823F92D55E1CAB98AA07D8C0
:10A24000015B8312BE853124C37D0C55745DBE72E3
:10A25000FEB1DE80A706DC9B74F19BC1C1699BE463
:10A260008647BEEFC69DC10FCCA10C246F2CE92DF3
:10A27000AA84744ADCA9B05CDA88F97652513E9817
:10A280006DC631A8C82703B0C77F59BFF30BE0C61E
:10A290004791A7D55163CA0667292914850AB727AC
:10A2A00038211B2EFC6D2C4D130D385354730A6549
:10A2B000BB0A6A762EC9C281852C7292A1E8BFA220
:10A2C0004B661AA8708B4BC2A3516CC719E892D188
:10A2D000240699D685350EF470A06A1016C1A4190B
:10A2E000086C371E4C774827B5BCB034B30C1C390A
:10A2F0004AAAD84E4FCA9C5BF36F2E68EE828F74C9
:10A300006F63A5781478C8840802C78CFAFFBE90E2
:10A31000EB6C50A4F7A3F9BEF27871C600000328D5
:10A3200000000229000003280000002800002A2B5A
:10A3300000002A2B000003280000292B0000292BF5
:10A3400000000328000002290000052A0000052A59
:10A350000000032800000118000000280000042A63
:10A360000000042A000003280000012A0000012A3E
:10A37000000003280000002A0000002A0000032833
:10A380000000001800000028040100012401200141
:10A390000200010000020001526563656976656490
:10A3A00020646174612C206C656E2025640044611A
:10A3B00074612073656E7400436F6E6E65637469BB
:10A3C0006F6E206661696C65642028657272202555
:10A3D000752900436F6E6E6563746564004469732C
:10A3E000636F6E6E65637465642028726561736F58
:10A3F0006E202575290044617461205265616420D6
:10A400004661696C3A202564003E4348313A2D305C
:10A410002E253033640A003E4348313A25642E2508
:10A420003033640A004661696C656420746F20777C
:10A430007269746520526567203078253032783A29
:10A440002025640057726F7465203078253032788B
:10A4500020746F20526567203078253032780052A2
:10A460006573657474696E672E2E2E00426C756577
:10A47000746F6F746820696E6974206661696C65B9
:10A480006420286572722025642900426C75657409
:10A490006F6F746820696E697469616C697A65644C
:10A4A000004661696C656420746F20696E69742070
:10A4B0004E55532028657272202564290041647628
:10A4C0006572746973696E67206661696C65642082
:10A4D000746F207374617274202865727220256411
:10A4E00029004164766572746973696E67207375BB
:10A4F000636365737366756C6C79207374617274D1
:10A50000656400426C7565746F6F746820696E696C
:10A5100074206661696C656400535049206E6F74E5
:10A520002072656164790050574D206465766963D7
:10A5300065206E6F742072656164790070776D5F5D
:10A54000736574206661696C65643A202564004116
:10A55000445331323938206D617374657220636CF5
:10A560006F636B202832204D487A29207374617202
:10A57000746564206F6E2050312E30340041445396
:10A5800020636C6F636B2073746172742066616901
:10A590006C6564004750494F20696E69742066619C
:10A5A000696C656400494420726567207265616466
:10A5B000206572723D25642C2062797465733A209F
:10A5C0003078253032782030782530327820307855
:10A5D000253032782028657870656374206C61734B
:10A5E000742062797465203078393229005374619F
:10A5F0007274696E6720446174612053747265617E
:10A600006D2E2E2E00454D4720446576696365000A
:10A61000656D675F736F6674776172650028756E2C
:10A620007369676E6564292063686172202A2075EA
:10A6300073656420666F72202525702061726775CE
:10A640006D656E742E2049742773207265636F6D7B
:10A650006D656E64656420746F2063617374206936
:10A660007420746F20766F6964202A2062656361AC
:10A67000757365206974206D6179206361757365F8
:10A68000206D69736265686176696F7220696E20FA
:10A690006365727461696E20636F6E666967757257
:10A6A0006174696F6E732E20537472696E673A22FB
:10A6B00025732220617267756D656E743A2564009A
:10A6C00063627072696E74665F7061636B61676507
:10A6D00000496E76616C696420696E7374616E63A3
:10A6E0006500496E76616C6964206261636B656EBA
:10A6F0006420636F6E66696775726174696F6E005E
:10A70000496E76616C696420696E7374616E63650D
:10A710002C20656E64706F696E74206F7220636F99
:10A720006E66696775726174696F6E00496E7661F5
:10A730006C696420656E64706F696E7400456E6448
:10A74000706F696E74206E6F7420726567697374C0
:10A75000657265640A006970635F73657276696328
:10A7600065006D626F785F777120232564006C6FE0
:10A770006767696E67006C6F67006C6F675F6D6716
:10A780006D74004D657373616765202822257322FF
:10A79000292064726F7070656420626563617573EF
:10A7A0006520697420657863656564732073697AD0
:10A7B00065206C696D69746174696F6E20282575F8
:10A7C00029004D6573736167652064726F707065F1
:10A7D00064206265636175736520697420657863C0
:10A7E000656564732073697A65206C696D6974614D
:10A7F00074696F6E2028257529001B5B306D00255C
:10A800007320005B2530386C755D20005B2530328D
:10A81000753A253032753A253032752E253033752C
:10A820002C253033755D200025732F003C25733EA9
:10A83000200025733A20002530327820007C002546
:10A840006300206D657373616765732064726F7058
:10A85000706564202D2D2D0D0A1B5B306D001B5B78
:10A86000313B33316D2D2D2D20001B5B313B3331BE
:10A870006D001B5B313B33336D0065727200777284
:10A880006E00696E6600646267006C6F675F62618C
:10A89000636B656E645F75617274006C6F675F7582
:10A8A000617274002A2A2A20426F6F74696E6720D1
:10A8B0006E524620436F6E6E6563742053444B2086
:10A8C00076332E302E302D3362666334363537388A
:10A8D000653432202A2A2A0A002A2A2A2055736936
:10A8E0006E67205A6570687972204F532076342E37
:10A8F000302E39392D33653063653736333666612E
:10A9000036202A2A2A0A00029ECADC240EE5A9E083
:10A9100093F3A3B50200406E029ECADC240EE5A9A3
:10A92000E093F3A3B50200406E029ECADC240EE55C
:10A93000A9E093F3A3B50300406E029ECADC240E87
:10A94000E5A9E093F3A3B50300406E029ECADC24A0
:10A950000EE5A9E093F3A3B50100406E62745F6E4B
:10A960007573006D757465785F696E6974206361D5
:10A970006C6C65642077697468204E554C4C20706F
:10A980006172616D6574657200436F756C64206EF1
:10A990006F7420616C6C6F63617465206D75746594
:10A9A00078206265666F726520696E697469616C92
:10A9B000697A696E670072302F61313A20203078F1
:10A9C00025303878202072312F61323A20203078BB
:10A9D00025303878202072322F61333A20203078A9
:10A9E000253038780072332F61343A2020307825B2
:10A9F000303878207231322F69703A202030782533
:10AA0000303878207231342F6C723A20203078251B
:10AA10003038780020787073723A202030782530F2
:10AA20003878004661756C74696E6720696E73745E
:10AA300072756374696F6E206164647265737320EC
:10AA4000287231352F7063293A20307825303878D4
:10AA500000556E68616E646C6564204952516E3AAF
:10AA6000202564002A2A2A2A2A204D5055204641B2
:10AA7000554C54202A2A2A2A2A0020205374616324
:10AA80006B696E67206572726F722028636F6E74D7
:10AA90006578742061726561206D696768742062F1
:10AAA00065206E6F742076616C69642900202055E2
:10AAB0006E737461636B696E67206572726F72008A
:10AAC000202044617461204163636573732056697B
:10AAD0006F6C6174696F6E0020204D4D46415220AD
:10AAE000416464726573733A2030782578002020C1
:10AAF000496E737472756374696F6E204163636528
:10AB000073732056696F6C6174696F6E0020204604
:10AB10006C6F6174696E672D706F696E74206C6103
:10AB20007A792073746174652070726573657276CA
:10AB30006174696F6E206572726F72002A2A2A2A08
:10AB40002A205553414745204641554C54202A2A36
:10AB50002A2A2A0020204469766973696F6E206270
:10AB600079207A65726F002020556E616C69676E7E
:10AB70006564206D656D6F727920616363657373C1
:10AB8000002020537461636B206F766572666C6F72
:10AB9000772028636F6E7465787420617265612018
:10ABA0006E6F742076616C6964290020204E6F20DE
:10ABB000636F70726F636573736F7220696E737405
:10ABC00072756374696F6E73002020496C6C6567E1
:10ABD000616C206C6F6164206F66204558435F5242
:10ABE000455455524E20696E746F2050430020200A
:10ABF000496C6C6567616C20757365206F662074A5
:10AC000068652045505352002020417474656D7072
:10AC10007420746F206578656375746520756E6443
:10AC20006566696E656420696E73747275637469B4
:10AC30006F6E002A2A2A2A2A20425553204641555F
:10AC40004C54202A2A2A2A2A002020537461636B3C
:10AC5000696E67206572726F7200202050726563A2
:10AC60006973652064617461206275732065727216
:10AC70006F72002020424641522041646472657325
:10AC8000733A2030782578002020496D7072656312
:10AC900069736520646174612062757320657272E6
:10ACA0006F72002020496E737472756374696F6EE1
:10ACB00020627573206572726F72005265736572DF
:10ACC00076656420457863657074696F6E2028002E
:10ACD00053707572696F757320696E7465727275E1
:10ACE000707420284952512000535053454C20691C
:10ACF0006E20746872656164206D6F646520646F96
:10AD00006573206E6F7420696E6469636174652079
:10AD1000505350002A2A2A2A2A20484152442046C9
:10AD200041554C54202A2A2A2A2A00202042757391
:10AD3000206661756C74206F6E20766563746F7227
:10AD4000207461626C652072656164002020446536
:10AD5000627567206576656E740020204661756CAB
:10AD60007420657363616C6174696F6E202873650C
:10AD7000652062656C6F772900415243485F4558F2
:10AD800043455054207769746820726561736F6E13
:10AD90002025780A002A2A2A2A2A20446562756713
:10ADA000206D6F6E69746F72206578636570746969
:10ADB0006F6E202A2A2A2A2A002A2A2A2A2A2025AD
:10ADC0007320256429202A2A2A2A2A006D707500FA
:10ADD0004661696C656420746F20616C6C6F63619F
:10ADE0007465206E6577204D505520726567696FD8
:10ADF0006E2025750A00506172746974696F6E2047
:10AE000025753A2073616E69747920636865636B98
:10AE1000206661696C65642E00496E76616C6964B8
:10AE200020756E6465726C79696E672072656769FA
:10AE30006F6E20696E64657820257500464C41531D
:10AE4000485F30005352414D5F30006578697400AF
:10AE50006E65745F627566006E65745F6275665FCD
:10AE600073696D706C6500736F6300000000010012
:10AE7000FFFFFFFFFFFF00000000000000FFFFFFDB
:10AE8000FFFFFF0000000000007075626C69630046
:10AE900072616E646F6D007075626C69632D6964B8
:10AEA0000072616E646F6D2D696400253032583A0E
:10AEB000253032583A253032583A253032583A2522
:10AEC0003032583A25303258202825732900303145
:10AED000323334353637383961626364656600422F
:10AEE00054204C572057510002FB349B5F800000D8
:10AEF00080001000000000000062745F6275660050
:10AF000062745F646174610044617461206275669B
:10AF1000666572206F766572666C6F7720286C6943
:10AF20006E6B207479706520307825303278290076
:10AF3000556E61626C6520746F206C6F6F6B20754D
:10AF40007020636F6E6E20776974682068616E642C
:10AF50006C6520257500556E61626C6520746F20EC
:10AF60006C6F6F6B757020636F6E6E20666F7220F2
:10AF700068616E646C652025750048617264776154
:10AF80007265206572726F722C20686172647761DD
:10AF9000726520636F64653A20256400436F756CA9
:10AFA00064206E6F74207375626D69742072785FAF
:10AFB000776F726B3A20256400556E61626C652074
:10AFC000746F20616C6C6F63617465206275666676
:10AFD000657200556E68616E646C656420657665A7
:10AFE0006E7420307825303278206C656E2025759F
:10AFF0003A202573004E6F2070656E64696E67207D
:10B000007065726970686572616C20636F6E6E65E1
:10B010006374696F6E00556E6578706563746564FE
:10B020002073746174757320307825303278202550
:10B030007300546F6F20736D616C6C202825752030
:10B04000627974657329206576656E742030782581
:10B0500030327800496E76616C696420484349203B
:10B0600041434C207061636B65742073697A65207D
:10B07000282575290041434C2064617461206C656A
:10B080006E677468206D69736D617463682028252C
:10B090007520213D2025752900556E61626C652063
:10B0A000746F2066696E6420636F6E6E20666F72C7
:10B0B0002068616E646C6520257500496E76616C50
:10B0C000696420484349206576656E742073697A07
:10B0D00065202825752900574553545F544F504427
:10B0E00049522F7A65706879722F7375627379731C
:10B0F0002F626C7565746F6F74682F686F73742F2F
:10B100006863695F636F72652E630062745F686372
:10B11000695F6576745F6765745F666C61677328E5
:10B120006864722D3E657674292026202831554C9E
:10B13000203C3C2028312929004153534552544991
:10B140004F4E204641494C205B25735D2040202511
:10B15000733A25640A00556E6B6E6F776E206275C8
:10B1600066207479706520257500556E68616E647F
:10B170006C65642076656E646F722D7370656369AB
:10B18000666963206576656E742030782530327884
:10B19000206C656E2025753A202573004E6F206364
:10B1A0006F6D6D616E642073656E7420666F7220C2
:10B1B000636D6420636F6D706C65746520307825F5
:10B1C000303478004F70436F646520307825303418
:10B1D0007820636F6D706C6574656420696E73743C
:10B1E000656164206F6620657870656374656420AE
:10B1F00030782530347800657674206E756D5F6820
:10B20000616E646C657320283D25752920746F6F0D
:10B21000206C6172676520282575203E20257529E0
:10B22000004E6F20636F6E6E656374696F6E20668B
:10B230006F722068616E646C6520257500706163B3
:10B240006B65747320636F756E74206D69736D61C7
:10B2500074636800696E74657276616C20657863EA
:10B2600065656473207468652076616C696420721A
:10B27000616E676520307825303478006C617465C4
:10B280006E637920657863656564732074686520F2
:10B2900076616C69642072616E6765203078253054
:10B2A000347800737570765F74696D656F7574209E
:10B2B00065786365656473207468652076616C6980
:10B2C000642072616E6765203078253034780075AF
:10B2D0006E6B6E6F776E006576745F666C61677318
:10B2E0002026202831554C203C3C2028302929009C
:10B2F000496E76616C696420627566207479706548
:10B30000202575005B305D004964656E7469747951
:10B3100025733A202573004964656E746974795BFE
:10B3200025645D3A202573004843493A20766572CA
:10B3300073696F6E20257320283078253032782984
:10B34000207265766973696F6E20307825303478A5
:10B350002C206D616E756661637475726572203044
:10B360007825303478004C4D503A207665727369F8
:10B370006F6E20257320283078253032782920738D
:10B3800075627665722030782530347800556E61AC
:10B39000626C6520746F2073656E6420746F206426
:10B3A0007269766572202865727220256429000909
:10B3B000556E61626C6520746F20616C6C6F6320E8
:10B3C000666F7220486F7374204E43500A00657296
:10B3D00072203D3D20300009556E61626C6520741D
:10B3E0006F2073656E6420486F7374204E43502045
:10B3F00028657272202564290A00556E61626C65A9
:10B4000020746F206C6F6F6B20757020636F6E6E91
:10B41000207769746820696E6465782030782530FB
:10B420003278004E6F74207265706F7274696E6747
:10B43000207061636B657420666F72206E6F6E2D75
:10B44000636F6E6E656374656420636F6E6E005526
:10B450006E636C65617265642070656E64696E67A9
:10B460002073656E745F636D6400737563636573E9
:10B47000730009636F6D6D616E64206F70636F643C
:10B4800065203078253034782074696D656F757467
:10B490000A0009436F6E74726F6C6C657220756E72
:10B4A000726573706F6E736976652C20636F6D6D56
:10B4B000616E64206F70636F64652030782530346E
:10B4C000782074696D656F7574207769746820657C
:10B4D00072722025640A006F70636F646520307893
:10B4E000253034782073746174757320307825307A
:10B4F000327820257300436F6E74726F6C6C6572C6
:10B5000020746F20686F737420666C6F7720636F90
:10B510006E74726F6C206E6F7420737570706F72C2
:10B52000746564004E6F6E2D4C45206361706162DE
:10B530006C6520636F6E74726F6C6C6572206465ED
:10B54000746563746564210041434C2042522F4569
:10B5500044522062756666657273206E6F7420694E
:10B560006E697469616C697A65640056656E646FB2
:10B57000722048434920657874656E73696F6E73F5
:10B58000206E6F7420617661696C61626C65004841
:10B590005720506C6174666F726D3A2025732028B5
:10B5A0003078253034782900485720566172696117
:10B5B0006E743A202573202830782530347829009D
:10B5C0004669726D776172653A202573202830785C
:10B5D00025303278292056657273696F6E20257583
:10B5E0002E2575204275696C6420257500466169B9
:10B5F0006C656420746F207265616420737570706F
:10B600006F727465642076656E646F7220636F6D0F
:10B610006D616E6473004661696C656420746F20AF
:10B620007265616420737570706F727465642076E2
:10B63000656E646F7220666561747572657300482B
:10B64000434920647269766572206973206E6F7455
:10B65000207265616479004254205258205751008D
:10B6600048434920647269766572206F70656E2068
:10B670006661696C65642028256429004E6F20701E
:10B68000656E64696E6720636F6E6E20666F7220F0
:10B690007065657220257300556E657870656374FA
:10B6A000656420484F53545F4E554D5F434F4D5096
:10B6B0004C455445445F5041434B4554532C2073F3
:10B6C00074617475732030782530327820257300CA
:10B6D000312E306200312E3100312E3200322E30C8
:10B6E00000322E3100332E3000342E3000342E3113
:10B6F00000342E3200352E3000352E3100352E32FA
:10B7000000352E3300352E3400362E300053746150
:10B710006E6461726420426C7565746F6F7468202A
:10B72000636F6E74726F6C6C65720056656E646FD9
:10B730007220737065636966696320636F6E7472EB
:10B740006F6C6C6572004669726D77617265206C12
:10B750006F616465720052657363756520696D6120
:10B760006765007265736572766564006E52463572
:10B770003178006E5246353278006E524635337855
:10B78000006E524635344878006E524635344C7857
:10B7900000496E74656C20436F72706F72617469DA
:10B7A0006F6E004E6F726469632053656D69636FDD
:10B7B0006E647563746F72004E58502053656D69E6
:10B7C000636F6E647563746F72730062745F686335
:10B7D000695F636F726500636D6420646973616C97
:10B7E0006C6F776564004F6E6C792072616E646F68
:10B7F0006D20737461746963206964656E74697423
:10B8000079206164647265737320737570706F72F0
:10B8100074656400496E76616C696420696E707548
:10B820007420706172616D65746572730046616940
:10B830006C656420746F2072656164207075626C41
:10B84000696320616464726573730052656164208A
:10B8500053746174696320416464726573736573C2
:10B8600020636F6D6D616E64206E6F742061766110
:10B87000696C61626C65004661696C656420746F17
:10B88000207265616420737461746963206164640B
:10B89000726573736573004E6F20737461746963AE
:10B8A000206164647265737365732073746F72656D
:10B8B0006420696E20636F6E74726F6C6C657200C9
:10B8C00043616E27742073657420626F7468204929
:10B8D00044454E544954592026204E52504100555B
:10B8E0006E61626C6520746F207365742069646595
:10B8F0006E74697479206164647265737300556E47
:10B9000061626C6520746F207365742072616E646F
:10B910006F6D20616464726573730062745F696443
:10B9200000546F6F20626967206164766572746984
:10B9300073696E672064617461004661696C656457
:10B9400020746F2073746172742061647665727400
:10B9500069736572004661696C656420746F207359
:10B96000746F70206164766572746973696E673A8A
:10B9700020256400436F6E74726F6C6C6572206377
:10B98000616E6E6F7420726573756D6520636F6E86
:10B990006E65637461626C6520616476657274695A
:10B9A00073696E6720282564290062745F6164767C
:10B9B000007073615F63727970746F5F696E697430
:10B9C0002829206661696C656420256400707361B4
:10B9D0005F67656E65726174655F72616E646F6DDD
:10B9E0002829206661696C65642025640062745FA3
:10B9F000686F73745F63727970746F004661696C0D
:10BA0000656420726561642072656D6F746520667F
:10BA10006561747572657320282564290046616923
:10BA20006C6564204C45205365742050485920288B
:10BA300025642900556E65787065637465642066B9
:10BA400069727374204C32434150206672616D6597
:10BA500000556E6578706563746564204C324341AF
:10BA60005020636F6E74696E756174696F6E004EFD
:10BA70006F7420656E6F75676820627566666572A3
:10BA800020737061636520666F72204C32434150B1
:10BA9000206461746100556E6578706563746564D7
:10BAA0002041434C20666C61677320283078253034
:10BAB0003278290041434C206C656E206D69736DAE
:10BAC0006174636820282575203E2025752900288B
:10BAD000756E6B6E6F776E29006E6F207472616E7B
:10BAE000736974696F6E20257300496E76616C69A5
:10BAF000642028257529206F6C6420737461746537
:10BB000000636F6E6E202570206661696C6564202D
:10BB1000746F2065737461626C6973682E2052467D
:10BB2000206E6F6973653F006E6F2076616C69648B
:10BB3000202825752920737461746520776173202E
:10BB400073657400696E636F6D70617469626C65B2
:10BB50002068616E646C652025750054696D656FA1
:10BB60007574206469736361726465642E204E6F1E
:10BB700020626C6F636B696E6720696E20737973E6
:10BB800077712E00556E61626C6520746F20616C58
:10BB90006C6F636174652062756666657220776993
:10BBA0007468696E2074696D656F757400636F6E7B
:10BBB0006E2025703A206E6F7420636F6E6E656321
:10BBC00074656400466174616C206572726F7220E6
:10BBD000282564292E20446973636F6E6E65637433
:10BBE000696E6720257000466F756E642076616C03
:10BBF000696420636F6E6E656374696F6E202825BB
:10BC00007029207769746820616464726573732099
:10BC1000257320696E20257320737461746520007C
:10BC200053656E64204C4520706172616D207570A3
:10BC300064617465206661696C6564202865727250
:10BC4000202564290053656E64206175746F204C53
:10BC50004520706172616D20757064617465206645
:10BC600061696C656420286572722025642900640E
:10BC70006973636F6E6E6563746564006469736392
:10BC80006F6E6E6563742D636F6D706C65746500A7
:10BC90007363616E2D6265666F72652D696E69747E
:10BCA000696174696E6700696E6974696174696E4F
:10BCB000672D66696C7465722D6C697374006164BC
:10BCC000762D636F6E6E65637461626C650061648E
:10BCD000762D6469722D636F6E6E65637461626C3C
:10BCE0006500646973636F6E6E656374696E670087
:10BCF00062745F636F6E6E00556E61626C65207476
:10BD00006F20616C6C6F6361746520627566666537
:10BD10007220666F72206F70203078253032780084
:10BD20004E6F20617661696C61626C65204C3243B4
:10BD3000415020636F6E7465787420666F72206363
:10BD40006F6E6E20257000457870656374696E674C
:10BD500020757020746F20256420726566732C2016
:10BD6000676F7420256400616C7265616479206876
:10BD70006176652076696577206F6E202570004CAE
:10BD800032434150206C656E677468206D69736D35
:10BD9000617463682028257520213D2025752900C0
:10BDA000496E76616C6964206964656E74207661A1
:10BDB0006C756520696E204C3243415020504455CB
:10BDC00000546F6F20736D616C6C204C4520636F65
:10BDD0006E6E20706172616D207273700052656AC0
:10BDE000656374696E6720756E6B6E6F776E204C3D
:10BDF000324341502050445520636F6465203078B1
:10BE00002530327800546F6F20736D616C6C204C5C
:10BE100032434150207369676E616C696E672050D0
:10BE2000445500546F6F20736D616C6C204C32432D
:10BE30004150205044552072656365697665640001
:10BE400049676E6F72696E67206461746120666F06
:10BE50007220756E6B6E6F776E206368616E6E65B3
:10BE60006C2049442030782530347800636F6E664A
:10BE700069670062745F6C32636170004E6F2061AD
:10BE80007661696C61626C652041545420636F6E09
:10BE90007465787420666F7220636F6E6E202570F3
:10BEA000004E6F20617661696C61626C652041545F
:10BEB00054206368616E6E656C20666F7220636FDC
:10BEC0006E6E20257000415454204D5455206578E5
:10BED0006365656465642C206D61782025752C2070
:10BEE00077616E74656420257A7500556E61626CA9
:10BEF0006520746F206372656174652055554944EF
:10BF00003A2073697A6520257500556E61626C650B
:10BF100020746F2063726561746520555549443AF9
:10BF20002073697A65202564004154542063686158
:10BF30006E6E656C206E6F7420636F6E6E656374D9
:10BF40006564004572726F72207369676E696E670F
:10BF500020646174610052616E206F7574206F6699
:10BF60002054582062756666657273206F72206374
:10BF70006F6E74657874732E00476F7420657272EB
:10BF80002025642C206E6F742063616C6C696E6771
:10BF90002041545420636200546F6F20736D616CB4
:10BFA0006C20415454205044552072656365697675
:10BFB000656400556E68616E646C6564204154541C
:10BFC00020636F64652030782530327800496E76C2
:10BFD000616C6964206C656E20257520666F722027
:10BFE000636F646520307825303278004E6F74209E
:10BFF000636F6E6E656374656400556E61626C6537
:10C0000020746F2066696E64204154542063686117
:10C010006E6E656C004E6F20415454206368616EF3
:10C020006E656C20666F72204D545520257A750020
:10C030004E6F2070656E64696E67204154542072A3
:10C04000657175657374004154542054696D656F52
:10C05000757420666F722064657669636520257348
:10C060002E20446973636F6E6E656374696E672E0C
:10C070002E2E00446973636F6E6E656374696E671C
:10C08000206661696C6564202865727220256429C8
:10C090000062745F61747400434D414320757064A5
:10C0A000617465206661696C6564202564004E6F6B
:10C0B00020737061636520746F2073746F726520E4
:10C0C0004343432063666700756E61626C6520744C
:10C0D0006F20736176652053433A206E6F2063664C
:10C0E00067206C6566740076616C75655F6C656E63
:10C0F000206F662025752070726F766964656420F4
:10C10000666F72204E554C4C2076616C7565004E02
:10C110006F20737061636520746F2073746F726534
:10C1200020436C69656E7420537570706F7274650E
:10C130006420466561747572657300556E61626C4A
:10C140006520746F20696D706F727420746865204B
:10C150006B657920666F722041455320434D414302
:10C1600020256400434D4143206F706572617469FE
:10C170006F6E20696E6974206661696C6564202544
:10C180006400434D41432066696E697368206661AF
:10C19000696C65642025640052656164206D657476
:10C1A000686F64206E6F7420736574004661696CFB
:10C1B000656420746F2072656164206174747269B3
:10C1C00062757465202570202865727220257A6456
:10C1D0002900496E76616C69642072656164206C27
:10C1E000656E6774683A20257A64004C696E6B202E
:10C1F0006973206E6F7420656E6372797074656404
:10C2000000446576696365206973206E6F742073DE
:10C2100075627363726962656420746F206368611C
:10C220007261637465726973746963004E6F206232
:10C23000756666657220617661696C61626C652005
:10C24000746F2073656E6420696E646963617469DC
:10C250006F6E00434343202570206E6F7420777209
:10C26000697461626C6500534320726573746F7208
:10C270006520696E6469636174696F6E20666169C7
:10C280006C6564004E6F206275666665722061762B
:10C2900061696C61626C6520746F2073656E6420E7
:10C2A0006E6F74696669636174696F6E0062742F82
:10C2B0006363630062745F67617474004E6F206132
:10C2C0007661696C61626C6520534D5020636F6EBE
:10C2D0007465787420666F7220636F6E6E202570AF
:10C2E0000062745F736D7000556E6B6E6F776E20B9
:10C2F00074797065202575004661696C65642074E9
:10C300006F2073656E642028657272202564290091
:10C310004E6F7420656E6F7567682064617461206C
:10C32000666F72206576656E7420686561646572FB
:10C33000004576656E74207061796C6F6164206C65
:10C34000656E677468206973206E6F7420636F7206
:10C350007265637400436F756C646E277420616C42
:10C360006C6F63617465206120627566666572201A
:10C3700061667465722077616974696E6720313017
:10C38000207365636F6E64732E004E6F7420656E4C
:10C390006F75676820737061636520696E206275D0
:10C3A0006666657220257A752F257A75004E6F7442
:10C3B00020656E6F756768206461746120666F72B6
:10C3C0002041434C20686561646572004E6F2061B6
:10C3D0007661696C61626C652041434C20627566D0
:10C3E00066657273210041434C207061796C6F6106
:10C3F00064206C656E677468206973206E6F7420AA
:10C40000636F7272656374004E6F7420656E6F7532
:10C410006768206461746120666F722049534F2001
:10C42000686561646572004E6F20617661696C6158
:10C43000626C652049534F20627566666572732091
:10C4400028257A7529210049534F207061796C6F36
:10C450006164206C656E677468206973206E6F7408
:10C4600020636F727265637400556E6B6E6F776ECA
:10C470002048434920747970652025750048434958
:10C48000207472616E73706F72742073657475704E
:10C49000206661696C656420776974683A20256458
:10C4A0000A00495043207365727669636520696E9E
:10C4B0007374616E636520696E697469616C697A11
:10C4C0006174696F6E206661696C65643A202564E9
:10C4D0000A005265676973746572696E6720656EDC
:10C4E00064706F696E74206661696C656420776939
:10C4F000746820256400456E64706F696E742062F4
:10C50000696E64696E67206661696C65642077692D
:10C510007468202564004465726567697374657288
:10C52000696E672048434920656E64706F696E7458
:10C53000206661696C656420776974683A202564B7
:10C5400000436C6F73696E672049504320736572B6
:10C5500076696365206661696C65642077697468D3
:10C560003A20256400484349207472616E73706FED
:10C5700072742074656172646F776E206661696C95
:10C58000656420776974683A2025640062745F6886
:10C5900063695F69706330006E72665F62745F68C2
:10C5A00063690062745F6863695F6472697665726B
:10C5B0000062745F6863695F6E726635335F7375BE
:10C5C00070706F727400636C6F636B403530303025
:10C5D000006866636C6B006C66636C6B0068666316
:10C5E0006C6B3139326D006866636C6B61756469C0
:10C5F0006F00636C6F636B5F636F6E74726F6C0060
:10C60000656E74726F70795F62745F6863690063EE
:10C61000727970746F4035303834343030300067A0
:10C6200070696F40383432383030006770696F405D
:10C630003834323530300074785F6D61736B20743C
:10C640006F6F2062696720286F72204950435F43F3
:10C650004F4E465F4E554D20746F6F20736D616C69
:10C660006C290072785F6D61736B20746F6F20624C
:10C67000696720286F72204950435F434F4E465FE1
:10C680004E554D20746F6F20736D616C6C290045A1
:10C690006E61626C696E67206368616E6E656C20A6
:10C6A000776974686F757420612072656769737447
:10C6B000657265642063616C6C6261636B0A005330
:10C6C000656E64696E672064617461206E6F7420AA
:10C6D000737570706F72746564005258206576656A
:10C6E0006E74206F6E20696C6C6567616C20636886
:10C6F000616E6E656C005258206576656E74206FB1
:10C700006E2064697361626C6564206368616E6E3B
:10C71000656C006D626F78403261303030006D6260
:10C720006F785F6E7266785F697063000001020364
:10C73000040506070B4661696C656420746F206907
:10C740006E697469616C697A652064657669636590
:10C750003A20257300496E76616C696420636861D4
:10C760006E6E656C3A2025752E00496E636F6D7094
:10C77000617469626C6520706572696F642E005027
:10C7800072657363616C657220666F72207065728A
:10C79000696F645F6379636C6573202575206E6FC4
:10C7A0007420666F756E642E0070776D4032313084
:10C7B00030300070776D5F6E726678004661696C2C
:10C7C000656420746F20616C6C6F636174652050C8
:10C7D0005049204368616E6E656C007561727440EB
:10C7E0003830303000756172745F6E7266785F75D4
:10C7F00061727465004661696C656420746F2061C4
:10C800006C6C6F63617465204750494F54452063D9
:10C8100068616E6E656C20666F722057414B4500F3
:10C820004661696C656420746F20636F6E6669672A
:10C830007572652057414B452070696E0043532047
:10C840004750494F20706F72742025732070696EB5
:10C85000202564206973206E6F742072656164798D
:10C860000055706461746520657863656564732044
:10C8700063757272656E74206275666665720048D3
:10C88000616C662D6475706C6578206E6F742073B2
:10C890007570706F7274656400536C617665206D9D
:10C8A0006F6465206973206E6F7420737570706F8C
:10C8B00072746564206F6E202573004C6F6F706218
:10C8C00061636B206D6F6465206973206E6F7420E7
:10C8D000737570706F7274656400576F7264207343
:10C8E000697A6573206F74686572207468616E2060
:10C8F00038206269747320617265206E6F742073D2
:10C900007570706F72746564004672657175656EDE
:10C9100063696573206C6F776572207468616E203F
:10C92000313235206B487A20617265206E6F742039
:10C93000737570706F72746564004661696C6564CC
:10C9400020746F20696E697469616C697A65206E04
:10C95000726678206472697665723A20253038787C
:10C960000057616974696E6720666F722057414B8A
:10C97000452061636B6E6F776C6564676D656E747F
:10C980002074696D6564206F75740054696D656FFE
:10C9900075742077616974696E6720666F722074A0
:10C9A00072616E7366657220636F6D706C6574651D
:10C9B000007370694039303030007370695F6E7297
:10C9C00066785F7370696D0000000001010100006E
:10C9D000010000000C04241C0020303030303030C6
:10C9E00030303030303030300001756E726567693C
:10C9F000737465726564202573206275730A00671D
:10CA0000656E65726963006D6574616C3A20656D71
:10CA1000657267656E63793A20006D6574616C3A82
:10CA200020616C6572743A2020202020006D6574AE
:10CA3000616C3A20637269746963616C3A2020000A
:10CA40006D6574616C3A206572726F723A202020B5
:10CA50002020006D6574616C3A207761726E696E9A
:10CA6000673A202020006D6574616C3A206E6F7407
:10CA70006963653A20202020006D6574616C3A205E
:10CA8000696E666F3A202020202020006D65746159
:10CA90006C3A2064656275673A20202020200025CA
:10CAA000733A2066726565696E67206E6F6E2D65DC
:10CAB0006D707479207669727471756575650D0A8B
:10CAC00000756E657870656374656420627566666E
:10CAD00065722068656C6420636F756E7465720D95
:10CAE0000A0072785F76710074785F7671004E5339
:10CAF0000048616C74696E672073797374656D00AA
:10CB0000556E6B6E6F776E206572726F72003E3E6F
:10CB10003E205A455048595220464154414C2045E8
:10CB200052524F522025643A202573206F6E2043C5
:10CB30005055202564004661756C742064757269D7
:10CB40006E6720696E746572727570742068616EAC
:10CB5000646C696E670A0043757272656E74207446
:10CB600068726561643A2025702028257329004386
:10CB7000505520657863657074696F6E00556E68F6
:10CB8000616E646C656420696E7465727275707430
:10CB900000537461636B206F766572666C6F77000B
:10CBA0004B65726E656C206F6F7073004B65726EB3
:10CBB000656C2070616E69630069646C65006D610D
:10CBC000696E006F7300737973776F726B71001405
:10CBD0001400001C2030401C2000001C20304000AD
:10CBE0004040400000404080808080000090886885
:10CBF00048141400001C2030401C2000001C203071
:10CC0000400040286E756C6C29002A666C6F617458
:10CC10002A000000000000000000000000000000EA
:10CC20000000000000000000000000000000000004
:10CC300000000000000000000000000000000000F4
:10CC400000000000000000000000000000000000E4
:10CC500000000000000000000000000000000000D4
:10CC600000000000000000000000000000000000C4
:10CC700000000000000000000000000000000000B4
:10CC800000000000000000000000000000000000A4
:10CC90000000000000000000000000000000000094
:10CCA0000000000000000000000000000000000084
:10CCB0000000000000000000000000000000000074
:10CCC0000000000000000000000000000000000064
:10CCD000000000000000000000000000855C000073
:10CCE0000000000000000000000000000000000044
:10CCF0000000000000000000000000000000000034
:10CD00000000000000000000000000000000000023
:10CD10000000000000000000000000000000000013
:10CD20000000000000000000000000000000000003
:10CD300000000000000000000000000000000000F3
:10CD400000000000000000000000000000000000E3
:10CD500000000000000000000000000000000000D3
:10CD600000000000000000000000000000000000C3
:10CD700000000000000000000000000000000000B3
:10CD8000C0940100E894010040420F00040100003B
:10CD9000349401000C0001000000000000000000BD
:10CDA00001000000A0000000F000000000000000F2
:10CDB000F11200002113000000000000000000003C
:10CDC000000000000000000081120000A11200001D
:10CDD00000000000D745010000000000000007200F
:10CDE00000000100989401000000000098940100E8
:10CDF0000100000002000000000000000000000030
:10CE000000020000EB5001005C9A010000000000ED
:10CE100018A9010000000C00000000000000000044
:10CE200000000000B1310000000000000000000020
:10CE30003AA9010000001000500600203A0000004E
:10CE40003C0600203A000000140600203A000000D2
:10CE5000280600203A000000640600203A00000086
:10CE6000000600203A000000780600203A0000008A
:10CE7000000000008B5401000000000000000000D2
:10CE800000000000795901000000000000000000CF
:10CE900000000000994A00000000000000000000AF
:10CEA000000000000173000000000000000000000E
:10CEB00000000000356C00000000000000000000D1
:10CEC000AC020020AC0200200000000000000000C6
:10CED000857E0000C98D00000000000000000000F9
:10CEE0000000000049850000E764010019640100AA
:10CEF000797E00000000000030A301000000020065
:10CF00003CA3010000000A004CA301000000200027
:10CF10000000000000000000000000000000000011
:10CF2000F36901000000000060A30100000002009E
:10CF30006CA301000000020078A3010000000200C1
:10CF400000000000000000000000000098C5010083
:10CF500000000000F56B0100AD9E00000000000025
:10CF6000C094010050030020500300200000000086
:10CF7000010000006003002060030020AC94010069
:10CF8000FFFF0000FFFF00000000000000000000A5
:10CF90003CA0010001000000840300208403002065
:10CFA0000000000001000000940300209403002012
:10CFB0009C0300209C0300200000000001000000F2
:10CFC000AC030020AC0300200000000000000000C3
:10CFD0000000000000000000000000000000000051
:10CFE000000000000000000000000000E8940100C4
:10CFF0000000000000000000D1320020C9320020F3
:10D000000090D0030070015000000000FFFFFFFF00
:10D010003F000000FFFFFFFF3F0000000000000096
:10D020000000000000000000000000000000000000
:10D0300000000000000000000000000000000000F0
:10D0400000000000000000000000000000000000E0
:10D0500000000000000000000000000000000000D0
:10D0600000000000000000000000000000000000C0
:10D0700000000000000000000000000000000000B0
:10D080000000000000000000000000000800000098
:10D09000FF0000000000000003000000000000008E
:10D0A000FFC901000000000039D1000000000000AD
:10D0B0000000000000000000000000000000000070
:10D0C000000000000000000000000000B804002084
:10D0D000B80400202D8A0100298A0100E591010091
:10D0E00095040100890401007D0401000000000096
:10D0F000E50401001C050020140500200C0500209B
:10D100000000000004050020B50601000106010032
:10D11000350601007D060100042900203A00003A8E
:10D12000082900203A00003A0C2900203A00003A71
:10D13000102900203A00003A582E00203005002027
:10D14000F0040020E8040020E4040020E0040020B3
:10D1500006000000000000000000000000000000C9
:07D1600000000000000000C8
:10D1680000000000000000000000000000000000B7
:10D1780000000000000000000000000000000000A7
:10D188000000000000000000000000000000000097
:10D198000000000000000000000000000000000087
:10D1A800000000009805002098050020A8790020BC
:10D1B80000000000010000002C000000000000003A
:10D1C800B4050020B40500209847002000000000A6
:10D1D80001000000B000000000000000D0050020A1
:10D1E800D0050020D47900200000000003000000D2
:10D1F800100000000000000000000000885D002012
:10D2080000100000000000000000000000060020E0
:10D218000006002000000000000000000E000000D2
:10D228001406002014060020000000000000000082
:10D238000E0000002806002028060020000000003C
:10D24800000000000E0000003C0600203C06002004
:10D2580000000000000000000E0000005006002042
:10D268005006002000000000000000000E00000032
:10D278006406002064060020000000000000000092
:10D288000E0000007806002078060020000000004C
:10D29800000000000E0000008C0600208C06002014
:10D2A80000000000010000009C0600209C060020F1
:10D2B800A4060020A406002000000000FFFFFFFFD6
:10D2C800B4060020B40600200000000000000000A2
:10D2D800C4060020C4060020CC060020CC0600208E
:10D2E8000000000000000000DC060020DC06002032
:10D2F800E4060020E4060020020002000600000008
:10D30800DF560100949B0100A87100200000000076
:10D318000000000008070020080700201007002070
:10D3280010070020030003001000000000000000A8
:10D33800B89C0100507800200000000000000000A8
:10D3480034070020340700203C0700203C07002059
:10D3580003000300100000003D840000609D0100F0
:10D368003079002000000000000000006007002065
:10D3780060070020680700206807002003000300FA
:10D388000100000000000000A49B0100747200204E
:10D3980000000000000000008C0700208C0700201F
:10D3A80094070020940700200A000A0001000000EA
:10D3B8001F570100849B01005070002000000000EE
:10D3C80000000000B8070020B8070020C0070020B0
:10D3D800C00700200100010010000000B16B000030
:10D3E800A89C0100C8770020000000000000000091
:10D3F800E4070020E4070020EC070020EC070020E9
:10D408000A000A000100000000000000749C0100EE
:10D41800B076002000000000000000001008002086
:10D42800100800201808002018080020010001003A
:10D438000100000000000000B49B0100CC73002034
:04D4480015E015E0F6
:00000001FF
